2026-05-01 00:17:59 | INFO     | main | ────────────────────────────────────────────────────────────
2026-05-01 00:17:59 | INFO     | main |   GTZAN Genre Classification — Full Pipeline
2026-05-01 00:17:59 | INFO     | main | ────────────────────────────────────────────────────────────
2026-05-01 00:17:59 | INFO     | main | Run directory: /home/keerthanss/Projects/CMPE257ML/final/scripts/outputs/runs/2026-05-01_00-17-59_knn
2026-05-01 00:17:59 | INFO     | main | Models selected: ['KNN']
2026-05-01 00:17:59 | INFO     | main | Skipping EDA (--skip-eda)
2026-05-01 00:17:59 | INFO     | main | ────────────────────────────────────────────────────────────
2026-05-01 00:17:59 | INFO     | main |   Stage 2 — Feature Extraction (original tracks)
2026-05-01 00:17:59 | INFO     | main | ────────────────────────────────────────────────────────────
2026-05-01 00:17:59 | INFO     | main | Valid tracks: 999
2026-05-01 00:17:59 | INFO     | features | → extract_all_features started
2026-05-01 00:17:59 | INFO     | features | Cache hit: /home/keerthanss/Projects/CMPE257ML/final/scripts/outputs/cache/features.csv (use --force to recompute)
2026-05-01 00:17:59 | INFO     | features |   999 samples, 166 features
2026-05-01 00:17:59 | INFO     | features | ✓ extract_all_features finished in 0.0s
2026-05-01 00:17:59 | INFO     | main | ────────────────────────────────────────────────────────────
2026-05-01 00:17:59 | INFO     | main |   Stage 3 — Train/Test Split
2026-05-01 00:17:59 | INFO     | main | ────────────────────────────────────────────────────────────
2026-05-01 00:17:59 | INFO     | main | Training tracks (for augmentation): 799
2026-05-01 00:17:59 | INFO     | main | ────────────────────────────────────────────────────────────
2026-05-01 00:17:59 | INFO     | main |   Stage 4 — Augmented Feature Extraction
2026-05-01 00:17:59 | INFO     | main | ────────────────────────────────────────────────────────────
2026-05-01 00:17:59 | INFO     | features | → extract_augmented_features started
2026-05-01 00:17:59 | INFO     | features | Cache hit: /home/keerthanss/Projects/CMPE257ML/final/scripts/outputs/cache/augmented_features.csv (use --force to recompute)
2026-05-01 00:17:59 | INFO     | features |   1598 augmented samples
2026-05-01 00:17:59 | INFO     | features | ✓ extract_augmented_features finished in 0.0s
2026-05-01 00:17:59 | INFO     | main | ────────────────────────────────────────────────────────────
2026-05-01 00:17:59 | INFO     | main |   Stage 5 — Cross-Validation & Grid Search
2026-05-01 00:17:59 | INFO     | main | ────────────────────────────────────────────────────────────
2026-05-01 00:17:59 | INFO     | cross_validation | ────────────────────────────────────────────────────────────
2026-05-01 00:17:59 | INFO     | cross_validation |   Loading cached features and splitting data
2026-05-01 00:17:59 | INFO     | cross_validation | ────────────────────────────────────────────────────────────
2026-05-01 00:17:59 | INFO     | cross_validation | Loaded features: 999 original, 1598 augmented samples
2026-05-01 00:17:59 | INFO     | cross_validation | Feature columns: 166
2026-05-01 00:17:59 | INFO     | cross_validation | Train split saved → /home/keerthanss/Projects/CMPE257ML/final/scripts/outputs/runs/2026-05-01_00-17-59_knn/splits/train.csv  (799 samples)
2026-05-01 00:17:59 | INFO     | cross_validation | Test split saved  → /home/keerthanss/Projects/CMPE257ML/final/scripts/outputs/runs/2026-05-01_00-17-59_knn/splits/test.csv   (200 samples)
2026-05-01 00:17:59 | INFO     | cross_validation | Classes: ['blues', 'classical', 'country', 'disco', 'hiphop', 'jazz', 'metal', 'pop', 'reggae', 'rock']
2026-05-01 00:17:59 | INFO     | main | Total experiment configs: 8 (1 models × 4 spaces × 2 aug modes)
2026-05-01 00:17:59 | INFO     | main | ────────────────────────────────────────────────────────────
2026-05-01 00:17:59 | INFO     | main |   KNN [raw, aug]
2026-05-01 00:17:59 | INFO     | main | ────────────────────────────────────────────────────────────
2026-05-01 00:17:59 | INFO     | cross_validation | → grid_search_cv started
2026-05-01 00:17:59 | INFO     | cross_validation | Grid search: 20 parameter combinations × 5 folds
2026-05-01 00:17:59 | INFO     | cross_validation |   Combo 1/20: {'n_neighbors': 1}
2026-05-01 00:17:59 | DEBUG    | reduction | Scaler fitted on 639 samples, 166 features
2026-05-01 00:17:59 | INFO     | cross_validation |   Fold 1/5: train=1917 (orig=639, aug=1278), val=160, acc=61.25%  [0.1s]
2026-05-01 00:17:59 | DEBUG    | reduction | Scaler fitted on 639 samples, 166 features
2026-05-01 00:17:59 | INFO     | cross_validation |   Fold 2/5: train=1917 (orig=639, aug=1278), val=160, acc=65.00%  [0.0s]
2026-05-01 00:17:59 | DEBUG    | reduction | Scaler fitted on 639 samples, 166 features
2026-05-01 00:17:59 | INFO     | cross_validation |   Fold 3/5: train=1917 (orig=639, aug=1278), val=160, acc=63.12%  [0.0s]
2026-05-01 00:17:59 | DEBUG    | reduction | Scaler fitted on 639 samples, 166 features
2026-05-01 00:17:59 | INFO     | cross_validation |   Fold 4/5: train=1917 (orig=639, aug=1278), val=160, acc=62.50%  [0.0s]
2026-05-01 00:17:59 | DEBUG    | reduction | Scaler fitted on 640 samples, 166 features
2026-05-01 00:17:59 | INFO     | cross_validation |   Fold 5/5: train=1920 (orig=640, aug=1280), val=159, acc=61.01%  [0.0s]
2026-05-01 00:17:59 | INFO     | cross_validation |   CV result: 62.58% ± 1.44%
2026-05-01 00:17:59 | INFO     | cross_validation |   Combo 2/20: {'n_neighbors': 2}
2026-05-01 00:17:59 | DEBUG    | reduction | Scaler fitted on 639 samples, 166 features
2026-05-01 00:17:59 | INFO     | cross_validation |   Fold 1/5: train=1917 (orig=639, aug=1278), val=160, acc=64.38%  [0.0s]
2026-05-01 00:17:59 | DEBUG    | reduction | Scaler fitted on 639 samples, 166 features
2026-05-01 00:17:59 | INFO     | cross_validation |   Fold 2/5: train=1917 (orig=639, aug=1278), val=160, acc=63.75%  [0.0s]
2026-05-01 00:17:59 | DEBUG    | reduction | Scaler fitted on 639 samples, 166 features
2026-05-01 00:17:59 | INFO     | cross_validation |   Fold 3/5: train=1917 (orig=639, aug=1278), val=160, acc=65.62%  [0.0s]
2026-05-01 00:17:59 | DEBUG    | reduction | Scaler fitted on 639 samples, 166 features
2026-05-01 00:17:59 | INFO     | cross_validation |   Fold 4/5: train=1917 (orig=639, aug=1278), val=160, acc=64.38%  [0.0s]
2026-05-01 00:17:59 | DEBUG    | reduction | Scaler fitted on 640 samples, 166 features
2026-05-01 00:17:59 | INFO     | cross_validation |   Fold 5/5: train=1920 (orig=640, aug=1280), val=159, acc=58.49%  [0.0s]
2026-05-01 00:17:59 | INFO     | cross_validation |   CV result: 63.32% ± 2.49%
2026-05-01 00:17:59 | INFO     | cross_validation |   Combo 3/20: {'n_neighbors': 3}
2026-05-01 00:17:59 | DEBUG    | reduction | Scaler fitted on 639 samples, 166 features
2026-05-01 00:17:59 | INFO     | cross_validation |   Fold 1/5: train=1917 (orig=639, aug=1278), val=160, acc=62.50%  [0.0s]
2026-05-01 00:17:59 | DEBUG    | reduction | Scaler fitted on 639 samples, 166 features
2026-05-01 00:17:59 | INFO     | cross_validation |   Fold 2/5: train=1917 (orig=639, aug=1278), val=160, acc=63.75%  [0.0s]
2026-05-01 00:17:59 | DEBUG    | reduction | Scaler fitted on 639 samples, 166 features
2026-05-01 00:17:59 | INFO     | cross_validation |   Fold 3/5: train=1917 (orig=639, aug=1278), val=160, acc=70.62%  [0.0s]
2026-05-01 00:17:59 | DEBUG    | reduction | Scaler fitted on 639 samples, 166 features
2026-05-01 00:17:59 | INFO     | cross_validation |   Fold 4/5: train=1917 (orig=639, aug=1278), val=160, acc=59.38%  [0.0s]
2026-05-01 00:17:59 | DEBUG    | reduction | Scaler fitted on 640 samples, 166 features
2026-05-01 00:17:59 | INFO     | cross_validation |   Fold 5/5: train=1920 (orig=640, aug=1280), val=159, acc=59.12%  [0.0s]
2026-05-01 00:17:59 | INFO     | cross_validation |   CV result: 63.07% ± 4.17%
2026-05-01 00:17:59 | INFO     | cross_validation |   Combo 4/20: {'n_neighbors': 4}
2026-05-01 00:17:59 | DEBUG    | reduction | Scaler fitted on 639 samples, 166 features
2026-05-01 00:17:59 | INFO     | cross_validation |   Fold 1/5: train=1917 (orig=639, aug=1278), val=160, acc=58.75%  [0.0s]
2026-05-01 00:17:59 | DEBUG    | reduction | Scaler fitted on 639 samples, 166 features
2026-05-01 00:17:59 | INFO     | cross_validation |   Fold 2/5: train=1917 (orig=639, aug=1278), val=160, acc=65.00%  [0.0s]
2026-05-01 00:17:59 | DEBUG    | reduction | Scaler fitted on 639 samples, 166 features
2026-05-01 00:17:59 | INFO     | cross_validation |   Fold 3/5: train=1917 (orig=639, aug=1278), val=160, acc=66.25%  [0.0s]
2026-05-01 00:17:59 | DEBUG    | reduction | Scaler fitted on 639 samples, 166 features
2026-05-01 00:17:59 | INFO     | cross_validation |   Fold 4/5: train=1917 (orig=639, aug=1278), val=160, acc=61.25%  [0.0s]
2026-05-01 00:17:59 | DEBUG    | reduction | Scaler fitted on 640 samples, 166 features
2026-05-01 00:17:59 | INFO     | cross_validation |   Fold 5/5: train=1920 (orig=640, aug=1280), val=159, acc=62.26%  [0.0s]
2026-05-01 00:17:59 | INFO     | cross_validation |   CV result: 62.70% ± 2.68%
2026-05-01 00:17:59 | INFO     | cross_validation |   Combo 5/20: {'n_neighbors': 5}
2026-05-01 00:17:59 | DEBUG    | reduction | Scaler fitted on 639 samples, 166 features
2026-05-01 00:17:59 | INFO     | cross_validation |   Fold 1/5: train=1917 (orig=639, aug=1278), val=160, acc=61.25%  [0.0s]
2026-05-01 00:17:59 | DEBUG    | reduction | Scaler fitted on 639 samples, 166 features
2026-05-01 00:17:59 | INFO     | cross_validation |   Fold 2/5: train=1917 (orig=639, aug=1278), val=160, acc=63.75%  [0.0s]
2026-05-01 00:17:59 | DEBUG    | reduction | Scaler fitted on 639 samples, 166 features
2026-05-01 00:17:59 | INFO     | cross_validation |   Fold 3/5: train=1917 (orig=639, aug=1278), val=160, acc=64.38%  [0.0s]
2026-05-01 00:17:59 | DEBUG    | reduction | Scaler fitted on 639 samples, 166 features
2026-05-01 00:17:59 | INFO     | cross_validation |   Fold 4/5: train=1917 (orig=639, aug=1278), val=160, acc=61.88%  [0.0s]
2026-05-01 00:17:59 | DEBUG    | reduction | Scaler fitted on 640 samples, 166 features
2026-05-01 00:17:59 | INFO     | cross_validation |   Fold 5/5: train=1920 (orig=640, aug=1280), val=159, acc=64.15%  [0.0s]
2026-05-01 00:17:59 | INFO     | cross_validation |   CV result: 63.08% ± 1.27%
2026-05-01 00:17:59 | INFO     | cross_validation |   Combo 6/20: {'n_neighbors': 6}
2026-05-01 00:17:59 | DEBUG    | reduction | Scaler fitted on 639 samples, 166 features
2026-05-01 00:18:00 | INFO     | cross_validation |   Fold 1/5: train=1917 (orig=639, aug=1278), val=160, acc=64.38%  [0.0s]
2026-05-01 00:18:00 | DEBUG    | reduction | Scaler fitted on 639 samples, 166 features
2026-05-01 00:18:00 | INFO     | cross_validation |   Fold 2/5: train=1917 (orig=639, aug=1278), val=160, acc=64.38%  [0.0s]
2026-05-01 00:18:00 | DEBUG    | reduction | Scaler fitted on 639 samples, 166 features
2026-05-01 00:18:00 | INFO     | cross_validation |   Fold 3/5: train=1917 (orig=639, aug=1278), val=160, acc=70.00%  [0.0s]
2026-05-01 00:18:00 | DEBUG    | reduction | Scaler fitted on 639 samples, 166 features
2026-05-01 00:18:00 | INFO     | cross_validation |   Fold 4/5: train=1917 (orig=639, aug=1278), val=160, acc=60.00%  [0.0s]
2026-05-01 00:18:00 | DEBUG    | reduction | Scaler fitted on 640 samples, 166 features
2026-05-01 00:18:00 | INFO     | cross_validation |   Fold 5/5: train=1920 (orig=640, aug=1280), val=159, acc=61.01%  [0.0s]
2026-05-01 00:18:00 | INFO     | cross_validation |   CV result: 63.95% ± 3.50%
2026-05-01 00:18:00 | INFO     | cross_validation |   Combo 7/20: {'n_neighbors': 7}
2026-05-01 00:18:00 | DEBUG    | reduction | Scaler fitted on 639 samples, 166 features
2026-05-01 00:18:00 | INFO     | cross_validation |   Fold 1/5: train=1917 (orig=639, aug=1278), val=160, acc=64.38%  [0.0s]
2026-05-01 00:18:00 | DEBUG    | reduction | Scaler fitted on 639 samples, 166 features
2026-05-01 00:18:00 | INFO     | cross_validation |   Fold 2/5: train=1917 (orig=639, aug=1278), val=160, acc=64.38%  [0.0s]
2026-05-01 00:18:00 | DEBUG    | reduction | Scaler fitted on 639 samples, 166 features
2026-05-01 00:18:00 | INFO     | cross_validation |   Fold 3/5: train=1917 (orig=639, aug=1278), val=160, acc=66.88%  [0.0s]
2026-05-01 00:18:00 | DEBUG    | reduction | Scaler fitted on 639 samples, 166 features
2026-05-01 00:18:00 | INFO     | cross_validation |   Fold 4/5: train=1917 (orig=639, aug=1278), val=160, acc=58.75%  [0.0s]
2026-05-01 00:18:00 | DEBUG    | reduction | Scaler fitted on 640 samples, 166 features
2026-05-01 00:18:00 | INFO     | cross_validation |   Fold 5/5: train=1920 (orig=640, aug=1280), val=159, acc=62.89%  [0.0s]
2026-05-01 00:18:00 | INFO     | cross_validation |   CV result: 63.45% ± 2.68%
2026-05-01 00:18:00 | INFO     | cross_validation |   Combo 8/20: {'n_neighbors': 8}
2026-05-01 00:18:00 | DEBUG    | reduction | Scaler fitted on 639 samples, 166 features
2026-05-01 00:18:00 | INFO     | cross_validation |   Fold 1/5: train=1917 (orig=639, aug=1278), val=160, acc=64.38%  [0.0s]
2026-05-01 00:18:00 | DEBUG    | reduction | Scaler fitted on 639 samples, 166 features
2026-05-01 00:18:00 | INFO     | cross_validation |   Fold 2/5: train=1917 (orig=639, aug=1278), val=160, acc=67.50%  [0.0s]
2026-05-01 00:18:00 | DEBUG    | reduction | Scaler fitted on 639 samples, 166 features
2026-05-01 00:18:00 | INFO     | cross_validation |   Fold 3/5: train=1917 (orig=639, aug=1278), val=160, acc=68.75%  [0.0s]
2026-05-01 00:18:00 | DEBUG    | reduction | Scaler fitted on 639 samples, 166 features
2026-05-01 00:18:00 | INFO     | cross_validation |   Fold 4/5: train=1917 (orig=639, aug=1278), val=160, acc=59.38%  [0.0s]
2026-05-01 00:18:00 | DEBUG    | reduction | Scaler fitted on 640 samples, 166 features
2026-05-01 00:18:00 | INFO     | cross_validation |   Fold 5/5: train=1920 (orig=640, aug=1280), val=159, acc=62.89%  [0.0s]
2026-05-01 00:18:00 | INFO     | cross_validation |   CV result: 64.58% ± 3.34%
2026-05-01 00:18:00 | INFO     | cross_validation |   Combo 9/20: {'n_neighbors': 9}
2026-05-01 00:18:00 | DEBUG    | reduction | Scaler fitted on 639 samples, 166 features
2026-05-01 00:18:00 | INFO     | cross_validation |   Fold 1/5: train=1917 (orig=639, aug=1278), val=160, acc=63.12%  [0.0s]
2026-05-01 00:18:00 | DEBUG    | reduction | Scaler fitted on 639 samples, 166 features
2026-05-01 00:18:00 | INFO     | cross_validation |   Fold 2/5: train=1917 (orig=639, aug=1278), val=160, acc=68.75%  [0.0s]
2026-05-01 00:18:00 | DEBUG    | reduction | Scaler fitted on 639 samples, 166 features
2026-05-01 00:18:00 | INFO     | cross_validation |   Fold 3/5: train=1917 (orig=639, aug=1278), val=160, acc=65.62%  [0.0s]
2026-05-01 00:18:00 | DEBUG    | reduction | Scaler fitted on 639 samples, 166 features
2026-05-01 00:18:00 | INFO     | cross_validation |   Fold 4/5: train=1917 (orig=639, aug=1278), val=160, acc=58.75%  [0.0s]
2026-05-01 00:18:00 | DEBUG    | reduction | Scaler fitted on 640 samples, 166 features
2026-05-01 00:18:00 | INFO     | cross_validation |   Fold 5/5: train=1920 (orig=640, aug=1280), val=159, acc=59.75%  [0.0s]
2026-05-01 00:18:00 | INFO     | cross_validation |   CV result: 63.20% ± 3.70%
2026-05-01 00:18:00 | INFO     | cross_validation |   Combo 10/20: {'n_neighbors': 10}
2026-05-01 00:18:00 | DEBUG    | reduction | Scaler fitted on 639 samples, 166 features
2026-05-01 00:18:00 | INFO     | cross_validation |   Fold 1/5: train=1917 (orig=639, aug=1278), val=160, acc=62.50%  [0.0s]
2026-05-01 00:18:00 | DEBUG    | reduction | Scaler fitted on 639 samples, 166 features
2026-05-01 00:18:00 | INFO     | cross_validation |   Fold 2/5: train=1917 (orig=639, aug=1278), val=160, acc=66.88%  [0.0s]
2026-05-01 00:18:00 | DEBUG    | reduction | Scaler fitted on 639 samples, 166 features
2026-05-01 00:18:00 | INFO     | cross_validation |   Fold 3/5: train=1917 (orig=639, aug=1278), val=160, acc=67.50%  [0.0s]
2026-05-01 00:18:00 | DEBUG    | reduction | Scaler fitted on 639 samples, 166 features
2026-05-01 00:18:00 | INFO     | cross_validation |   Fold 4/5: train=1917 (orig=639, aug=1278), val=160, acc=58.75%  [0.0s]
2026-05-01 00:18:00 | DEBUG    | reduction | Scaler fitted on 640 samples, 166 features
2026-05-01 00:18:00 | INFO     | cross_validation |   Fold 5/5: train=1920 (orig=640, aug=1280), val=159, acc=60.38%  [0.0s]
2026-05-01 00:18:00 | INFO     | cross_validation |   CV result: 63.20% ± 3.47%
2026-05-01 00:18:00 | INFO     | cross_validation |   Combo 11/20: {'n_neighbors': 11}
2026-05-01 00:18:00 | DEBUG    | reduction | Scaler fitted on 639 samples, 166 features
2026-05-01 00:18:00 | INFO     | cross_validation |   Fold 1/5: train=1917 (orig=639, aug=1278), val=160, acc=60.62%  [0.0s]
2026-05-01 00:18:00 | DEBUG    | reduction | Scaler fitted on 639 samples, 166 features
2026-05-01 00:18:00 | INFO     | cross_validation |   Fold 2/5: train=1917 (orig=639, aug=1278), val=160, acc=66.88%  [0.0s]
2026-05-01 00:18:00 | DEBUG    | reduction | Scaler fitted on 639 samples, 166 features
2026-05-01 00:18:00 | INFO     | cross_validation |   Fold 3/5: train=1917 (orig=639, aug=1278), val=160, acc=66.88%  [0.0s]
2026-05-01 00:18:00 | DEBUG    | reduction | Scaler fitted on 639 samples, 166 features
2026-05-01 00:18:00 | INFO     | cross_validation |   Fold 4/5: train=1917 (orig=639, aug=1278), val=160, acc=58.13%  [0.0s]
2026-05-01 00:18:00 | DEBUG    | reduction | Scaler fitted on 640 samples, 166 features
2026-05-01 00:18:00 | INFO     | cross_validation |   Fold 5/5: train=1920 (orig=640, aug=1280), val=159, acc=65.41%  [0.0s]
2026-05-01 00:18:00 | INFO     | cross_validation |   CV result: 63.58% ± 3.57%
2026-05-01 00:18:00 | INFO     | cross_validation |   Combo 12/20: {'n_neighbors': 12}
2026-05-01 00:18:00 | DEBUG    | reduction | Scaler fitted on 639 samples, 166 features
2026-05-01 00:18:00 | INFO     | cross_validation |   Fold 1/5: train=1917 (orig=639, aug=1278), val=160, acc=64.38%  [0.0s]
2026-05-01 00:18:00 | DEBUG    | reduction | Scaler fitted on 639 samples, 166 features
2026-05-01 00:18:00 | INFO     | cross_validation |   Fold 2/5: train=1917 (orig=639, aug=1278), val=160, acc=65.62%  [0.0s]
2026-05-01 00:18:00 | DEBUG    | reduction | Scaler fitted on 639 samples, 166 features
2026-05-01 00:18:00 | INFO     | cross_validation |   Fold 3/5: train=1917 (orig=639, aug=1278), val=160, acc=68.12%  [0.0s]
2026-05-01 00:18:00 | DEBUG    | reduction | Scaler fitted on 639 samples, 166 features
2026-05-01 00:18:00 | INFO     | cross_validation |   Fold 4/5: train=1917 (orig=639, aug=1278), val=160, acc=58.13%  [0.0s]
2026-05-01 00:18:00 | DEBUG    | reduction | Scaler fitted on 640 samples, 166 features
2026-05-01 00:18:00 | INFO     | cross_validation |   Fold 5/5: train=1920 (orig=640, aug=1280), val=159, acc=67.30%  [0.0s]
2026-05-01 00:18:00 | INFO     | cross_validation |   CV result: 64.71% ± 3.54%
2026-05-01 00:18:00 | INFO     | cross_validation |   Combo 13/20: {'n_neighbors': 13}
2026-05-01 00:18:00 | DEBUG    | reduction | Scaler fitted on 639 samples, 166 features
2026-05-01 00:18:00 | INFO     | cross_validation |   Fold 1/5: train=1917 (orig=639, aug=1278), val=160, acc=61.88%  [0.0s]
2026-05-01 00:18:00 | DEBUG    | reduction | Scaler fitted on 639 samples, 166 features
2026-05-01 00:18:00 | INFO     | cross_validation |   Fold 2/5: train=1917 (orig=639, aug=1278), val=160, acc=65.62%  [0.0s]
2026-05-01 00:18:00 | DEBUG    | reduction | Scaler fitted on 639 samples, 166 features
2026-05-01 00:18:00 | INFO     | cross_validation |   Fold 3/5: train=1917 (orig=639, aug=1278), val=160, acc=69.38%  [0.0s]
2026-05-01 00:18:00 | DEBUG    | reduction | Scaler fitted on 639 samples, 166 features
2026-05-01 00:18:00 | INFO     | cross_validation |   Fold 4/5: train=1917 (orig=639, aug=1278), val=160, acc=63.12%  [0.0s]
2026-05-01 00:18:00 | DEBUG    | reduction | Scaler fitted on 640 samples, 166 features
2026-05-01 00:18:00 | INFO     | cross_validation |   Fold 5/5: train=1920 (orig=640, aug=1280), val=159, acc=62.89%  [0.0s]
2026-05-01 00:18:00 | INFO     | cross_validation |   CV result: 64.58% ± 2.70%
2026-05-01 00:18:00 | INFO     | cross_validation |   Combo 14/20: {'n_neighbors': 14}
2026-05-01 00:18:00 | DEBUG    | reduction | Scaler fitted on 639 samples, 166 features
2026-05-01 00:18:00 | INFO     | cross_validation |   Fold 1/5: train=1917 (orig=639, aug=1278), val=160, acc=63.75%  [0.1s]
2026-05-01 00:18:00 | DEBUG    | reduction | Scaler fitted on 639 samples, 166 features
2026-05-01 00:18:00 | INFO     | cross_validation |   Fold 2/5: train=1917 (orig=639, aug=1278), val=160, acc=64.38%  [0.0s]
2026-05-01 00:18:00 | DEBUG    | reduction | Scaler fitted on 639 samples, 166 features
2026-05-01 00:18:00 | INFO     | cross_validation |   Fold 3/5: train=1917 (orig=639, aug=1278), val=160, acc=66.88%  [0.0s]
2026-05-01 00:18:00 | DEBUG    | reduction | Scaler fitted on 639 samples, 166 features
2026-05-01 00:18:00 | INFO     | cross_validation |   Fold 4/5: train=1917 (orig=639, aug=1278), val=160, acc=64.38%  [0.0s]
2026-05-01 00:18:00 | DEBUG    | reduction | Scaler fitted on 640 samples, 166 features
2026-05-01 00:18:00 | INFO     | cross_validation |   Fold 5/5: train=1920 (orig=640, aug=1280), val=159, acc=64.78%  [0.0s]
2026-05-01 00:18:00 | INFO     | cross_validation |   CV result: 64.83% ± 1.07%
2026-05-01 00:18:00 | INFO     | cross_validation |   Combo 15/20: {'n_neighbors': 15}
2026-05-01 00:18:00 | DEBUG    | reduction | Scaler fitted on 639 samples, 166 features
2026-05-01 00:18:00 | INFO     | cross_validation |   Fold 1/5: train=1917 (orig=639, aug=1278), val=160, acc=64.38%  [0.0s]
2026-05-01 00:18:00 | DEBUG    | reduction | Scaler fitted on 639 samples, 166 features
2026-05-01 00:18:00 | INFO     | cross_validation |   Fold 2/5: train=1917 (orig=639, aug=1278), val=160, acc=66.88%  [0.0s]
2026-05-01 00:18:00 | DEBUG    | reduction | Scaler fitted on 639 samples, 166 features
2026-05-01 00:18:00 | INFO     | cross_validation |   Fold 3/5: train=1917 (orig=639, aug=1278), val=160, acc=67.50%  [0.0s]
2026-05-01 00:18:00 | DEBUG    | reduction | Scaler fitted on 639 samples, 166 features
2026-05-01 00:18:00 | INFO     | cross_validation |   Fold 4/5: train=1917 (orig=639, aug=1278), val=160, acc=63.75%  [0.0s]
2026-05-01 00:18:00 | DEBUG    | reduction | Scaler fitted on 640 samples, 166 features
2026-05-01 00:18:00 | INFO     | cross_validation |   Fold 5/5: train=1920 (orig=640, aug=1280), val=159, acc=66.04%  [0.0s]
2026-05-01 00:18:00 | INFO     | cross_validation |   CV result: 65.71% ± 1.43%
2026-05-01 00:18:00 | INFO     | cross_validation |   Combo 16/20: {'n_neighbors': 16}
2026-05-01 00:18:00 | DEBUG    | reduction | Scaler fitted on 639 samples, 166 features
2026-05-01 00:18:00 | INFO     | cross_validation |   Fold 1/5: train=1917 (orig=639, aug=1278), val=160, acc=65.00%  [0.0s]
2026-05-01 00:18:00 | DEBUG    | reduction | Scaler fitted on 639 samples, 166 features
2026-05-01 00:18:00 | INFO     | cross_validation |   Fold 2/5: train=1917 (orig=639, aug=1278), val=160, acc=66.25%  [0.0s]
2026-05-01 00:18:00 | DEBUG    | reduction | Scaler fitted on 639 samples, 166 features
2026-05-01 00:18:00 | INFO     | cross_validation |   Fold 3/5: train=1917 (orig=639, aug=1278), val=160, acc=66.88%  [0.0s]
2026-05-01 00:18:00 | DEBUG    | reduction | Scaler fitted on 639 samples, 166 features
2026-05-01 00:18:00 | INFO     | cross_validation |   Fold 4/5: train=1917 (orig=639, aug=1278), val=160, acc=63.75%  [0.0s]
2026-05-01 00:18:00 | DEBUG    | reduction | Scaler fitted on 640 samples, 166 features
2026-05-01 00:18:00 | INFO     | cross_validation |   Fold 5/5: train=1920 (orig=640, aug=1280), val=159, acc=64.78%  [0.0s]
2026-05-01 00:18:00 | INFO     | cross_validation |   CV result: 65.33% ± 1.11%
2026-05-01 00:18:00 | INFO     | cross_validation |   Combo 17/20: {'n_neighbors': 17}
2026-05-01 00:18:00 | DEBUG    | reduction | Scaler fitted on 639 samples, 166 features
2026-05-01 00:18:00 | INFO     | cross_validation |   Fold 1/5: train=1917 (orig=639, aug=1278), val=160, acc=65.62%  [0.0s]
2026-05-01 00:18:00 | DEBUG    | reduction | Scaler fitted on 639 samples, 166 features
2026-05-01 00:18:00 | INFO     | cross_validation |   Fold 2/5: train=1917 (orig=639, aug=1278), val=160, acc=68.12%  [0.0s]
2026-05-01 00:18:00 | DEBUG    | reduction | Scaler fitted on 639 samples, 166 features
2026-05-01 00:18:00 | INFO     | cross_validation |   Fold 3/5: train=1917 (orig=639, aug=1278), val=160, acc=69.38%  [0.0s]
2026-05-01 00:18:00 | DEBUG    | reduction | Scaler fitted on 639 samples, 166 features
2026-05-01 00:18:00 | INFO     | cross_validation |   Fold 4/5: train=1917 (orig=639, aug=1278), val=160, acc=62.50%  [0.0s]
2026-05-01 00:18:00 | DEBUG    | reduction | Scaler fitted on 640 samples, 166 features
2026-05-01 00:18:01 | INFO     | cross_validation |   Fold 5/5: train=1920 (orig=640, aug=1280), val=159, acc=65.41%  [0.0s]
2026-05-01 00:18:01 | INFO     | cross_validation |   CV result: 66.21% ± 2.38%
2026-05-01 00:18:01 | INFO     | cross_validation |   Combo 18/20: {'n_neighbors': 18}
2026-05-01 00:18:01 | DEBUG    | reduction | Scaler fitted on 639 samples, 166 features
2026-05-01 00:18:01 | INFO     | cross_validation |   Fold 1/5: train=1917 (orig=639, aug=1278), val=160, acc=65.62%  [0.0s]
2026-05-01 00:18:01 | DEBUG    | reduction | Scaler fitted on 639 samples, 166 features
2026-05-01 00:18:01 | INFO     | cross_validation |   Fold 2/5: train=1917 (orig=639, aug=1278), val=160, acc=68.12%  [0.0s]
2026-05-01 00:18:01 | DEBUG    | reduction | Scaler fitted on 639 samples, 166 features
2026-05-01 00:18:01 | INFO     | cross_validation |   Fold 3/5: train=1917 (orig=639, aug=1278), val=160, acc=69.38%  [0.0s]
2026-05-01 00:18:01 | DEBUG    | reduction | Scaler fitted on 639 samples, 166 features
2026-05-01 00:18:01 | INFO     | cross_validation |   Fold 4/5: train=1917 (orig=639, aug=1278), val=160, acc=63.75%  [0.0s]
2026-05-01 00:18:01 | DEBUG    | reduction | Scaler fitted on 640 samples, 166 features
2026-05-01 00:18:01 | INFO     | cross_validation |   Fold 5/5: train=1920 (orig=640, aug=1280), val=159, acc=67.30%  [0.0s]
2026-05-01 00:18:01 | INFO     | cross_validation |   CV result: 66.83% ± 1.97%
2026-05-01 00:18:01 | INFO     | cross_validation |   Combo 19/20: {'n_neighbors': 19}
2026-05-01 00:18:01 | DEBUG    | reduction | Scaler fitted on 639 samples, 166 features
2026-05-01 00:18:01 | INFO     | cross_validation |   Fold 1/5: train=1917 (orig=639, aug=1278), val=160, acc=67.50%  [0.0s]
2026-05-01 00:18:01 | DEBUG    | reduction | Scaler fitted on 639 samples, 166 features
2026-05-01 00:18:01 | INFO     | cross_validation |   Fold 2/5: train=1917 (orig=639, aug=1278), val=160, acc=68.12%  [0.0s]
2026-05-01 00:18:01 | DEBUG    | reduction | Scaler fitted on 639 samples, 166 features
2026-05-01 00:18:01 | INFO     | cross_validation |   Fold 3/5: train=1917 (orig=639, aug=1278), val=160, acc=68.12%  [0.0s]
2026-05-01 00:18:01 | DEBUG    | reduction | Scaler fitted on 639 samples, 166 features
2026-05-01 00:18:01 | INFO     | cross_validation |   Fold 4/5: train=1917 (orig=639, aug=1278), val=160, acc=62.50%  [0.0s]
2026-05-01 00:18:01 | DEBUG    | reduction | Scaler fitted on 640 samples, 166 features
2026-05-01 00:18:01 | INFO     | cross_validation |   Fold 5/5: train=1920 (orig=640, aug=1280), val=159, acc=67.30%  [0.0s]
2026-05-01 00:18:01 | INFO     | cross_validation |   CV result: 66.71% ± 2.13%
2026-05-01 00:18:01 | INFO     | cross_validation |   Combo 20/20: {'n_neighbors': 20}
2026-05-01 00:18:01 | DEBUG    | reduction | Scaler fitted on 639 samples, 166 features
2026-05-01 00:18:01 | INFO     | cross_validation |   Fold 1/5: train=1917 (orig=639, aug=1278), val=160, acc=66.88%  [0.0s]
2026-05-01 00:18:01 | DEBUG    | reduction | Scaler fitted on 639 samples, 166 features
2026-05-01 00:18:01 | INFO     | cross_validation |   Fold 2/5: train=1917 (orig=639, aug=1278), val=160, acc=66.25%  [0.0s]
2026-05-01 00:18:01 | DEBUG    | reduction | Scaler fitted on 639 samples, 166 features
2026-05-01 00:18:01 | INFO     | cross_validation |   Fold 3/5: train=1917 (orig=639, aug=1278), val=160, acc=70.62%  [0.0s]
2026-05-01 00:18:01 | DEBUG    | reduction | Scaler fitted on 639 samples, 166 features
2026-05-01 00:18:01 | INFO     | cross_validation |   Fold 4/5: train=1917 (orig=639, aug=1278), val=160, acc=61.25%  [0.0s]
2026-05-01 00:18:01 | DEBUG    | reduction | Scaler fitted on 640 samples, 166 features
2026-05-01 00:18:01 | INFO     | cross_validation |   Fold 5/5: train=1920 (orig=640, aug=1280), val=159, acc=65.41%  [0.0s]
2026-05-01 00:18:01 | INFO     | cross_validation |   CV result: 66.08% ± 3.00%
2026-05-01 00:18:01 | INFO     | cross_validation |   Best params: {'n_neighbors': 18}
2026-05-01 00:18:01 | INFO     | cross_validation |   Best CV: 66.83% ± 1.97%
2026-05-01 00:18:01 | INFO     | cross_validation | ✓ grid_search_cv finished in 1.7s
2026-05-01 00:18:01 | INFO     | main | ────────────────────────────────────────────────────────────
2026-05-01 00:18:01 | INFO     | main |   KNN [raw, no-aug]
2026-05-01 00:18:01 | INFO     | main | ────────────────────────────────────────────────────────────
2026-05-01 00:18:01 | INFO     | cross_validation | → grid_search_cv started
2026-05-01 00:18:01 | INFO     | cross_validation | Grid search: 20 parameter combinations × 5 folds
2026-05-01 00:18:01 | INFO     | cross_validation |   Combo 1/20: {'n_neighbors': 1}
2026-05-01 00:18:01 | DEBUG    | reduction | Scaler fitted on 639 samples, 166 features
2026-05-01 00:18:01 | INFO     | cross_validation |   Fold 1/5: train=639 (orig=639, aug=0), val=160, acc=59.38%  [0.0s]
2026-05-01 00:18:01 | DEBUG    | reduction | Scaler fitted on 639 samples, 166 features
2026-05-01 00:18:01 | INFO     | cross_validation |   Fold 2/5: train=639 (orig=639, aug=0), val=160, acc=65.00%  [0.0s]
2026-05-01 00:18:01 | DEBUG    | reduction | Scaler fitted on 639 samples, 166 features
2026-05-01 00:18:01 | INFO     | cross_validation |   Fold 3/5: train=639 (orig=639, aug=0), val=160, acc=63.75%  [0.0s]
2026-05-01 00:18:01 | DEBUG    | reduction | Scaler fitted on 639 samples, 166 features
2026-05-01 00:18:01 | INFO     | cross_validation |   Fold 4/5: train=639 (orig=639, aug=0), val=160, acc=61.88%  [0.0s]
2026-05-01 00:18:01 | DEBUG    | reduction | Scaler fitted on 640 samples, 166 features
2026-05-01 00:18:01 | INFO     | cross_validation |   Fold 5/5: train=640 (orig=640, aug=0), val=159, acc=62.89%  [0.0s]
2026-05-01 00:18:01 | INFO     | cross_validation |   CV result: 62.58% ± 1.90%
2026-05-01 00:18:01 | INFO     | cross_validation |   Combo 2/20: {'n_neighbors': 2}
2026-05-01 00:18:01 | DEBUG    | reduction | Scaler fitted on 639 samples, 166 features
2026-05-01 00:18:01 | INFO     | cross_validation |   Fold 1/5: train=639 (orig=639, aug=0), val=160, acc=60.62%  [0.0s]
2026-05-01 00:18:01 | DEBUG    | reduction | Scaler fitted on 639 samples, 166 features
2026-05-01 00:18:01 | INFO     | cross_validation |   Fold 2/5: train=639 (orig=639, aug=0), val=160, acc=65.62%  [0.0s]
2026-05-01 00:18:01 | DEBUG    | reduction | Scaler fitted on 639 samples, 166 features
2026-05-01 00:18:01 | INFO     | cross_validation |   Fold 3/5: train=639 (orig=639, aug=0), val=160, acc=62.50%  [0.0s]
2026-05-01 00:18:01 | DEBUG    | reduction | Scaler fitted on 639 samples, 166 features
2026-05-01 00:18:01 | INFO     | cross_validation |   Fold 4/5: train=639 (orig=639, aug=0), val=160, acc=61.88%  [0.0s]
2026-05-01 00:18:01 | DEBUG    | reduction | Scaler fitted on 640 samples, 166 features
2026-05-01 00:18:01 | INFO     | cross_validation |   Fold 5/5: train=640 (orig=640, aug=0), val=159, acc=59.75%  [0.0s]
2026-05-01 00:18:01 | INFO     | cross_validation |   CV result: 62.07% ± 2.02%
2026-05-01 00:18:01 | INFO     | cross_validation |   Combo 3/20: {'n_neighbors': 3}
2026-05-01 00:18:01 | DEBUG    | reduction | Scaler fitted on 639 samples, 166 features
2026-05-01 00:18:01 | INFO     | cross_validation |   Fold 1/5: train=639 (orig=639, aug=0), val=160, acc=61.25%  [0.0s]
2026-05-01 00:18:01 | DEBUG    | reduction | Scaler fitted on 639 samples, 166 features
2026-05-01 00:18:01 | INFO     | cross_validation |   Fold 2/5: train=639 (orig=639, aug=0), val=160, acc=63.12%  [0.0s]
2026-05-01 00:18:01 | DEBUG    | reduction | Scaler fitted on 639 samples, 166 features
2026-05-01 00:18:01 | INFO     | cross_validation |   Fold 3/5: train=639 (orig=639, aug=0), val=160, acc=64.38%  [0.0s]
2026-05-01 00:18:01 | DEBUG    | reduction | Scaler fitted on 639 samples, 166 features
2026-05-01 00:18:01 | INFO     | cross_validation |   Fold 4/5: train=639 (orig=639, aug=0), val=160, acc=61.88%  [0.0s]
2026-05-01 00:18:01 | DEBUG    | reduction | Scaler fitted on 640 samples, 166 features
2026-05-01 00:18:01 | INFO     | cross_validation |   Fold 5/5: train=640 (orig=640, aug=0), val=159, acc=59.12%  [0.0s]
2026-05-01 00:18:01 | INFO     | cross_validation |   CV result: 61.95% ± 1.78%
2026-05-01 00:18:01 | INFO     | cross_validation |   Combo 4/20: {'n_neighbors': 4}
2026-05-01 00:18:01 | DEBUG    | reduction | Scaler fitted on 639 samples, 166 features
2026-05-01 00:18:01 | INFO     | cross_validation |   Fold 1/5: train=639 (orig=639, aug=0), val=160, acc=63.75%  [0.0s]
2026-05-01 00:18:01 | DEBUG    | reduction | Scaler fitted on 639 samples, 166 features
2026-05-01 00:18:01 | INFO     | cross_validation |   Fold 2/5: train=639 (orig=639, aug=0), val=160, acc=62.50%  [0.0s]
2026-05-01 00:18:01 | DEBUG    | reduction | Scaler fitted on 639 samples, 166 features
2026-05-01 00:18:01 | INFO     | cross_validation |   Fold 3/5: train=639 (orig=639, aug=0), val=160, acc=67.50%  [0.0s]
2026-05-01 00:18:01 | DEBUG    | reduction | Scaler fitted on 639 samples, 166 features
2026-05-01 00:18:01 | INFO     | cross_validation |   Fold 4/5: train=639 (orig=639, aug=0), val=160, acc=60.62%  [0.0s]
2026-05-01 00:18:01 | DEBUG    | reduction | Scaler fitted on 640 samples, 166 features
2026-05-01 00:18:01 | INFO     | cross_validation |   Fold 5/5: train=640 (orig=640, aug=0), val=159, acc=59.12%  [0.0s]
2026-05-01 00:18:01 | INFO     | cross_validation |   CV result: 62.70% ± 2.87%
2026-05-01 00:18:01 | INFO     | cross_validation |   Combo 5/20: {'n_neighbors': 5}
2026-05-01 00:18:01 | DEBUG    | reduction | Scaler fitted on 639 samples, 166 features
2026-05-01 00:18:01 | INFO     | cross_validation |   Fold 1/5: train=639 (orig=639, aug=0), val=160, acc=62.50%  [0.0s]
2026-05-01 00:18:01 | DEBUG    | reduction | Scaler fitted on 639 samples, 166 features
2026-05-01 00:18:01 | INFO     | cross_validation |   Fold 2/5: train=639 (orig=639, aug=0), val=160, acc=65.00%  [0.0s]
2026-05-01 00:18:01 | DEBUG    | reduction | Scaler fitted on 639 samples, 166 features
2026-05-01 00:18:01 | INFO     | cross_validation |   Fold 3/5: train=639 (orig=639, aug=0), val=160, acc=66.88%  [0.0s]
2026-05-01 00:18:01 | DEBUG    | reduction | Scaler fitted on 639 samples, 166 features
2026-05-01 00:18:01 | INFO     | cross_validation |   Fold 4/5: train=639 (orig=639, aug=0), val=160, acc=60.62%  [0.0s]
2026-05-01 00:18:01 | DEBUG    | reduction | Scaler fitted on 640 samples, 166 features
2026-05-01 00:18:01 | INFO     | cross_validation |   Fold 5/5: train=640 (orig=640, aug=0), val=159, acc=64.78%  [0.0s]
2026-05-01 00:18:01 | INFO     | cross_validation |   CV result: 63.96% ± 2.17%
2026-05-01 00:18:01 | INFO     | cross_validation |   Combo 6/20: {'n_neighbors': 6}
2026-05-01 00:18:01 | DEBUG    | reduction | Scaler fitted on 639 samples, 166 features
2026-05-01 00:18:01 | INFO     | cross_validation |   Fold 1/5: train=639 (orig=639, aug=0), val=160, acc=68.12%  [0.0s]
2026-05-01 00:18:01 | DEBUG    | reduction | Scaler fitted on 639 samples, 166 features
2026-05-01 00:18:01 | INFO     | cross_validation |   Fold 2/5: train=639 (orig=639, aug=0), val=160, acc=63.75%  [0.0s]
2026-05-01 00:18:01 | DEBUG    | reduction | Scaler fitted on 639 samples, 166 features
2026-05-01 00:18:01 | INFO     | cross_validation |   Fold 3/5: train=639 (orig=639, aug=0), val=160, acc=68.12%  [0.0s]
2026-05-01 00:18:01 | DEBUG    | reduction | Scaler fitted on 639 samples, 166 features
2026-05-01 00:18:01 | INFO     | cross_validation |   Fold 4/5: train=639 (orig=639, aug=0), val=160, acc=61.25%  [0.0s]
2026-05-01 00:18:01 | DEBUG    | reduction | Scaler fitted on 640 samples, 166 features
2026-05-01 00:18:01 | INFO     | cross_validation |   Fold 5/5: train=640 (orig=640, aug=0), val=159, acc=62.89%  [0.0s]
2026-05-01 00:18:01 | INFO     | cross_validation |   CV result: 64.83% ± 2.81%
2026-05-01 00:18:01 | INFO     | cross_validation |   Combo 7/20: {'n_neighbors': 7}
2026-05-01 00:18:01 | DEBUG    | reduction | Scaler fitted on 639 samples, 166 features
2026-05-01 00:18:01 | INFO     | cross_validation |   Fold 1/5: train=639 (orig=639, aug=0), val=160, acc=68.75%  [0.0s]
2026-05-01 00:18:01 | DEBUG    | reduction | Scaler fitted on 639 samples, 166 features
2026-05-01 00:18:01 | INFO     | cross_validation |   Fold 2/5: train=639 (orig=639, aug=0), val=160, acc=60.00%  [0.0s]
2026-05-01 00:18:01 | DEBUG    | reduction | Scaler fitted on 639 samples, 166 features
2026-05-01 00:18:01 | INFO     | cross_validation |   Fold 3/5: train=639 (orig=639, aug=0), val=160, acc=64.38%  [0.0s]
2026-05-01 00:18:01 | DEBUG    | reduction | Scaler fitted on 639 samples, 166 features
2026-05-01 00:18:01 | INFO     | cross_validation |   Fold 4/5: train=639 (orig=639, aug=0), val=160, acc=61.25%  [0.0s]
2026-05-01 00:18:01 | DEBUG    | reduction | Scaler fitted on 640 samples, 166 features
2026-05-01 00:18:01 | INFO     | cross_validation |   Fold 5/5: train=640 (orig=640, aug=0), val=159, acc=64.78%  [0.0s]
2026-05-01 00:18:01 | INFO     | cross_validation |   CV result: 63.83% ± 3.06%
2026-05-01 00:18:01 | INFO     | cross_validation |   Combo 8/20: {'n_neighbors': 8}
2026-05-01 00:18:01 | DEBUG    | reduction | Scaler fitted on 639 samples, 166 features
2026-05-01 00:18:01 | INFO     | cross_validation |   Fold 1/5: train=639 (orig=639, aug=0), val=160, acc=68.75%  [0.0s]
2026-05-01 00:18:01 | DEBUG    | reduction | Scaler fitted on 639 samples, 166 features
2026-05-01 00:18:01 | INFO     | cross_validation |   Fold 2/5: train=639 (orig=639, aug=0), val=160, acc=61.88%  [0.0s]
2026-05-01 00:18:01 | DEBUG    | reduction | Scaler fitted on 639 samples, 166 features
2026-05-01 00:18:01 | INFO     | cross_validation |   Fold 3/5: train=639 (orig=639, aug=0), val=160, acc=65.00%  [0.0s]
2026-05-01 00:18:01 | DEBUG    | reduction | Scaler fitted on 639 samples, 166 features
2026-05-01 00:18:01 | INFO     | cross_validation |   Fold 4/5: train=639 (orig=639, aug=0), val=160, acc=62.50%  [0.0s]
2026-05-01 00:18:01 | DEBUG    | reduction | Scaler fitted on 640 samples, 166 features
2026-05-01 00:18:01 | INFO     | cross_validation |   Fold 5/5: train=640 (orig=640, aug=0), val=159, acc=64.78%  [0.0s]
2026-05-01 00:18:01 | INFO     | cross_validation |   CV result: 64.58% ± 2.42%
2026-05-01 00:18:01 | INFO     | cross_validation |   Combo 9/20: {'n_neighbors': 9}
2026-05-01 00:18:01 | DEBUG    | reduction | Scaler fitted on 639 samples, 166 features
2026-05-01 00:18:01 | INFO     | cross_validation |   Fold 1/5: train=639 (orig=639, aug=0), val=160, acc=70.00%  [0.0s]
2026-05-01 00:18:01 | DEBUG    | reduction | Scaler fitted on 639 samples, 166 features
2026-05-01 00:18:01 | INFO     | cross_validation |   Fold 2/5: train=639 (orig=639, aug=0), val=160, acc=63.12%  [0.0s]
2026-05-01 00:18:01 | DEBUG    | reduction | Scaler fitted on 639 samples, 166 features
2026-05-01 00:18:01 | INFO     | cross_validation |   Fold 3/5: train=639 (orig=639, aug=0), val=160, acc=65.00%  [0.0s]
2026-05-01 00:18:01 | DEBUG    | reduction | Scaler fitted on 639 samples, 166 features
2026-05-01 00:18:01 | INFO     | cross_validation |   Fold 4/5: train=639 (orig=639, aug=0), val=160, acc=60.00%  [0.0s]
2026-05-01 00:18:01 | DEBUG    | reduction | Scaler fitted on 640 samples, 166 features
2026-05-01 00:18:01 | INFO     | cross_validation |   Fold 5/5: train=640 (orig=640, aug=0), val=159, acc=62.26%  [0.0s]
2026-05-01 00:18:01 | INFO     | cross_validation |   CV result: 64.08% ± 3.37%
2026-05-01 00:18:01 | INFO     | cross_validation |   Combo 10/20: {'n_neighbors': 10}
2026-05-01 00:18:01 | DEBUG    | reduction | Scaler fitted on 639 samples, 166 features
2026-05-01 00:18:01 | INFO     | cross_validation |   Fold 1/5: train=639 (orig=639, aug=0), val=160, acc=70.00%  [0.0s]
2026-05-01 00:18:01 | DEBUG    | reduction | Scaler fitted on 639 samples, 166 features
2026-05-01 00:18:01 | INFO     | cross_validation |   Fold 2/5: train=639 (orig=639, aug=0), val=160, acc=66.25%  [0.0s]
2026-05-01 00:18:01 | DEBUG    | reduction | Scaler fitted on 639 samples, 166 features
2026-05-01 00:18:01 | INFO     | cross_validation |   Fold 3/5: train=639 (orig=639, aug=0), val=160, acc=66.88%  [0.0s]
2026-05-01 00:18:01 | DEBUG    | reduction | Scaler fitted on 639 samples, 166 features
2026-05-01 00:18:01 | INFO     | cross_validation |   Fold 4/5: train=639 (orig=639, aug=0), val=160, acc=61.25%  [0.0s]
2026-05-01 00:18:01 | DEBUG    | reduction | Scaler fitted on 640 samples, 166 features
2026-05-01 00:18:01 | INFO     | cross_validation |   Fold 5/5: train=640 (orig=640, aug=0), val=159, acc=66.04%  [0.0s]
2026-05-01 00:18:01 | INFO     | cross_validation |   CV result: 66.08% ± 2.81%
2026-05-01 00:18:01 | INFO     | cross_validation |   Combo 11/20: {'n_neighbors': 11}
2026-05-01 00:18:01 | DEBUG    | reduction | Scaler fitted on 639 samples, 166 features
2026-05-01 00:18:01 | INFO     | cross_validation |   Fold 1/5: train=639 (orig=639, aug=0), val=160, acc=68.12%  [0.0s]
2026-05-01 00:18:01 | DEBUG    | reduction | Scaler fitted on 639 samples, 166 features
2026-05-01 00:18:01 | INFO     | cross_validation |   Fold 2/5: train=639 (orig=639, aug=0), val=160, acc=64.38%  [0.0s]
2026-05-01 00:18:01 | DEBUG    | reduction | Scaler fitted on 639 samples, 166 features
2026-05-01 00:18:01 | INFO     | cross_validation |   Fold 3/5: train=639 (orig=639, aug=0), val=160, acc=66.25%  [0.0s]
2026-05-01 00:18:01 | DEBUG    | reduction | Scaler fitted on 639 samples, 166 features
2026-05-01 00:18:01 | INFO     | cross_validation |   Fold 4/5: train=639 (orig=639, aug=0), val=160, acc=59.38%  [0.0s]
2026-05-01 00:18:01 | DEBUG    | reduction | Scaler fitted on 640 samples, 166 features
2026-05-01 00:18:01 | INFO     | cross_validation |   Fold 5/5: train=640 (orig=640, aug=0), val=159, acc=64.15%  [0.0s]
2026-05-01 00:18:01 | INFO     | cross_validation |   CV result: 64.46% ± 2.92%
2026-05-01 00:18:01 | INFO     | cross_validation |   Combo 12/20: {'n_neighbors': 12}
2026-05-01 00:18:01 | DEBUG    | reduction | Scaler fitted on 639 samples, 166 features
2026-05-01 00:18:01 | INFO     | cross_validation |   Fold 1/5: train=639 (orig=639, aug=0), val=160, acc=66.88%  [0.0s]
2026-05-01 00:18:01 | DEBUG    | reduction | Scaler fitted on 639 samples, 166 features
2026-05-01 00:18:01 | INFO     | cross_validation |   Fold 2/5: train=639 (orig=639, aug=0), val=160, acc=65.00%  [0.0s]
2026-05-01 00:18:01 | DEBUG    | reduction | Scaler fitted on 639 samples, 166 features
2026-05-01 00:18:01 | INFO     | cross_validation |   Fold 3/5: train=639 (orig=639, aug=0), val=160, acc=63.75%  [0.0s]
2026-05-01 00:18:01 | DEBUG    | reduction | Scaler fitted on 639 samples, 166 features
2026-05-01 00:18:01 | INFO     | cross_validation |   Fold 4/5: train=639 (orig=639, aug=0), val=160, acc=60.00%  [0.0s]
2026-05-01 00:18:01 | DEBUG    | reduction | Scaler fitted on 640 samples, 166 features
2026-05-01 00:18:01 | INFO     | cross_validation |   Fold 5/5: train=640 (orig=640, aug=0), val=159, acc=64.15%  [0.0s]
2026-05-01 00:18:01 | INFO     | cross_validation |   CV result: 63.96% ± 2.25%
2026-05-01 00:18:01 | INFO     | cross_validation |   Combo 13/20: {'n_neighbors': 13}
2026-05-01 00:18:01 | DEBUG    | reduction | Scaler fitted on 639 samples, 166 features
2026-05-01 00:18:01 | INFO     | cross_validation |   Fold 1/5: train=639 (orig=639, aug=0), val=160, acc=66.25%  [0.0s]
2026-05-01 00:18:01 | DEBUG    | reduction | Scaler fitted on 639 samples, 166 features
2026-05-01 00:18:01 | INFO     | cross_validation |   Fold 2/5: train=639 (orig=639, aug=0), val=160, acc=65.00%  [0.0s]
2026-05-01 00:18:01 | DEBUG    | reduction | Scaler fitted on 639 samples, 166 features
2026-05-01 00:18:01 | INFO     | cross_validation |   Fold 3/5: train=639 (orig=639, aug=0), val=160, acc=65.62%  [0.0s]
2026-05-01 00:18:01 | DEBUG    | reduction | Scaler fitted on 639 samples, 166 features
2026-05-01 00:18:01 | INFO     | cross_validation |   Fold 4/5: train=639 (orig=639, aug=0), val=160, acc=64.38%  [0.0s]
2026-05-01 00:18:01 | DEBUG    | reduction | Scaler fitted on 640 samples, 166 features
2026-05-01 00:18:01 | INFO     | cross_validation |   Fold 5/5: train=640 (orig=640, aug=0), val=159, acc=64.78%  [0.0s]
2026-05-01 00:18:01 | INFO     | cross_validation |   CV result: 65.21% ± 0.66%
2026-05-01 00:18:01 | INFO     | cross_validation |   Combo 14/20: {'n_neighbors': 14}
2026-05-01 00:18:01 | DEBUG    | reduction | Scaler fitted on 639 samples, 166 features
2026-05-01 00:18:01 | INFO     | cross_validation |   Fold 1/5: train=639 (orig=639, aug=0), val=160, acc=66.88%  [0.0s]
2026-05-01 00:18:01 | DEBUG    | reduction | Scaler fitted on 639 samples, 166 features
2026-05-01 00:18:01 | INFO     | cross_validation |   Fold 2/5: train=639 (orig=639, aug=0), val=160, acc=65.00%  [0.0s]
2026-05-01 00:18:01 | DEBUG    | reduction | Scaler fitted on 639 samples, 166 features
2026-05-01 00:18:01 | INFO     | cross_validation |   Fold 3/5: train=639 (orig=639, aug=0), val=160, acc=63.12%  [0.0s]
2026-05-01 00:18:01 | DEBUG    | reduction | Scaler fitted on 639 samples, 166 features
2026-05-01 00:18:01 | INFO     | cross_validation |   Fold 4/5: train=639 (orig=639, aug=0), val=160, acc=66.25%  [0.0s]
2026-05-01 00:18:01 | DEBUG    | reduction | Scaler fitted on 640 samples, 166 features
2026-05-01 00:18:01 | INFO     | cross_validation |   Fold 5/5: train=640 (orig=640, aug=0), val=159, acc=63.52%  [0.0s]
2026-05-01 00:18:01 | INFO     | cross_validation |   CV result: 64.95% ± 1.47%
2026-05-01 00:18:01 | INFO     | cross_validation |   Combo 15/20: {'n_neighbors': 15}
2026-05-01 00:18:01 | DEBUG    | reduction | Scaler fitted on 639 samples, 166 features
2026-05-01 00:18:01 | INFO     | cross_validation |   Fold 1/5: train=639 (orig=639, aug=0), val=160, acc=66.88%  [0.0s]
2026-05-01 00:18:01 | DEBUG    | reduction | Scaler fitted on 639 samples, 166 features
2026-05-01 00:18:01 | INFO     | cross_validation |   Fold 2/5: train=639 (orig=639, aug=0), val=160, acc=65.00%  [0.0s]
2026-05-01 00:18:01 | DEBUG    | reduction | Scaler fitted on 639 samples, 166 features
2026-05-01 00:18:01 | INFO     | cross_validation |   Fold 3/5: train=639 (orig=639, aug=0), val=160, acc=64.38%  [0.0s]
2026-05-01 00:18:01 | DEBUG    | reduction | Scaler fitted on 639 samples, 166 features
2026-05-01 00:18:01 | INFO     | cross_validation |   Fold 4/5: train=639 (orig=639, aug=0), val=160, acc=62.50%  [0.0s]
2026-05-01 00:18:01 | DEBUG    | reduction | Scaler fitted on 640 samples, 166 features
2026-05-01 00:18:01 | INFO     | cross_validation |   Fold 5/5: train=640 (orig=640, aug=0), val=159, acc=64.15%  [0.0s]
2026-05-01 00:18:01 | INFO     | cross_validation |   CV result: 64.58% ± 1.41%
2026-05-01 00:18:01 | INFO     | cross_validation |   Combo 16/20: {'n_neighbors': 16}
2026-05-01 00:18:01 | DEBUG    | reduction | Scaler fitted on 639 samples, 166 features
2026-05-01 00:18:01 | INFO     | cross_validation |   Fold 1/5: train=639 (orig=639, aug=0), val=160, acc=67.50%  [0.0s]
2026-05-01 00:18:01 | DEBUG    | reduction | Scaler fitted on 639 samples, 166 features
2026-05-01 00:18:01 | INFO     | cross_validation |   Fold 2/5: train=639 (orig=639, aug=0), val=160, acc=64.38%  [0.0s]
2026-05-01 00:18:01 | DEBUG    | reduction | Scaler fitted on 639 samples, 166 features
2026-05-01 00:18:01 | INFO     | cross_validation |   Fold 3/5: train=639 (orig=639, aug=0), val=160, acc=63.12%  [0.0s]
2026-05-01 00:18:01 | DEBUG    | reduction | Scaler fitted on 639 samples, 166 features
2026-05-01 00:18:01 | INFO     | cross_validation |   Fold 4/5: train=639 (orig=639, aug=0), val=160, acc=63.12%  [0.0s]
2026-05-01 00:18:01 | DEBUG    | reduction | Scaler fitted on 640 samples, 166 features
2026-05-01 00:18:01 | INFO     | cross_validation |   Fold 5/5: train=640 (orig=640, aug=0), val=159, acc=64.15%  [0.0s]
2026-05-01 00:18:01 | INFO     | cross_validation |   CV result: 64.46% ± 1.61%
2026-05-01 00:18:01 | INFO     | cross_validation |   Combo 17/20: {'n_neighbors': 17}
2026-05-01 00:18:01 | DEBUG    | reduction | Scaler fitted on 639 samples, 166 features
2026-05-01 00:18:01 | INFO     | cross_validation |   Fold 1/5: train=639 (orig=639, aug=0), val=160, acc=67.50%  [0.0s]
2026-05-01 00:18:01 | DEBUG    | reduction | Scaler fitted on 639 samples, 166 features
2026-05-01 00:18:01 | INFO     | cross_validation |   Fold 2/5: train=639 (orig=639, aug=0), val=160, acc=61.25%  [0.0s]
2026-05-01 00:18:01 | DEBUG    | reduction | Scaler fitted on 639 samples, 166 features
2026-05-01 00:18:01 | INFO     | cross_validation |   Fold 3/5: train=639 (orig=639, aug=0), val=160, acc=62.50%  [0.0s]
2026-05-01 00:18:01 | DEBUG    | reduction | Scaler fitted on 639 samples, 166 features
2026-05-01 00:18:01 | INFO     | cross_validation |   Fold 4/5: train=639 (orig=639, aug=0), val=160, acc=64.38%  [0.0s]
2026-05-01 00:18:01 | DEBUG    | reduction | Scaler fitted on 640 samples, 166 features
2026-05-01 00:18:01 | INFO     | cross_validation |   Fold 5/5: train=640 (orig=640, aug=0), val=159, acc=64.15%  [0.0s]
2026-05-01 00:18:01 | INFO     | cross_validation |   CV result: 63.96% ± 2.11%
2026-05-01 00:18:01 | INFO     | cross_validation |   Combo 18/20: {'n_neighbors': 18}
2026-05-01 00:18:01 | DEBUG    | reduction | Scaler fitted on 639 samples, 166 features
2026-05-01 00:18:01 | INFO     | cross_validation |   Fold 1/5: train=639 (orig=639, aug=0), val=160, acc=65.62%  [0.0s]
2026-05-01 00:18:01 | DEBUG    | reduction | Scaler fitted on 639 samples, 166 features
2026-05-01 00:18:01 | INFO     | cross_validation |   Fold 2/5: train=639 (orig=639, aug=0), val=160, acc=62.50%  [0.0s]
2026-05-01 00:18:01 | DEBUG    | reduction | Scaler fitted on 639 samples, 166 features
2026-05-01 00:18:01 | INFO     | cross_validation |   Fold 3/5: train=639 (orig=639, aug=0), val=160, acc=63.75%  [0.0s]
2026-05-01 00:18:01 | DEBUG    | reduction | Scaler fitted on 639 samples, 166 features
2026-05-01 00:18:01 | INFO     | cross_validation |   Fold 4/5: train=639 (orig=639, aug=0), val=160, acc=62.50%  [0.0s]
2026-05-01 00:18:01 | DEBUG    | reduction | Scaler fitted on 640 samples, 166 features
2026-05-01 00:18:01 | INFO     | cross_validation |   Fold 5/5: train=640 (orig=640, aug=0), val=159, acc=64.15%  [0.0s]
2026-05-01 00:18:01 | INFO     | cross_validation |   CV result: 63.71% ± 1.17%
2026-05-01 00:18:01 | INFO     | cross_validation |   Combo 19/20: {'n_neighbors': 19}
2026-05-01 00:18:01 | DEBUG    | reduction | Scaler fitted on 639 samples, 166 features
2026-05-01 00:18:01 | INFO     | cross_validation |   Fold 1/5: train=639 (orig=639, aug=0), val=160, acc=65.62%  [0.0s]
2026-05-01 00:18:01 | DEBUG    | reduction | Scaler fitted on 639 samples, 166 features
2026-05-01 00:18:01 | INFO     | cross_validation |   Fold 2/5: train=639 (orig=639, aug=0), val=160, acc=62.50%  [0.0s]
2026-05-01 00:18:01 | DEBUG    | reduction | Scaler fitted on 639 samples, 166 features
2026-05-01 00:18:01 | INFO     | cross_validation |   Fold 3/5: train=639 (orig=639, aug=0), val=160, acc=61.88%  [0.0s]
2026-05-01 00:18:01 | DEBUG    | reduction | Scaler fitted on 639 samples, 166 features
2026-05-01 00:18:01 | INFO     | cross_validation |   Fold 4/5: train=639 (orig=639, aug=0), val=160, acc=63.75%  [0.0s]
2026-05-01 00:18:01 | DEBUG    | reduction | Scaler fitted on 640 samples, 166 features
2026-05-01 00:18:01 | INFO     | cross_validation |   Fold 5/5: train=640 (orig=640, aug=0), val=159, acc=62.26%  [0.0s]
2026-05-01 00:18:01 | INFO     | cross_validation |   CV result: 63.20% ± 1.36%
2026-05-01 00:18:01 | INFO     | cross_validation |   Combo 20/20: {'n_neighbors': 20}
2026-05-01 00:18:01 | DEBUG    | reduction | Scaler fitted on 639 samples, 166 features
2026-05-01 00:18:01 | INFO     | cross_validation |   Fold 1/5: train=639 (orig=639, aug=0), val=160, acc=66.25%  [0.0s]
2026-05-01 00:18:01 | DEBUG    | reduction | Scaler fitted on 639 samples, 166 features
2026-05-01 00:18:01 | INFO     | cross_validation |   Fold 2/5: train=639 (orig=639, aug=0), val=160, acc=63.75%  [0.0s]
2026-05-01 00:18:01 | DEBUG    | reduction | Scaler fitted on 639 samples, 166 features
2026-05-01 00:18:01 | INFO     | cross_validation |   Fold 3/5: train=639 (orig=639, aug=0), val=160, acc=60.62%  [0.0s]
2026-05-01 00:18:01 | DEBUG    | reduction | Scaler fitted on 639 samples, 166 features
2026-05-01 00:18:01 | INFO     | cross_validation |   Fold 4/5: train=639 (orig=639, aug=0), val=160, acc=63.75%  [0.0s]
2026-05-01 00:18:01 | DEBUG    | reduction | Scaler fitted on 640 samples, 166 features
2026-05-01 00:18:01 | INFO     | cross_validation |   Fold 5/5: train=640 (orig=640, aug=0), val=159, acc=62.89%  [0.0s]
2026-05-01 00:18:01 | INFO     | cross_validation |   CV result: 63.45% ± 1.81%
2026-05-01 00:18:01 | INFO     | cross_validation |   Best params: {'n_neighbors': 10}
2026-05-01 00:18:01 | INFO     | cross_validation |   Best CV: 66.08% ± 2.81%
2026-05-01 00:18:01 | INFO     | cross_validation | ✓ grid_search_cv finished in 0.6s
2026-05-01 00:18:01 | INFO     | main | ────────────────────────────────────────────────────────────
2026-05-01 00:18:01 | INFO     | main |   KNN [pca, aug]
2026-05-01 00:18:01 | INFO     | main | ────────────────────────────────────────────────────────────
2026-05-01 00:18:01 | INFO     | cross_validation | → grid_search_cv started
2026-05-01 00:18:01 | INFO     | cross_validation | Grid search: 20 parameter combinations × 5 folds
2026-05-01 00:18:01 | INFO     | cross_validation |   Combo 1/20: {'n_neighbors': 1}
2026-05-01 00:18:01 | DEBUG    | reduction | Scaler fitted on 639 samples, 166 features
2026-05-01 00:18:01 | DEBUG    | reduction | PCA: 166 → 82 components (95% var)
2026-05-01 00:18:02 | INFO     | cross_validation |   Fold 1/5: train=1917 (orig=639, aug=1278), val=160, acc=56.88%  [0.2s]
2026-05-01 00:18:02 | DEBUG    | reduction | Scaler fitted on 639 samples, 166 features
2026-05-01 00:18:02 | DEBUG    | reduction | PCA: 166 → 83 components (95% var)
2026-05-01 00:18:02 | INFO     | cross_validation |   Fold 2/5: train=1917 (orig=639, aug=1278), val=160, acc=60.62%  [0.1s]
2026-05-01 00:18:02 | DEBUG    | reduction | Scaler fitted on 639 samples, 166 features
2026-05-01 00:18:02 | DEBUG    | reduction | PCA: 166 → 83 components (95% var)
2026-05-01 00:18:02 | INFO     | cross_validation |   Fold 3/5: train=1917 (orig=639, aug=1278), val=160, acc=61.88%  [0.2s]
2026-05-01 00:18:02 | DEBUG    | reduction | Scaler fitted on 639 samples, 166 features
2026-05-01 00:18:02 | DEBUG    | reduction | PCA: 166 → 83 components (95% var)
2026-05-01 00:18:02 | INFO     | cross_validation |   Fold 4/5: train=1917 (orig=639, aug=1278), val=160, acc=57.50%  [0.2s]
2026-05-01 00:18:02 | DEBUG    | reduction | Scaler fitted on 640 samples, 166 features
2026-05-01 00:18:02 | DEBUG    | reduction | PCA: 166 → 82 components (95% var)
2026-05-01 00:18:02 | INFO     | cross_validation |   Fold 5/5: train=1920 (orig=640, aug=1280), val=159, acc=54.72%  [0.2s]
2026-05-01 00:18:02 | INFO     | cross_validation |   CV result: 58.32% ± 2.60%
2026-05-01 00:18:02 | INFO     | cross_validation |   Combo 2/20: {'n_neighbors': 2}
2026-05-01 00:18:02 | DEBUG    | reduction | Scaler fitted on 639 samples, 166 features
2026-05-01 00:18:02 | DEBUG    | reduction | PCA: 166 → 82 components (95% var)
2026-05-01 00:18:02 | INFO     | cross_validation |   Fold 1/5: train=1917 (orig=639, aug=1278), val=160, acc=58.75%  [0.2s]
2026-05-01 00:18:02 | DEBUG    | reduction | Scaler fitted on 639 samples, 166 features
2026-05-01 00:18:02 | DEBUG    | reduction | PCA: 166 → 83 components (95% var)
2026-05-01 00:18:03 | INFO     | cross_validation |   Fold 2/5: train=1917 (orig=639, aug=1278), val=160, acc=60.62%  [0.2s]
2026-05-01 00:18:03 | DEBUG    | reduction | Scaler fitted on 639 samples, 166 features
2026-05-01 00:18:03 | DEBUG    | reduction | PCA: 166 → 83 components (95% var)
2026-05-01 00:18:03 | INFO     | cross_validation |   Fold 3/5: train=1917 (orig=639, aug=1278), val=160, acc=63.12%  [0.2s]
2026-05-01 00:18:03 | DEBUG    | reduction | Scaler fitted on 639 samples, 166 features
2026-05-01 00:18:03 | DEBUG    | reduction | PCA: 166 → 83 components (95% var)
2026-05-01 00:18:03 | INFO     | cross_validation |   Fold 4/5: train=1917 (orig=639, aug=1278), val=160, acc=61.88%  [0.1s]
2026-05-01 00:18:03 | DEBUG    | reduction | Scaler fitted on 640 samples, 166 features
2026-05-01 00:18:03 | DEBUG    | reduction | PCA: 166 → 82 components (95% var)
2026-05-01 00:18:03 | INFO     | cross_validation |   Fold 5/5: train=1920 (orig=640, aug=1280), val=159, acc=57.86%  [0.1s]
2026-05-01 00:18:03 | INFO     | cross_validation |   CV result: 60.45% ± 1.94%
2026-05-01 00:18:03 | INFO     | cross_validation |   Combo 3/20: {'n_neighbors': 3}
2026-05-01 00:18:03 | DEBUG    | reduction | Scaler fitted on 639 samples, 166 features
2026-05-01 00:18:03 | DEBUG    | reduction | PCA: 166 → 82 components (95% var)
2026-05-01 00:18:03 | INFO     | cross_validation |   Fold 1/5: train=1917 (orig=639, aug=1278), val=160, acc=61.88%  [0.2s]
2026-05-01 00:18:03 | DEBUG    | reduction | Scaler fitted on 639 samples, 166 features
2026-05-01 00:18:03 | DEBUG    | reduction | PCA: 166 → 83 components (95% var)
2026-05-01 00:18:03 | INFO     | cross_validation |   Fold 2/5: train=1917 (orig=639, aug=1278), val=160, acc=62.50%  [0.1s]
2026-05-01 00:18:03 | DEBUG    | reduction | Scaler fitted on 639 samples, 166 features
2026-05-01 00:18:03 | DEBUG    | reduction | PCA: 166 → 83 components (95% var)
2026-05-01 00:18:04 | INFO     | cross_validation |   Fold 3/5: train=1917 (orig=639, aug=1278), val=160, acc=64.38%  [0.2s]
2026-05-01 00:18:04 | DEBUG    | reduction | Scaler fitted on 639 samples, 166 features
2026-05-01 00:18:04 | DEBUG    | reduction | PCA: 166 → 83 components (95% var)
2026-05-01 00:18:04 | INFO     | cross_validation |   Fold 4/5: train=1917 (orig=639, aug=1278), val=160, acc=54.37%  [0.1s]
2026-05-01 00:18:04 | DEBUG    | reduction | Scaler fitted on 640 samples, 166 features
2026-05-01 00:18:04 | DEBUG    | reduction | PCA: 166 → 82 components (95% var)
2026-05-01 00:18:04 | INFO     | cross_validation |   Fold 5/5: train=1920 (orig=640, aug=1280), val=159, acc=61.01%  [0.2s]
2026-05-01 00:18:04 | INFO     | cross_validation |   CV result: 60.83% ± 3.41%
2026-05-01 00:18:04 | INFO     | cross_validation |   Combo 4/20: {'n_neighbors': 4}
2026-05-01 00:18:04 | DEBUG    | reduction | Scaler fitted on 639 samples, 166 features
2026-05-01 00:18:04 | DEBUG    | reduction | PCA: 166 → 82 components (95% var)
2026-05-01 00:18:04 | INFO     | cross_validation |   Fold 1/5: train=1917 (orig=639, aug=1278), val=160, acc=62.50%  [0.2s]
2026-05-01 00:18:04 | DEBUG    | reduction | Scaler fitted on 639 samples, 166 features
2026-05-01 00:18:04 | DEBUG    | reduction | PCA: 166 → 83 components (95% var)
2026-05-01 00:18:04 | INFO     | cross_validation |   Fold 2/5: train=1917 (orig=639, aug=1278), val=160, acc=63.75%  [0.1s]
2026-05-01 00:18:04 | DEBUG    | reduction | Scaler fitted on 639 samples, 166 features
2026-05-01 00:18:04 | DEBUG    | reduction | PCA: 166 → 83 components (95% var)
2026-05-01 00:18:04 | INFO     | cross_validation |   Fold 3/5: train=1917 (orig=639, aug=1278), val=160, acc=67.50%  [0.1s]
2026-05-01 00:18:04 | DEBUG    | reduction | Scaler fitted on 639 samples, 166 features
2026-05-01 00:18:04 | DEBUG    | reduction | PCA: 166 → 83 components (95% var)
2026-05-01 00:18:04 | INFO     | cross_validation |   Fold 4/5: train=1917 (orig=639, aug=1278), val=160, acc=55.62%  [0.2s]
2026-05-01 00:18:04 | DEBUG    | reduction | Scaler fitted on 640 samples, 166 features
2026-05-01 00:18:05 | DEBUG    | reduction | PCA: 166 → 82 components (95% var)
2026-05-01 00:18:05 | INFO     | cross_validation |   Fold 5/5: train=1920 (orig=640, aug=1280), val=159, acc=62.89%  [0.2s]
2026-05-01 00:18:05 | INFO     | cross_validation |   CV result: 62.45% ± 3.85%
2026-05-01 00:18:05 | INFO     | cross_validation |   Combo 5/20: {'n_neighbors': 5}
2026-05-01 00:18:05 | DEBUG    | reduction | Scaler fitted on 639 samples, 166 features
2026-05-01 00:18:05 | DEBUG    | reduction | PCA: 166 → 82 components (95% var)
2026-05-01 00:18:05 | INFO     | cross_validation |   Fold 1/5: train=1917 (orig=639, aug=1278), val=160, acc=59.38%  [0.2s]
2026-05-01 00:18:05 | DEBUG    | reduction | Scaler fitted on 639 samples, 166 features
2026-05-01 00:18:05 | DEBUG    | reduction | PCA: 166 → 83 components (95% var)
2026-05-01 00:18:05 | INFO     | cross_validation |   Fold 2/5: train=1917 (orig=639, aug=1278), val=160, acc=63.75%  [0.1s]
2026-05-01 00:18:05 | DEBUG    | reduction | Scaler fitted on 639 samples, 166 features
2026-05-01 00:18:05 | DEBUG    | reduction | PCA: 166 → 83 components (95% var)
2026-05-01 00:18:05 | INFO     | cross_validation |   Fold 3/5: train=1917 (orig=639, aug=1278), val=160, acc=65.00%  [0.1s]
2026-05-01 00:18:05 | DEBUG    | reduction | Scaler fitted on 639 samples, 166 features
2026-05-01 00:18:05 | DEBUG    | reduction | PCA: 166 → 83 components (95% var)
2026-05-01 00:18:05 | INFO     | cross_validation |   Fold 4/5: train=1917 (orig=639, aug=1278), val=160, acc=56.25%  [0.2s]
2026-05-01 00:18:05 | DEBUG    | reduction | Scaler fitted on 640 samples, 166 features
2026-05-01 00:18:05 | DEBUG    | reduction | PCA: 166 → 82 components (95% var)
2026-05-01 00:18:05 | INFO     | cross_validation |   Fold 5/5: train=1920 (orig=640, aug=1280), val=159, acc=64.15%  [0.2s]
2026-05-01 00:18:05 | INFO     | cross_validation |   CV result: 61.71% ± 3.35%
2026-05-01 00:18:05 | INFO     | cross_validation |   Combo 6/20: {'n_neighbors': 6}
2026-05-01 00:18:05 | DEBUG    | reduction | Scaler fitted on 639 samples, 166 features
2026-05-01 00:18:05 | DEBUG    | reduction | PCA: 166 → 82 components (95% var)
2026-05-01 00:18:06 | INFO     | cross_validation |   Fold 1/5: train=1917 (orig=639, aug=1278), val=160, acc=60.00%  [0.1s]
2026-05-01 00:18:06 | DEBUG    | reduction | Scaler fitted on 639 samples, 166 features
2026-05-01 00:18:06 | DEBUG    | reduction | PCA: 166 → 83 components (95% var)
2026-05-01 00:18:06 | INFO     | cross_validation |   Fold 2/5: train=1917 (orig=639, aug=1278), val=160, acc=63.75%  [0.1s]
2026-05-01 00:18:06 | DEBUG    | reduction | Scaler fitted on 639 samples, 166 features
2026-05-01 00:18:06 | DEBUG    | reduction | PCA: 166 → 83 components (95% var)
2026-05-01 00:18:06 | INFO     | cross_validation |   Fold 3/5: train=1917 (orig=639, aug=1278), val=160, acc=65.00%  [0.2s]
2026-05-01 00:18:06 | DEBUG    | reduction | Scaler fitted on 639 samples, 166 features
2026-05-01 00:18:06 | DEBUG    | reduction | PCA: 166 → 83 components (95% var)
2026-05-01 00:18:06 | INFO     | cross_validation |   Fold 4/5: train=1917 (orig=639, aug=1278), val=160, acc=57.50%  [0.2s]
2026-05-01 00:18:06 | DEBUG    | reduction | Scaler fitted on 640 samples, 166 features
2026-05-01 00:18:06 | DEBUG    | reduction | PCA: 166 → 82 components (95% var)
2026-05-01 00:18:06 | INFO     | cross_validation |   Fold 5/5: train=1920 (orig=640, aug=1280), val=159, acc=61.64%  [0.1s]
2026-05-01 00:18:06 | INFO     | cross_validation |   CV result: 61.58% ± 2.67%
2026-05-01 00:18:06 | INFO     | cross_validation |   Combo 7/20: {'n_neighbors': 7}
2026-05-01 00:18:06 | DEBUG    | reduction | Scaler fitted on 639 samples, 166 features
2026-05-01 00:18:06 | DEBUG    | reduction | PCA: 166 → 82 components (95% var)
2026-05-01 00:18:06 | INFO     | cross_validation |   Fold 1/5: train=1917 (orig=639, aug=1278), val=160, acc=58.75%  [0.1s]
2026-05-01 00:18:06 | DEBUG    | reduction | Scaler fitted on 639 samples, 166 features
2026-05-01 00:18:06 | DEBUG    | reduction | PCA: 166 → 83 components (95% var)
2026-05-01 00:18:06 | INFO     | cross_validation |   Fold 2/5: train=1917 (orig=639, aug=1278), val=160, acc=66.88%  [0.2s]
2026-05-01 00:18:06 | DEBUG    | reduction | Scaler fitted on 639 samples, 166 features
2026-05-01 00:18:07 | DEBUG    | reduction | PCA: 166 → 83 components (95% var)
2026-05-01 00:18:07 | INFO     | cross_validation |   Fold 3/5: train=1917 (orig=639, aug=1278), val=160, acc=63.12%  [0.2s]
2026-05-01 00:18:07 | DEBUG    | reduction | Scaler fitted on 639 samples, 166 features
2026-05-01 00:18:07 | DEBUG    | reduction | PCA: 166 → 83 components (95% var)
2026-05-01 00:18:07 | INFO     | cross_validation |   Fold 4/5: train=1917 (orig=639, aug=1278), val=160, acc=53.12%  [0.2s]
2026-05-01 00:18:07 | DEBUG    | reduction | Scaler fitted on 640 samples, 166 features
2026-05-01 00:18:07 | DEBUG    | reduction | PCA: 166 → 82 components (95% var)
2026-05-01 00:18:07 | INFO     | cross_validation |   Fold 5/5: train=1920 (orig=640, aug=1280), val=159, acc=61.64%  [0.2s]
2026-05-01 00:18:07 | INFO     | cross_validation |   CV result: 60.70% ± 4.61%
2026-05-01 00:18:07 | INFO     | cross_validation |   Combo 8/20: {'n_neighbors': 8}
2026-05-01 00:18:07 | DEBUG    | reduction | Scaler fitted on 639 samples, 166 features
2026-05-01 00:18:07 | DEBUG    | reduction | PCA: 166 → 82 components (95% var)
2026-05-01 00:18:07 | INFO     | cross_validation |   Fold 1/5: train=1917 (orig=639, aug=1278), val=160, acc=58.75%  [0.1s]
2026-05-01 00:18:07 | DEBUG    | reduction | Scaler fitted on 639 samples, 166 features
2026-05-01 00:18:07 | DEBUG    | reduction | PCA: 166 → 83 components (95% var)
2026-05-01 00:18:07 | INFO     | cross_validation |   Fold 2/5: train=1917 (orig=639, aug=1278), val=160, acc=63.75%  [0.2s]
2026-05-01 00:18:07 | DEBUG    | reduction | Scaler fitted on 639 samples, 166 features
2026-05-01 00:18:07 | DEBUG    | reduction | PCA: 166 → 83 components (95% var)
2026-05-01 00:18:08 | INFO     | cross_validation |   Fold 3/5: train=1917 (orig=639, aug=1278), val=160, acc=63.75%  [0.2s]
2026-05-01 00:18:08 | DEBUG    | reduction | Scaler fitted on 639 samples, 166 features
2026-05-01 00:18:08 | DEBUG    | reduction | PCA: 166 → 83 components (95% var)
2026-05-01 00:18:08 | INFO     | cross_validation |   Fold 4/5: train=1917 (orig=639, aug=1278), val=160, acc=57.50%  [0.2s]
2026-05-01 00:18:08 | DEBUG    | reduction | Scaler fitted on 640 samples, 166 features
2026-05-01 00:18:08 | DEBUG    | reduction | PCA: 166 → 82 components (95% var)
2026-05-01 00:18:08 | INFO     | cross_validation |   Fold 5/5: train=1920 (orig=640, aug=1280), val=159, acc=59.75%  [0.1s]
2026-05-01 00:18:08 | INFO     | cross_validation |   CV result: 60.70% ± 2.59%
2026-05-01 00:18:08 | INFO     | cross_validation |   Combo 9/20: {'n_neighbors': 9}
2026-05-01 00:18:08 | DEBUG    | reduction | Scaler fitted on 639 samples, 166 features
2026-05-01 00:18:08 | DEBUG    | reduction | PCA: 166 → 82 components (95% var)
2026-05-01 00:18:08 | INFO     | cross_validation |   Fold 1/5: train=1917 (orig=639, aug=1278), val=160, acc=58.75%  [0.2s]
2026-05-01 00:18:08 | DEBUG    | reduction | Scaler fitted on 639 samples, 166 features
2026-05-01 00:18:08 | DEBUG    | reduction | PCA: 166 → 83 components (95% var)
2026-05-01 00:18:08 | INFO     | cross_validation |   Fold 2/5: train=1917 (orig=639, aug=1278), val=160, acc=64.38%  [0.2s]
2026-05-01 00:18:08 | DEBUG    | reduction | Scaler fitted on 639 samples, 166 features
2026-05-01 00:18:08 | DEBUG    | reduction | PCA: 166 → 83 components (95% var)
2026-05-01 00:18:08 | INFO     | cross_validation |   Fold 3/5: train=1917 (orig=639, aug=1278), val=160, acc=63.75%  [0.2s]
2026-05-01 00:18:08 | DEBUG    | reduction | Scaler fitted on 639 samples, 166 features
2026-05-01 00:18:08 | DEBUG    | reduction | PCA: 166 → 83 components (95% var)
2026-05-01 00:18:09 | INFO     | cross_validation |   Fold 4/5: train=1917 (orig=639, aug=1278), val=160, acc=59.38%  [0.2s]
2026-05-01 00:18:09 | DEBUG    | reduction | Scaler fitted on 640 samples, 166 features
2026-05-01 00:18:09 | DEBUG    | reduction | PCA: 166 → 82 components (95% var)
2026-05-01 00:18:09 | INFO     | cross_validation |   Fold 5/5: train=1920 (orig=640, aug=1280), val=159, acc=62.26%  [0.2s]
2026-05-01 00:18:09 | INFO     | cross_validation |   CV result: 61.70% ± 2.27%
2026-05-01 00:18:09 | INFO     | cross_validation |   Combo 10/20: {'n_neighbors': 10}
2026-05-01 00:18:09 | DEBUG    | reduction | Scaler fitted on 639 samples, 166 features
2026-05-01 00:18:09 | DEBUG    | reduction | PCA: 166 → 82 components (95% var)
2026-05-01 00:18:09 | INFO     | cross_validation |   Fold 1/5: train=1917 (orig=639, aug=1278), val=160, acc=61.88%  [0.1s]
2026-05-01 00:18:09 | DEBUG    | reduction | Scaler fitted on 639 samples, 166 features
2026-05-01 00:18:09 | DEBUG    | reduction | PCA: 166 → 83 components (95% var)
2026-05-01 00:18:09 | INFO     | cross_validation |   Fold 2/5: train=1917 (orig=639, aug=1278), val=160, acc=66.88%  [0.3s]
2026-05-01 00:18:09 | DEBUG    | reduction | Scaler fitted on 639 samples, 166 features
2026-05-01 00:18:09 | DEBUG    | reduction | PCA: 166 → 83 components (95% var)
2026-05-01 00:18:09 | INFO     | cross_validation |   Fold 3/5: train=1917 (orig=639, aug=1278), val=160, acc=66.25%  [0.2s]
2026-05-01 00:18:09 | DEBUG    | reduction | Scaler fitted on 639 samples, 166 features
2026-05-01 00:18:09 | DEBUG    | reduction | PCA: 166 → 83 components (95% var)
2026-05-01 00:18:09 | INFO     | cross_validation |   Fold 4/5: train=1917 (orig=639, aug=1278), val=160, acc=58.75%  [0.1s]
2026-05-01 00:18:09 | DEBUG    | reduction | Scaler fitted on 640 samples, 166 features
2026-05-01 00:18:10 | DEBUG    | reduction | PCA: 166 → 82 components (95% var)
2026-05-01 00:18:10 | INFO     | cross_validation |   Fold 5/5: train=1920 (orig=640, aug=1280), val=159, acc=62.89%  [0.2s]
2026-05-01 00:18:10 | INFO     | cross_validation |   CV result: 63.33% ± 2.98%
2026-05-01 00:18:10 | INFO     | cross_validation |   Combo 11/20: {'n_neighbors': 11}
2026-05-01 00:18:10 | DEBUG    | reduction | Scaler fitted on 639 samples, 166 features
2026-05-01 00:18:10 | DEBUG    | reduction | PCA: 166 → 82 components (95% var)
2026-05-01 00:18:10 | INFO     | cross_validation |   Fold 1/5: train=1917 (orig=639, aug=1278), val=160, acc=63.12%  [0.2s]
2026-05-01 00:18:10 | DEBUG    | reduction | Scaler fitted on 639 samples, 166 features
2026-05-01 00:18:10 | DEBUG    | reduction | PCA: 166 → 83 components (95% var)
2026-05-01 00:18:10 | INFO     | cross_validation |   Fold 2/5: train=1917 (orig=639, aug=1278), val=160, acc=66.88%  [0.1s]
2026-05-01 00:18:10 | DEBUG    | reduction | Scaler fitted on 639 samples, 166 features
2026-05-01 00:18:10 | DEBUG    | reduction | PCA: 166 → 83 components (95% var)
2026-05-01 00:18:10 | INFO     | cross_validation |   Fold 3/5: train=1917 (orig=639, aug=1278), val=160, acc=65.62%  [0.2s]
2026-05-01 00:18:10 | DEBUG    | reduction | Scaler fitted on 639 samples, 166 features
2026-05-01 00:18:10 | DEBUG    | reduction | PCA: 166 → 83 components (95% var)
2026-05-01 00:18:10 | INFO     | cross_validation |   Fold 4/5: train=1917 (orig=639, aug=1278), val=160, acc=58.75%  [0.1s]
2026-05-01 00:18:10 | DEBUG    | reduction | Scaler fitted on 640 samples, 166 features
2026-05-01 00:18:10 | DEBUG    | reduction | PCA: 166 → 82 components (95% var)
2026-05-01 00:18:10 | INFO     | cross_validation |   Fold 5/5: train=1920 (orig=640, aug=1280), val=159, acc=63.52%  [0.2s]
2026-05-01 00:18:10 | INFO     | cross_validation |   CV result: 63.58% ± 2.78%
2026-05-01 00:18:10 | INFO     | cross_validation |   Combo 12/20: {'n_neighbors': 12}
2026-05-01 00:18:10 | DEBUG    | reduction | Scaler fitted on 639 samples, 166 features
2026-05-01 00:18:10 | DEBUG    | reduction | PCA: 166 → 82 components (95% var)
2026-05-01 00:18:11 | INFO     | cross_validation |   Fold 1/5: train=1917 (orig=639, aug=1278), val=160, acc=68.75%  [0.2s]
2026-05-01 00:18:11 | DEBUG    | reduction | Scaler fitted on 639 samples, 166 features
2026-05-01 00:18:11 | DEBUG    | reduction | PCA: 166 → 83 components (95% var)
2026-05-01 00:18:11 | INFO     | cross_validation |   Fold 2/5: train=1917 (orig=639, aug=1278), val=160, acc=64.38%  [0.2s]
2026-05-01 00:18:11 | DEBUG    | reduction | Scaler fitted on 639 samples, 166 features
2026-05-01 00:18:11 | DEBUG    | reduction | PCA: 166 → 83 components (95% var)
2026-05-01 00:18:11 | INFO     | cross_validation |   Fold 3/5: train=1917 (orig=639, aug=1278), val=160, acc=68.12%  [0.2s]
2026-05-01 00:18:11 | DEBUG    | reduction | Scaler fitted on 639 samples, 166 features
2026-05-01 00:18:11 | DEBUG    | reduction | PCA: 166 → 83 components (95% var)
2026-05-01 00:18:11 | INFO     | cross_validation |   Fold 4/5: train=1917 (orig=639, aug=1278), val=160, acc=57.50%  [0.2s]
2026-05-01 00:18:11 | DEBUG    | reduction | Scaler fitted on 640 samples, 166 features
2026-05-01 00:18:11 | DEBUG    | reduction | PCA: 166 → 82 components (95% var)
2026-05-01 00:18:11 | INFO     | cross_validation |   Fold 5/5: train=1920 (orig=640, aug=1280), val=159, acc=64.78%  [0.1s]
2026-05-01 00:18:11 | INFO     | cross_validation |   CV result: 64.71% ± 4.00%
2026-05-01 00:18:11 | INFO     | cross_validation |   Combo 13/20: {'n_neighbors': 13}
2026-05-01 00:18:11 | DEBUG    | reduction | Scaler fitted on 639 samples, 166 features
2026-05-01 00:18:11 | DEBUG    | reduction | PCA: 166 → 82 components (95% var)
2026-05-01 00:18:11 | INFO     | cross_validation |   Fold 1/5: train=1917 (orig=639, aug=1278), val=160, acc=65.62%  [0.2s]
2026-05-01 00:18:11 | DEBUG    | reduction | Scaler fitted on 639 samples, 166 features
2026-05-01 00:18:11 | DEBUG    | reduction | PCA: 166 → 83 components (95% var)
2026-05-01 00:18:12 | INFO     | cross_validation |   Fold 2/5: train=1917 (orig=639, aug=1278), val=160, acc=66.25%  [0.2s]
2026-05-01 00:18:12 | DEBUG    | reduction | Scaler fitted on 639 samples, 166 features
2026-05-01 00:18:12 | DEBUG    | reduction | PCA: 166 → 83 components (95% var)
2026-05-01 00:18:12 | INFO     | cross_validation |   Fold 3/5: train=1917 (orig=639, aug=1278), val=160, acc=69.38%  [0.2s]
2026-05-01 00:18:12 | DEBUG    | reduction | Scaler fitted on 639 samples, 166 features
2026-05-01 00:18:12 | DEBUG    | reduction | PCA: 166 → 83 components (95% var)
2026-05-01 00:18:12 | INFO     | cross_validation |   Fold 4/5: train=1917 (orig=639, aug=1278), val=160, acc=56.25%  [0.1s]
2026-05-01 00:18:12 | DEBUG    | reduction | Scaler fitted on 640 samples, 166 features
2026-05-01 00:18:12 | DEBUG    | reduction | PCA: 166 → 82 components (95% var)
2026-05-01 00:18:12 | INFO     | cross_validation |   Fold 5/5: train=1920 (orig=640, aug=1280), val=159, acc=65.41%  [0.2s]
2026-05-01 00:18:12 | INFO     | cross_validation |   CV result: 64.58% ± 4.40%
2026-05-01 00:18:12 | INFO     | cross_validation |   Combo 14/20: {'n_neighbors': 14}
2026-05-01 00:18:12 | DEBUG    | reduction | Scaler fitted on 639 samples, 166 features
2026-05-01 00:18:12 | DEBUG    | reduction | PCA: 166 → 82 components (95% var)
2026-05-01 00:18:12 | INFO     | cross_validation |   Fold 1/5: train=1917 (orig=639, aug=1278), val=160, acc=63.75%  [0.2s]
2026-05-01 00:18:12 | DEBUG    | reduction | Scaler fitted on 639 samples, 166 features
2026-05-01 00:18:12 | DEBUG    | reduction | PCA: 166 → 83 components (95% var)
2026-05-01 00:18:12 | INFO     | cross_validation |   Fold 2/5: train=1917 (orig=639, aug=1278), val=160, acc=65.00%  [0.2s]
2026-05-01 00:18:12 | DEBUG    | reduction | Scaler fitted on 639 samples, 166 features
2026-05-01 00:18:13 | DEBUG    | reduction | PCA: 166 → 83 components (95% var)
2026-05-01 00:18:13 | INFO     | cross_validation |   Fold 3/5: train=1917 (orig=639, aug=1278), val=160, acc=68.75%  [0.2s]
2026-05-01 00:18:13 | DEBUG    | reduction | Scaler fitted on 639 samples, 166 features
2026-05-01 00:18:13 | DEBUG    | reduction | PCA: 166 → 83 components (95% var)
2026-05-01 00:18:13 | INFO     | cross_validation |   Fold 4/5: train=1917 (orig=639, aug=1278), val=160, acc=58.75%  [0.1s]
2026-05-01 00:18:13 | DEBUG    | reduction | Scaler fitted on 640 samples, 166 features
2026-05-01 00:18:13 | DEBUG    | reduction | PCA: 166 → 82 components (95% var)
2026-05-01 00:18:13 | INFO     | cross_validation |   Fold 5/5: train=1920 (orig=640, aug=1280), val=159, acc=66.04%  [0.1s]
2026-05-01 00:18:13 | INFO     | cross_validation |   CV result: 64.46% ± 3.30%
2026-05-01 00:18:13 | INFO     | cross_validation |   Combo 15/20: {'n_neighbors': 15}
2026-05-01 00:18:13 | DEBUG    | reduction | Scaler fitted on 639 samples, 166 features
2026-05-01 00:18:13 | DEBUG    | reduction | PCA: 166 → 82 components (95% var)
2026-05-01 00:18:13 | INFO     | cross_validation |   Fold 1/5: train=1917 (orig=639, aug=1278), val=160, acc=63.75%  [0.2s]
2026-05-01 00:18:13 | DEBUG    | reduction | Scaler fitted on 639 samples, 166 features
2026-05-01 00:18:13 | DEBUG    | reduction | PCA: 166 → 83 components (95% var)
2026-05-01 00:18:13 | INFO     | cross_validation |   Fold 2/5: train=1917 (orig=639, aug=1278), val=160, acc=64.38%  [0.2s]
2026-05-01 00:18:13 | DEBUG    | reduction | Scaler fitted on 639 samples, 166 features
2026-05-01 00:18:13 | DEBUG    | reduction | PCA: 166 → 83 components (95% var)
2026-05-01 00:18:13 | INFO     | cross_validation |   Fold 3/5: train=1917 (orig=639, aug=1278), val=160, acc=65.00%  [0.2s]
2026-05-01 00:18:13 | DEBUG    | reduction | Scaler fitted on 639 samples, 166 features
2026-05-01 00:18:14 | DEBUG    | reduction | PCA: 166 → 83 components (95% var)
2026-05-01 00:18:14 | INFO     | cross_validation |   Fold 4/5: train=1917 (orig=639, aug=1278), val=160, acc=57.50%  [0.2s]
2026-05-01 00:18:14 | DEBUG    | reduction | Scaler fitted on 640 samples, 166 features
2026-05-01 00:18:14 | DEBUG    | reduction | PCA: 166 → 82 components (95% var)
2026-05-01 00:18:14 | INFO     | cross_validation |   Fold 5/5: train=1920 (orig=640, aug=1280), val=159, acc=65.41%  [0.1s]
2026-05-01 00:18:14 | INFO     | cross_validation |   CV result: 63.21% ± 2.91%
2026-05-01 00:18:14 | INFO     | cross_validation |   Combo 16/20: {'n_neighbors': 16}
2026-05-01 00:18:14 | DEBUG    | reduction | Scaler fitted on 639 samples, 166 features
2026-05-01 00:18:14 | DEBUG    | reduction | PCA: 166 → 82 components (95% var)
2026-05-01 00:18:14 | INFO     | cross_validation |   Fold 1/5: train=1917 (orig=639, aug=1278), val=160, acc=65.62%  [0.3s]
2026-05-01 00:18:14 | DEBUG    | reduction | Scaler fitted on 639 samples, 166 features
2026-05-01 00:18:14 | DEBUG    | reduction | PCA: 166 → 83 components (95% var)
2026-05-01 00:18:14 | INFO     | cross_validation |   Fold 2/5: train=1917 (orig=639, aug=1278), val=160, acc=63.12%  [0.2s]
2026-05-01 00:18:14 | DEBUG    | reduction | Scaler fitted on 639 samples, 166 features
2026-05-01 00:18:14 | DEBUG    | reduction | PCA: 166 → 83 components (95% var)
2026-05-01 00:18:14 | INFO     | cross_validation |   Fold 3/5: train=1917 (orig=639, aug=1278), val=160, acc=66.25%  [0.2s]
2026-05-01 00:18:14 | DEBUG    | reduction | Scaler fitted on 639 samples, 166 features
2026-05-01 00:18:14 | DEBUG    | reduction | PCA: 166 → 83 components (95% var)
2026-05-01 00:18:15 | INFO     | cross_validation |   Fold 4/5: train=1917 (orig=639, aug=1278), val=160, acc=56.88%  [0.2s]
2026-05-01 00:18:15 | DEBUG    | reduction | Scaler fitted on 640 samples, 166 features
2026-05-01 00:18:15 | DEBUG    | reduction | PCA: 166 → 82 components (95% var)
2026-05-01 00:18:15 | INFO     | cross_validation |   Fold 5/5: train=1920 (orig=640, aug=1280), val=159, acc=64.15%  [0.2s]
2026-05-01 00:18:15 | INFO     | cross_validation |   CV result: 63.21% ± 3.35%
2026-05-01 00:18:15 | INFO     | cross_validation |   Combo 17/20: {'n_neighbors': 17}
2026-05-01 00:18:15 | DEBUG    | reduction | Scaler fitted on 639 samples, 166 features
2026-05-01 00:18:15 | DEBUG    | reduction | PCA: 166 → 82 components (95% var)
2026-05-01 00:18:15 | INFO     | cross_validation |   Fold 1/5: train=1917 (orig=639, aug=1278), val=160, acc=63.75%  [0.1s]
2026-05-01 00:18:15 | DEBUG    | reduction | Scaler fitted on 639 samples, 166 features
2026-05-01 00:18:15 | DEBUG    | reduction | PCA: 166 → 83 components (95% var)
2026-05-01 00:18:15 | INFO     | cross_validation |   Fold 2/5: train=1917 (orig=639, aug=1278), val=160, acc=64.38%  [0.2s]
2026-05-01 00:18:15 | DEBUG    | reduction | Scaler fitted on 639 samples, 166 features
2026-05-01 00:18:15 | DEBUG    | reduction | PCA: 166 → 83 components (95% var)
2026-05-01 00:18:15 | INFO     | cross_validation |   Fold 3/5: train=1917 (orig=639, aug=1278), val=160, acc=66.25%  [0.1s]
2026-05-01 00:18:15 | DEBUG    | reduction | Scaler fitted on 639 samples, 166 features
2026-05-01 00:18:15 | DEBUG    | reduction | PCA: 166 → 83 components (95% var)
2026-05-01 00:18:15 | INFO     | cross_validation |   Fold 4/5: train=1917 (orig=639, aug=1278), val=160, acc=58.75%  [0.2s]
2026-05-01 00:18:15 | DEBUG    | reduction | Scaler fitted on 640 samples, 166 features
2026-05-01 00:18:15 | DEBUG    | reduction | PCA: 166 → 82 components (95% var)
2026-05-01 00:18:16 | INFO     | cross_validation |   Fold 5/5: train=1920 (orig=640, aug=1280), val=159, acc=63.52%  [0.2s]
2026-05-01 00:18:16 | INFO     | cross_validation |   CV result: 63.33% ± 2.48%
2026-05-01 00:18:16 | INFO     | cross_validation |   Combo 18/20: {'n_neighbors': 18}
2026-05-01 00:18:16 | DEBUG    | reduction | Scaler fitted on 639 samples, 166 features
2026-05-01 00:18:16 | DEBUG    | reduction | PCA: 166 → 82 components (95% var)
2026-05-01 00:18:16 | INFO     | cross_validation |   Fold 1/5: train=1917 (orig=639, aug=1278), val=160, acc=65.00%  [0.1s]
2026-05-01 00:18:16 | DEBUG    | reduction | Scaler fitted on 639 samples, 166 features
2026-05-01 00:18:16 | DEBUG    | reduction | PCA: 166 → 83 components (95% var)
2026-05-01 00:18:16 | INFO     | cross_validation |   Fold 2/5: train=1917 (orig=639, aug=1278), val=160, acc=65.00%  [0.2s]
2026-05-01 00:18:16 | DEBUG    | reduction | Scaler fitted on 639 samples, 166 features
2026-05-01 00:18:16 | DEBUG    | reduction | PCA: 166 → 83 components (95% var)
2026-05-01 00:18:16 | INFO     | cross_validation |   Fold 3/5: train=1917 (orig=639, aug=1278), val=160, acc=66.88%  [0.1s]
2026-05-01 00:18:16 | DEBUG    | reduction | Scaler fitted on 639 samples, 166 features
2026-05-01 00:18:16 | DEBUG    | reduction | PCA: 166 → 83 components (95% var)
2026-05-01 00:18:16 | INFO     | cross_validation |   Fold 4/5: train=1917 (orig=639, aug=1278), val=160, acc=60.00%  [0.2s]
2026-05-01 00:18:16 | DEBUG    | reduction | Scaler fitted on 640 samples, 166 features
2026-05-01 00:18:16 | DEBUG    | reduction | PCA: 166 → 82 components (95% var)
2026-05-01 00:18:16 | INFO     | cross_validation |   Fold 5/5: train=1920 (orig=640, aug=1280), val=159, acc=63.52%  [0.2s]
2026-05-01 00:18:16 | INFO     | cross_validation |   CV result: 64.08% ± 2.30%
2026-05-01 00:18:16 | INFO     | cross_validation |   Combo 19/20: {'n_neighbors': 19}
2026-05-01 00:18:16 | DEBUG    | reduction | Scaler fitted on 639 samples, 166 features
2026-05-01 00:18:16 | DEBUG    | reduction | PCA: 166 → 82 components (95% var)
2026-05-01 00:18:16 | INFO     | cross_validation |   Fold 1/5: train=1917 (orig=639, aug=1278), val=160, acc=64.38%  [0.2s]
2026-05-01 00:18:16 | DEBUG    | reduction | Scaler fitted on 639 samples, 166 features
2026-05-01 00:18:17 | DEBUG    | reduction | PCA: 166 → 83 components (95% var)
2026-05-01 00:18:17 | INFO     | cross_validation |   Fold 2/5: train=1917 (orig=639, aug=1278), val=160, acc=66.25%  [0.2s]
2026-05-01 00:18:17 | DEBUG    | reduction | Scaler fitted on 639 samples, 166 features
2026-05-01 00:18:17 | DEBUG    | reduction | PCA: 166 → 83 components (95% var)
2026-05-01 00:18:17 | INFO     | cross_validation |   Fold 3/5: train=1917 (orig=639, aug=1278), val=160, acc=65.62%  [0.1s]
2026-05-01 00:18:17 | DEBUG    | reduction | Scaler fitted on 639 samples, 166 features
2026-05-01 00:18:17 | DEBUG    | reduction | PCA: 166 → 83 components (95% var)
2026-05-01 00:18:17 | INFO     | cross_validation |   Fold 4/5: train=1917 (orig=639, aug=1278), val=160, acc=61.88%  [0.1s]
2026-05-01 00:18:17 | DEBUG    | reduction | Scaler fitted on 640 samples, 166 features
2026-05-01 00:18:17 | DEBUG    | reduction | PCA: 166 → 82 components (95% var)
2026-05-01 00:18:17 | INFO     | cross_validation |   Fold 5/5: train=1920 (orig=640, aug=1280), val=159, acc=64.15%  [0.1s]
2026-05-01 00:18:17 | INFO     | cross_validation |   CV result: 64.46% ± 1.51%
2026-05-01 00:18:17 | INFO     | cross_validation |   Combo 20/20: {'n_neighbors': 20}
2026-05-01 00:18:17 | DEBUG    | reduction | Scaler fitted on 639 samples, 166 features
2026-05-01 00:18:17 | DEBUG    | reduction | PCA: 166 → 82 components (95% var)
2026-05-01 00:18:17 | INFO     | cross_validation |   Fold 1/5: train=1917 (orig=639, aug=1278), val=160, acc=63.75%  [0.1s]
2026-05-01 00:18:17 | DEBUG    | reduction | Scaler fitted on 639 samples, 166 features
2026-05-01 00:18:17 | DEBUG    | reduction | PCA: 166 → 83 components (95% var)
2026-05-01 00:18:17 | INFO     | cross_validation |   Fold 2/5: train=1917 (orig=639, aug=1278), val=160, acc=65.62%  [0.2s]
2026-05-01 00:18:17 | DEBUG    | reduction | Scaler fitted on 639 samples, 166 features
2026-05-01 00:18:17 | DEBUG    | reduction | PCA: 166 → 83 components (95% var)
2026-05-01 00:18:18 | INFO     | cross_validation |   Fold 3/5: train=1917 (orig=639, aug=1278), val=160, acc=68.75%  [0.1s]
2026-05-01 00:18:18 | DEBUG    | reduction | Scaler fitted on 639 samples, 166 features
2026-05-01 00:18:18 | DEBUG    | reduction | PCA: 166 → 83 components (95% var)
2026-05-01 00:18:18 | INFO     | cross_validation |   Fold 4/5: train=1917 (orig=639, aug=1278), val=160, acc=61.25%  [0.1s]
2026-05-01 00:18:18 | DEBUG    | reduction | Scaler fitted on 640 samples, 166 features
2026-05-01 00:18:18 | DEBUG    | reduction | PCA: 166 → 82 components (95% var)
2026-05-01 00:18:18 | INFO     | cross_validation |   Fold 5/5: train=1920 (orig=640, aug=1280), val=159, acc=65.41%  [0.1s]
2026-05-01 00:18:18 | INFO     | cross_validation |   CV result: 64.96% ± 2.46%
2026-05-01 00:18:18 | INFO     | cross_validation |   Best params: {'n_neighbors': 20}
2026-05-01 00:18:18 | INFO     | cross_validation |   Best CV: 64.96% ± 2.46%
2026-05-01 00:18:18 | INFO     | cross_validation | ✓ grid_search_cv finished in 16.4s
2026-05-01 00:18:18 | INFO     | main | ────────────────────────────────────────────────────────────
2026-05-01 00:18:18 | INFO     | main |   KNN [pca, no-aug]
2026-05-01 00:18:18 | INFO     | main | ────────────────────────────────────────────────────────────
2026-05-01 00:18:18 | INFO     | cross_validation | → grid_search_cv started
2026-05-01 00:18:18 | INFO     | cross_validation | Grid search: 20 parameter combinations × 5 folds
2026-05-01 00:18:18 | INFO     | cross_validation |   Combo 1/20: {'n_neighbors': 1}
2026-05-01 00:18:18 | DEBUG    | reduction | Scaler fitted on 639 samples, 166 features
2026-05-01 00:18:18 | DEBUG    | reduction | PCA: 166 → 82 components (95% var)
2026-05-01 00:18:18 | INFO     | cross_validation |   Fold 1/5: train=639 (orig=639, aug=0), val=160, acc=54.37%  [0.1s]
2026-05-01 00:18:18 | DEBUG    | reduction | Scaler fitted on 639 samples, 166 features
2026-05-01 00:18:18 | DEBUG    | reduction | PCA: 166 → 83 components (95% var)
2026-05-01 00:18:18 | INFO     | cross_validation |   Fold 2/5: train=639 (orig=639, aug=0), val=160, acc=63.12%  [0.1s]
2026-05-01 00:18:18 | DEBUG    | reduction | Scaler fitted on 639 samples, 166 features
2026-05-01 00:18:18 | DEBUG    | reduction | PCA: 166 → 83 components (95% var)
2026-05-01 00:18:18 | INFO     | cross_validation |   Fold 3/5: train=639 (orig=639, aug=0), val=160, acc=60.00%  [0.1s]
2026-05-01 00:18:18 | DEBUG    | reduction | Scaler fitted on 639 samples, 166 features
2026-05-01 00:18:18 | DEBUG    | reduction | PCA: 166 → 83 components (95% var)
2026-05-01 00:18:18 | INFO     | cross_validation |   Fold 4/5: train=639 (orig=639, aug=0), val=160, acc=60.00%  [0.1s]
2026-05-01 00:18:18 | DEBUG    | reduction | Scaler fitted on 640 samples, 166 features
2026-05-01 00:18:18 | DEBUG    | reduction | PCA: 166 → 82 components (95% var)
2026-05-01 00:18:18 | INFO     | cross_validation |   Fold 5/5: train=640 (orig=640, aug=0), val=159, acc=61.01%  [0.1s]
2026-05-01 00:18:18 | INFO     | cross_validation |   CV result: 59.70% ± 2.90%
2026-05-01 00:18:18 | INFO     | cross_validation |   Combo 2/20: {'n_neighbors': 2}
2026-05-01 00:18:19 | DEBUG    | reduction | Scaler fitted on 639 samples, 166 features
2026-05-01 00:18:19 | DEBUG    | reduction | PCA: 166 → 82 components (95% var)
2026-05-01 00:18:19 | INFO     | cross_validation |   Fold 1/5: train=639 (orig=639, aug=0), val=160, acc=59.38%  [0.2s]
2026-05-01 00:18:19 | DEBUG    | reduction | Scaler fitted on 639 samples, 166 features
2026-05-01 00:18:19 | DEBUG    | reduction | PCA: 166 → 83 components (95% var)
2026-05-01 00:18:19 | INFO     | cross_validation |   Fold 2/5: train=639 (orig=639, aug=0), val=160, acc=63.12%  [0.1s]
2026-05-01 00:18:19 | DEBUG    | reduction | Scaler fitted on 639 samples, 166 features
2026-05-01 00:18:19 | DEBUG    | reduction | PCA: 166 → 83 components (95% var)
2026-05-01 00:18:19 | INFO     | cross_validation |   Fold 3/5: train=639 (orig=639, aug=0), val=160, acc=60.62%  [0.1s]
2026-05-01 00:18:19 | DEBUG    | reduction | Scaler fitted on 639 samples, 166 features
2026-05-01 00:18:19 | DEBUG    | reduction | PCA: 166 → 83 components (95% var)
2026-05-01 00:18:19 | INFO     | cross_validation |   Fold 4/5: train=639 (orig=639, aug=0), val=160, acc=62.50%  [0.1s]
2026-05-01 00:18:19 | DEBUG    | reduction | Scaler fitted on 640 samples, 166 features
2026-05-01 00:18:19 | DEBUG    | reduction | PCA: 166 → 82 components (95% var)
2026-05-01 00:18:19 | INFO     | cross_validation |   Fold 5/5: train=640 (orig=640, aug=0), val=159, acc=59.12%  [0.3s]
2026-05-01 00:18:19 | INFO     | cross_validation |   CV result: 60.95% ± 1.62%
2026-05-01 00:18:19 | INFO     | cross_validation |   Combo 3/20: {'n_neighbors': 3}
2026-05-01 00:18:19 | DEBUG    | reduction | Scaler fitted on 639 samples, 166 features
2026-05-01 00:18:19 | DEBUG    | reduction | PCA: 166 → 82 components (95% var)
2026-05-01 00:18:19 | INFO     | cross_validation |   Fold 1/5: train=639 (orig=639, aug=0), val=160, acc=60.62%  [0.1s]
2026-05-01 00:18:19 | DEBUG    | reduction | Scaler fitted on 639 samples, 166 features
2026-05-01 00:18:19 | DEBUG    | reduction | PCA: 166 → 83 components (95% var)
2026-05-01 00:18:20 | INFO     | cross_validation |   Fold 2/5: train=639 (orig=639, aug=0), val=160, acc=63.75%  [0.1s]
2026-05-01 00:18:20 | DEBUG    | reduction | Scaler fitted on 639 samples, 166 features
2026-05-01 00:18:20 | DEBUG    | reduction | PCA: 166 → 83 components (95% var)
2026-05-01 00:18:20 | INFO     | cross_validation |   Fold 3/5: train=639 (orig=639, aug=0), val=160, acc=60.62%  [0.1s]
2026-05-01 00:18:20 | DEBUG    | reduction | Scaler fitted on 639 samples, 166 features
2026-05-01 00:18:20 | DEBUG    | reduction | PCA: 166 → 83 components (95% var)
2026-05-01 00:18:20 | INFO     | cross_validation |   Fold 4/5: train=639 (orig=639, aug=0), val=160, acc=59.38%  [0.1s]
2026-05-01 00:18:20 | DEBUG    | reduction | Scaler fitted on 640 samples, 166 features
2026-05-01 00:18:20 | DEBUG    | reduction | PCA: 166 → 82 components (95% var)
2026-05-01 00:18:20 | INFO     | cross_validation |   Fold 5/5: train=640 (orig=640, aug=0), val=159, acc=56.60%  [0.1s]
2026-05-01 00:18:20 | INFO     | cross_validation |   CV result: 60.20% ± 2.31%
2026-05-01 00:18:20 | INFO     | cross_validation |   Combo 4/20: {'n_neighbors': 4}
2026-05-01 00:18:20 | DEBUG    | reduction | Scaler fitted on 639 samples, 166 features
2026-05-01 00:18:20 | DEBUG    | reduction | PCA: 166 → 82 components (95% var)
2026-05-01 00:18:20 | INFO     | cross_validation |   Fold 1/5: train=639 (orig=639, aug=0), val=160, acc=66.25%  [0.1s]
2026-05-01 00:18:20 | DEBUG    | reduction | Scaler fitted on 639 samples, 166 features
2026-05-01 00:18:20 | DEBUG    | reduction | PCA: 166 → 83 components (95% var)
2026-05-01 00:18:20 | INFO     | cross_validation |   Fold 2/5: train=639 (orig=639, aug=0), val=160, acc=61.88%  [0.1s]
2026-05-01 00:18:20 | DEBUG    | reduction | Scaler fitted on 639 samples, 166 features
2026-05-01 00:18:20 | DEBUG    | reduction | PCA: 166 → 83 components (95% var)
2026-05-01 00:18:20 | INFO     | cross_validation |   Fold 3/5: train=639 (orig=639, aug=0), val=160, acc=65.62%  [0.1s]
2026-05-01 00:18:20 | DEBUG    | reduction | Scaler fitted on 639 samples, 166 features
2026-05-01 00:18:20 | DEBUG    | reduction | PCA: 166 → 83 components (95% var)
2026-05-01 00:18:20 | INFO     | cross_validation |   Fold 4/5: train=639 (orig=639, aug=0), val=160, acc=57.50%  [0.1s]
2026-05-01 00:18:20 | DEBUG    | reduction | Scaler fitted on 640 samples, 166 features
2026-05-01 00:18:20 | DEBUG    | reduction | PCA: 166 → 82 components (95% var)
2026-05-01 00:18:21 | INFO     | cross_validation |   Fold 5/5: train=640 (orig=640, aug=0), val=159, acc=57.23%  [0.1s]
2026-05-01 00:18:21 | INFO     | cross_validation |   CV result: 61.70% ± 3.84%
2026-05-01 00:18:21 | INFO     | cross_validation |   Combo 5/20: {'n_neighbors': 5}
2026-05-01 00:18:21 | DEBUG    | reduction | Scaler fitted on 639 samples, 166 features
2026-05-01 00:18:21 | DEBUG    | reduction | PCA: 166 → 82 components (95% var)
2026-05-01 00:18:21 | INFO     | cross_validation |   Fold 1/5: train=639 (orig=639, aug=0), val=160, acc=61.88%  [0.1s]
2026-05-01 00:18:21 | DEBUG    | reduction | Scaler fitted on 639 samples, 166 features
2026-05-01 00:18:21 | DEBUG    | reduction | PCA: 166 → 83 components (95% var)
2026-05-01 00:18:21 | INFO     | cross_validation |   Fold 2/5: train=639 (orig=639, aug=0), val=160, acc=58.13%  [0.1s]
2026-05-01 00:18:21 | DEBUG    | reduction | Scaler fitted on 639 samples, 166 features
2026-05-01 00:18:21 | DEBUG    | reduction | PCA: 166 → 83 components (95% var)
2026-05-01 00:18:21 | INFO     | cross_validation |   Fold 3/5: train=639 (orig=639, aug=0), val=160, acc=61.25%  [0.1s]
2026-05-01 00:18:21 | DEBUG    | reduction | Scaler fitted on 639 samples, 166 features
2026-05-01 00:18:21 | DEBUG    | reduction | PCA: 166 → 83 components (95% var)
2026-05-01 00:18:21 | INFO     | cross_validation |   Fold 4/5: train=639 (orig=639, aug=0), val=160, acc=59.38%  [0.1s]
2026-05-01 00:18:21 | DEBUG    | reduction | Scaler fitted on 640 samples, 166 features
2026-05-01 00:18:21 | DEBUG    | reduction | PCA: 166 → 82 components (95% var)
2026-05-01 00:18:21 | INFO     | cross_validation |   Fold 5/5: train=640 (orig=640, aug=0), val=159, acc=61.64%  [0.1s]
2026-05-01 00:18:21 | INFO     | cross_validation |   CV result: 60.45% ± 1.46%
2026-05-01 00:18:21 | INFO     | cross_validation |   Combo 6/20: {'n_neighbors': 6}
2026-05-01 00:18:21 | DEBUG    | reduction | Scaler fitted on 639 samples, 166 features
2026-05-01 00:18:21 | DEBUG    | reduction | PCA: 166 → 82 components (95% var)
2026-05-01 00:18:21 | INFO     | cross_validation |   Fold 1/5: train=639 (orig=639, aug=0), val=160, acc=65.62%  [0.1s]
2026-05-01 00:18:21 | DEBUG    | reduction | Scaler fitted on 639 samples, 166 features
2026-05-01 00:18:21 | DEBUG    | reduction | PCA: 166 → 83 components (95% var)
2026-05-01 00:18:21 | INFO     | cross_validation |   Fold 2/5: train=639 (orig=639, aug=0), val=160, acc=60.62%  [0.1s]
2026-05-01 00:18:21 | DEBUG    | reduction | Scaler fitted on 639 samples, 166 features
2026-05-01 00:18:21 | DEBUG    | reduction | PCA: 166 → 83 components (95% var)
2026-05-01 00:18:22 | INFO     | cross_validation |   Fold 3/5: train=639 (orig=639, aug=0), val=160, acc=63.12%  [0.1s]
2026-05-01 00:18:22 | DEBUG    | reduction | Scaler fitted on 639 samples, 166 features
2026-05-01 00:18:22 | DEBUG    | reduction | PCA: 166 → 83 components (95% var)
2026-05-01 00:18:22 | INFO     | cross_validation |   Fold 4/5: train=639 (orig=639, aug=0), val=160, acc=58.75%  [0.1s]
2026-05-01 00:18:22 | DEBUG    | reduction | Scaler fitted on 640 samples, 166 features
2026-05-01 00:18:22 | DEBUG    | reduction | PCA: 166 → 82 components (95% var)
2026-05-01 00:18:22 | INFO     | cross_validation |   Fold 5/5: train=640 (orig=640, aug=0), val=159, acc=61.64%  [0.1s]
2026-05-01 00:18:22 | INFO     | cross_validation |   CV result: 61.95% ± 2.32%
2026-05-01 00:18:22 | INFO     | cross_validation |   Combo 7/20: {'n_neighbors': 7}
2026-05-01 00:18:22 | DEBUG    | reduction | Scaler fitted on 639 samples, 166 features
2026-05-01 00:18:22 | DEBUG    | reduction | PCA: 166 → 82 components (95% var)
2026-05-01 00:18:22 | INFO     | cross_validation |   Fold 1/5: train=639 (orig=639, aug=0), val=160, acc=64.38%  [0.1s]
2026-05-01 00:18:22 | DEBUG    | reduction | Scaler fitted on 639 samples, 166 features
2026-05-01 00:18:22 | DEBUG    | reduction | PCA: 166 → 83 components (95% var)
2026-05-01 00:18:22 | INFO     | cross_validation |   Fold 2/5: train=639 (orig=639, aug=0), val=160, acc=61.88%  [0.1s]
2026-05-01 00:18:22 | DEBUG    | reduction | Scaler fitted on 639 samples, 166 features
2026-05-01 00:18:22 | DEBUG    | reduction | PCA: 166 → 83 components (95% var)
2026-05-01 00:18:22 | INFO     | cross_validation |   Fold 3/5: train=639 (orig=639, aug=0), val=160, acc=63.12%  [0.1s]
2026-05-01 00:18:22 | DEBUG    | reduction | Scaler fitted on 639 samples, 166 features
2026-05-01 00:18:22 | DEBUG    | reduction | PCA: 166 → 83 components (95% var)
2026-05-01 00:18:22 | INFO     | cross_validation |   Fold 4/5: train=639 (orig=639, aug=0), val=160, acc=60.00%  [0.1s]
2026-05-01 00:18:22 | DEBUG    | reduction | Scaler fitted on 640 samples, 166 features
2026-05-01 00:18:22 | DEBUG    | reduction | PCA: 166 → 82 components (95% var)
2026-05-01 00:18:22 | INFO     | cross_validation |   Fold 5/5: train=640 (orig=640, aug=0), val=159, acc=63.52%  [0.1s]
2026-05-01 00:18:22 | INFO     | cross_validation |   CV result: 62.58% ± 1.52%
2026-05-01 00:18:22 | INFO     | cross_validation |   Combo 8/20: {'n_neighbors': 8}
2026-05-01 00:18:22 | DEBUG    | reduction | Scaler fitted on 639 samples, 166 features
2026-05-01 00:18:22 | DEBUG    | reduction | PCA: 166 → 82 components (95% var)
2026-05-01 00:18:23 | INFO     | cross_validation |   Fold 1/5: train=639 (orig=639, aug=0), val=160, acc=65.00%  [0.1s]
2026-05-01 00:18:23 | DEBUG    | reduction | Scaler fitted on 639 samples, 166 features
2026-05-01 00:18:23 | DEBUG    | reduction | PCA: 166 → 83 components (95% var)
2026-05-01 00:18:23 | INFO     | cross_validation |   Fold 2/5: train=639 (orig=639, aug=0), val=160, acc=65.62%  [0.2s]
2026-05-01 00:18:23 | DEBUG    | reduction | Scaler fitted on 639 samples, 166 features
2026-05-01 00:18:23 | DEBUG    | reduction | PCA: 166 → 83 components (95% var)
2026-05-01 00:18:23 | INFO     | cross_validation |   Fold 3/5: train=639 (orig=639, aug=0), val=160, acc=61.25%  [0.1s]
2026-05-01 00:18:23 | DEBUG    | reduction | Scaler fitted on 639 samples, 166 features
2026-05-01 00:18:23 | DEBUG    | reduction | PCA: 166 → 83 components (95% var)
2026-05-01 00:18:23 | INFO     | cross_validation |   Fold 4/5: train=639 (orig=639, aug=0), val=160, acc=60.62%  [0.1s]
2026-05-01 00:18:23 | DEBUG    | reduction | Scaler fitted on 640 samples, 166 features
2026-05-01 00:18:23 | DEBUG    | reduction | PCA: 166 → 82 components (95% var)
2026-05-01 00:18:23 | INFO     | cross_validation |   Fold 5/5: train=640 (orig=640, aug=0), val=159, acc=66.04%  [0.1s]
2026-05-01 00:18:23 | INFO     | cross_validation |   CV result: 63.71% ± 2.29%
2026-05-01 00:18:23 | INFO     | cross_validation |   Combo 9/20: {'n_neighbors': 9}
2026-05-01 00:18:23 | DEBUG    | reduction | Scaler fitted on 639 samples, 166 features
2026-05-01 00:18:23 | DEBUG    | reduction | PCA: 166 → 82 components (95% var)
2026-05-01 00:18:23 | INFO     | cross_validation |   Fold 1/5: train=639 (orig=639, aug=0), val=160, acc=65.62%  [0.1s]
2026-05-01 00:18:23 | DEBUG    | reduction | Scaler fitted on 639 samples, 166 features
2026-05-01 00:18:23 | DEBUG    | reduction | PCA: 166 → 83 components (95% var)
2026-05-01 00:18:23 | INFO     | cross_validation |   Fold 2/5: train=639 (orig=639, aug=0), val=160, acc=64.38%  [0.1s]
2026-05-01 00:18:23 | DEBUG    | reduction | Scaler fitted on 639 samples, 166 features
2026-05-01 00:18:23 | DEBUG    | reduction | PCA: 166 → 83 components (95% var)
2026-05-01 00:18:23 | INFO     | cross_validation |   Fold 3/5: train=639 (orig=639, aug=0), val=160, acc=65.62%  [0.1s]
2026-05-01 00:18:23 | DEBUG    | reduction | Scaler fitted on 639 samples, 166 features
2026-05-01 00:18:23 | DEBUG    | reduction | PCA: 166 → 83 components (95% var)
2026-05-01 00:18:24 | INFO     | cross_validation |   Fold 4/5: train=639 (orig=639, aug=0), val=160, acc=58.75%  [0.1s]
2026-05-01 00:18:24 | DEBUG    | reduction | Scaler fitted on 640 samples, 166 features
2026-05-01 00:18:24 | DEBUG    | reduction | PCA: 166 → 82 components (95% var)
2026-05-01 00:18:24 | INFO     | cross_validation |   Fold 5/5: train=640 (orig=640, aug=0), val=159, acc=62.26%  [0.1s]
2026-05-01 00:18:24 | INFO     | cross_validation |   CV result: 63.33% ± 2.60%
2026-05-01 00:18:24 | INFO     | cross_validation |   Combo 10/20: {'n_neighbors': 10}
2026-05-01 00:18:24 | DEBUG    | reduction | Scaler fitted on 639 samples, 166 features
2026-05-01 00:18:24 | DEBUG    | reduction | PCA: 166 → 82 components (95% var)
2026-05-01 00:18:24 | INFO     | cross_validation |   Fold 1/5: train=639 (orig=639, aug=0), val=160, acc=70.00%  [0.1s]
2026-05-01 00:18:24 | DEBUG    | reduction | Scaler fitted on 639 samples, 166 features
2026-05-01 00:18:24 | DEBUG    | reduction | PCA: 166 → 83 components (95% var)
2026-05-01 00:18:24 | INFO     | cross_validation |   Fold 2/5: train=639 (orig=639, aug=0), val=160, acc=63.12%  [0.1s]
2026-05-01 00:18:24 | DEBUG    | reduction | Scaler fitted on 639 samples, 166 features
2026-05-01 00:18:24 | DEBUG    | reduction | PCA: 166 → 83 components (95% var)
2026-05-01 00:18:24 | INFO     | cross_validation |   Fold 3/5: train=639 (orig=639, aug=0), val=160, acc=65.00%  [0.1s]
2026-05-01 00:18:24 | DEBUG    | reduction | Scaler fitted on 639 samples, 166 features
2026-05-01 00:18:24 | DEBUG    | reduction | PCA: 166 → 83 components (95% var)
2026-05-01 00:18:24 | INFO     | cross_validation |   Fold 4/5: train=639 (orig=639, aug=0), val=160, acc=58.75%  [0.1s]
2026-05-01 00:18:24 | DEBUG    | reduction | Scaler fitted on 640 samples, 166 features
2026-05-01 00:18:24 | DEBUG    | reduction | PCA: 166 → 82 components (95% var)
2026-05-01 00:18:24 | INFO     | cross_validation |   Fold 5/5: train=640 (orig=640, aug=0), val=159, acc=62.26%  [0.1s]
2026-05-01 00:18:24 | INFO     | cross_validation |   CV result: 63.83% ± 3.69%
2026-05-01 00:18:24 | INFO     | cross_validation |   Combo 11/20: {'n_neighbors': 11}
2026-05-01 00:18:24 | DEBUG    | reduction | Scaler fitted on 639 samples, 166 features
2026-05-01 00:18:24 | DEBUG    | reduction | PCA: 166 → 82 components (95% var)
2026-05-01 00:18:24 | INFO     | cross_validation |   Fold 1/5: train=639 (orig=639, aug=0), val=160, acc=66.25%  [0.1s]
2026-05-01 00:18:24 | DEBUG    | reduction | Scaler fitted on 639 samples, 166 features
2026-05-01 00:18:24 | DEBUG    | reduction | PCA: 166 → 83 components (95% var)
2026-05-01 00:18:25 | INFO     | cross_validation |   Fold 2/5: train=639 (orig=639, aug=0), val=160, acc=62.50%  [0.1s]
2026-05-01 00:18:25 | DEBUG    | reduction | Scaler fitted on 639 samples, 166 features
2026-05-01 00:18:25 | DEBUG    | reduction | PCA: 166 → 83 components (95% var)
2026-05-01 00:18:25 | INFO     | cross_validation |   Fold 3/5: train=639 (orig=639, aug=0), val=160, acc=65.62%  [0.1s]
2026-05-01 00:18:25 | DEBUG    | reduction | Scaler fitted on 639 samples, 166 features
2026-05-01 00:18:25 | DEBUG    | reduction | PCA: 166 → 83 components (95% var)
2026-05-01 00:18:25 | INFO     | cross_validation |   Fold 4/5: train=639 (orig=639, aug=0), val=160, acc=61.88%  [0.1s]
2026-05-01 00:18:25 | DEBUG    | reduction | Scaler fitted on 640 samples, 166 features
2026-05-01 00:18:25 | DEBUG    | reduction | PCA: 166 → 82 components (95% var)
2026-05-01 00:18:25 | INFO     | cross_validation |   Fold 5/5: train=640 (orig=640, aug=0), val=159, acc=61.01%  [0.1s]
2026-05-01 00:18:25 | INFO     | cross_validation |   CV result: 63.45% ± 2.09%
2026-05-01 00:18:25 | INFO     | cross_validation |   Combo 12/20: {'n_neighbors': 12}
2026-05-01 00:18:25 | DEBUG    | reduction | Scaler fitted on 639 samples, 166 features
2026-05-01 00:18:25 | DEBUG    | reduction | PCA: 166 → 82 components (95% var)
2026-05-01 00:18:25 | INFO     | cross_validation |   Fold 1/5: train=639 (orig=639, aug=0), val=160, acc=65.62%  [0.1s]
2026-05-01 00:18:25 | DEBUG    | reduction | Scaler fitted on 639 samples, 166 features
2026-05-01 00:18:25 | DEBUG    | reduction | PCA: 166 → 83 components (95% var)
2026-05-01 00:18:25 | INFO     | cross_validation |   Fold 2/5: train=639 (orig=639, aug=0), val=160, acc=64.38%  [0.1s]
2026-05-01 00:18:25 | DEBUG    | reduction | Scaler fitted on 639 samples, 166 features
2026-05-01 00:18:25 | DEBUG    | reduction | PCA: 166 → 83 components (95% var)
2026-05-01 00:18:25 | INFO     | cross_validation |   Fold 3/5: train=639 (orig=639, aug=0), val=160, acc=64.38%  [0.1s]
2026-05-01 00:18:25 | DEBUG    | reduction | Scaler fitted on 639 samples, 166 features
2026-05-01 00:18:25 | DEBUG    | reduction | PCA: 166 → 83 components (95% var)
2026-05-01 00:18:25 | INFO     | cross_validation |   Fold 4/5: train=639 (orig=639, aug=0), val=160, acc=63.75%  [0.1s]
2026-05-01 00:18:25 | DEBUG    | reduction | Scaler fitted on 640 samples, 166 features
2026-05-01 00:18:25 | DEBUG    | reduction | PCA: 166 → 82 components (95% var)
2026-05-01 00:18:26 | INFO     | cross_validation |   Fold 5/5: train=640 (orig=640, aug=0), val=159, acc=60.38%  [0.1s]
2026-05-01 00:18:26 | INFO     | cross_validation |   CV result: 63.70% ± 1.77%
2026-05-01 00:18:26 | INFO     | cross_validation |   Combo 13/20: {'n_neighbors': 13}
2026-05-01 00:18:26 | DEBUG    | reduction | Scaler fitted on 639 samples, 166 features
2026-05-01 00:18:26 | DEBUG    | reduction | PCA: 166 → 82 components (95% var)
2026-05-01 00:18:26 | INFO     | cross_validation |   Fold 1/5: train=639 (orig=639, aug=0), val=160, acc=66.25%  [0.1s]
2026-05-01 00:18:26 | DEBUG    | reduction | Scaler fitted on 639 samples, 166 features
2026-05-01 00:18:26 | DEBUG    | reduction | PCA: 166 → 83 components (95% var)
2026-05-01 00:18:26 | INFO     | cross_validation |   Fold 2/5: train=639 (orig=639, aug=0), val=160, acc=63.12%  [0.1s]
2026-05-01 00:18:26 | DEBUG    | reduction | Scaler fitted on 639 samples, 166 features
2026-05-01 00:18:26 | DEBUG    | reduction | PCA: 166 → 83 components (95% var)
2026-05-01 00:18:26 | INFO     | cross_validation |   Fold 3/5: train=639 (orig=639, aug=0), val=160, acc=64.38%  [0.1s]
2026-05-01 00:18:26 | DEBUG    | reduction | Scaler fitted on 639 samples, 166 features
2026-05-01 00:18:26 | DEBUG    | reduction | PCA: 166 → 83 components (95% var)
2026-05-01 00:18:26 | INFO     | cross_validation |   Fold 4/5: train=639 (orig=639, aug=0), val=160, acc=61.88%  [0.2s]
2026-05-01 00:18:26 | DEBUG    | reduction | Scaler fitted on 640 samples, 166 features
2026-05-01 00:18:26 | DEBUG    | reduction | PCA: 166 → 82 components (95% var)
2026-05-01 00:18:26 | INFO     | cross_validation |   Fold 5/5: train=640 (orig=640, aug=0), val=159, acc=64.78%  [0.1s]
2026-05-01 00:18:26 | INFO     | cross_validation |   CV result: 64.08% ± 1.49%
2026-05-01 00:18:26 | INFO     | cross_validation |   Combo 14/20: {'n_neighbors': 14}
2026-05-01 00:18:26 | DEBUG    | reduction | Scaler fitted on 639 samples, 166 features
2026-05-01 00:18:26 | DEBUG    | reduction | PCA: 166 → 82 components (95% var)
2026-05-01 00:18:26 | INFO     | cross_validation |   Fold 1/5: train=639 (orig=639, aug=0), val=160, acc=67.50%  [0.1s]
2026-05-01 00:18:26 | DEBUG    | reduction | Scaler fitted on 639 samples, 166 features
2026-05-01 00:18:26 | DEBUG    | reduction | PCA: 166 → 83 components (95% var)
2026-05-01 00:18:27 | INFO     | cross_validation |   Fold 2/5: train=639 (orig=639, aug=0), val=160, acc=63.12%  [0.1s]
2026-05-01 00:18:27 | DEBUG    | reduction | Scaler fitted on 639 samples, 166 features
2026-05-01 00:18:27 | DEBUG    | reduction | PCA: 166 → 83 components (95% var)
2026-05-01 00:18:27 | INFO     | cross_validation |   Fold 3/5: train=639 (orig=639, aug=0), val=160, acc=63.12%  [0.1s]
2026-05-01 00:18:27 | DEBUG    | reduction | Scaler fitted on 639 samples, 166 features
2026-05-01 00:18:27 | DEBUG    | reduction | PCA: 166 → 83 components (95% var)
2026-05-01 00:18:27 | INFO     | cross_validation |   Fold 4/5: train=639 (orig=639, aug=0), val=160, acc=63.12%  [0.1s]
2026-05-01 00:18:27 | DEBUG    | reduction | Scaler fitted on 640 samples, 166 features
2026-05-01 00:18:27 | DEBUG    | reduction | PCA: 166 → 82 components (95% var)
2026-05-01 00:18:27 | INFO     | cross_validation |   Fold 5/5: train=640 (orig=640, aug=0), val=159, acc=62.26%  [0.1s]
2026-05-01 00:18:27 | INFO     | cross_validation |   CV result: 63.83% ± 1.87%
2026-05-01 00:18:27 | INFO     | cross_validation |   Combo 15/20: {'n_neighbors': 15}
2026-05-01 00:18:27 | DEBUG    | reduction | Scaler fitted on 639 samples, 166 features
2026-05-01 00:18:27 | DEBUG    | reduction | PCA: 166 → 82 components (95% var)
2026-05-01 00:18:27 | INFO     | cross_validation |   Fold 1/5: train=639 (orig=639, aug=0), val=160, acc=67.50%  [0.1s]
2026-05-01 00:18:27 | DEBUG    | reduction | Scaler fitted on 639 samples, 166 features
2026-05-01 00:18:27 | DEBUG    | reduction | PCA: 166 → 83 components (95% var)
2026-05-01 00:18:27 | INFO     | cross_validation |   Fold 2/5: train=639 (orig=639, aug=0), val=160, acc=63.75%  [0.1s]
2026-05-01 00:18:27 | DEBUG    | reduction | Scaler fitted on 639 samples, 166 features
2026-05-01 00:18:27 | DEBUG    | reduction | PCA: 166 → 83 components (95% var)
2026-05-01 00:18:27 | INFO     | cross_validation |   Fold 3/5: train=639 (orig=639, aug=0), val=160, acc=61.25%  [0.1s]
2026-05-01 00:18:27 | DEBUG    | reduction | Scaler fitted on 639 samples, 166 features
2026-05-01 00:18:27 | DEBUG    | reduction | PCA: 166 → 83 components (95% var)
2026-05-01 00:18:27 | INFO     | cross_validation |   Fold 4/5: train=639 (orig=639, aug=0), val=160, acc=62.50%  [0.2s]
2026-05-01 00:18:27 | DEBUG    | reduction | Scaler fitted on 640 samples, 166 features
2026-05-01 00:18:28 | DEBUG    | reduction | PCA: 166 → 82 components (95% var)
2026-05-01 00:18:28 | INFO     | cross_validation |   Fold 5/5: train=640 (orig=640, aug=0), val=159, acc=62.26%  [0.1s]
2026-05-01 00:18:28 | INFO     | cross_validation |   CV result: 63.45% ± 2.17%
2026-05-01 00:18:28 | INFO     | cross_validation |   Combo 16/20: {'n_neighbors': 16}
2026-05-01 00:18:28 | DEBUG    | reduction | Scaler fitted on 639 samples, 166 features
2026-05-01 00:18:28 | DEBUG    | reduction | PCA: 166 → 82 components (95% var)
2026-05-01 00:18:28 | INFO     | cross_validation |   Fold 1/5: train=639 (orig=639, aug=0), val=160, acc=68.12%  [0.1s]
2026-05-01 00:18:28 | DEBUG    | reduction | Scaler fitted on 639 samples, 166 features
2026-05-01 00:18:28 | DEBUG    | reduction | PCA: 166 → 83 components (95% var)
2026-05-01 00:18:28 | INFO     | cross_validation |   Fold 2/5: train=639 (orig=639, aug=0), val=160, acc=66.25%  [0.1s]
2026-05-01 00:18:28 | DEBUG    | reduction | Scaler fitted on 639 samples, 166 features
2026-05-01 00:18:28 | DEBUG    | reduction | PCA: 166 → 83 components (95% var)
2026-05-01 00:18:28 | INFO     | cross_validation |   Fold 3/5: train=639 (orig=639, aug=0), val=160, acc=60.62%  [0.1s]
2026-05-01 00:18:28 | DEBUG    | reduction | Scaler fitted on 639 samples, 166 features
2026-05-01 00:18:28 | DEBUG    | reduction | PCA: 166 → 83 components (95% var)
2026-05-01 00:18:28 | INFO     | cross_validation |   Fold 4/5: train=639 (orig=639, aug=0), val=160, acc=60.00%  [0.1s]
2026-05-01 00:18:28 | DEBUG    | reduction | Scaler fitted on 640 samples, 166 features
2026-05-01 00:18:28 | DEBUG    | reduction | PCA: 166 → 82 components (95% var)
2026-05-01 00:18:28 | INFO     | cross_validation |   Fold 5/5: train=640 (orig=640, aug=0), val=159, acc=60.38%  [0.1s]
2026-05-01 00:18:28 | INFO     | cross_validation |   CV result: 63.08% ± 3.42%
2026-05-01 00:18:28 | INFO     | cross_validation |   Combo 17/20: {'n_neighbors': 17}
2026-05-01 00:18:28 | DEBUG    | reduction | Scaler fitted on 639 samples, 166 features
2026-05-01 00:18:28 | DEBUG    | reduction | PCA: 166 → 82 components (95% var)
2026-05-01 00:18:28 | INFO     | cross_validation |   Fold 1/5: train=639 (orig=639, aug=0), val=160, acc=66.25%  [0.1s]
2026-05-01 00:18:28 | DEBUG    | reduction | Scaler fitted on 639 samples, 166 features
2026-05-01 00:18:28 | DEBUG    | reduction | PCA: 166 → 83 components (95% var)
2026-05-01 00:18:28 | INFO     | cross_validation |   Fold 2/5: train=639 (orig=639, aug=0), val=160, acc=63.12%  [0.1s]
2026-05-01 00:18:28 | DEBUG    | reduction | Scaler fitted on 639 samples, 166 features
2026-05-01 00:18:29 | DEBUG    | reduction | PCA: 166 → 83 components (95% var)
2026-05-01 00:18:29 | INFO     | cross_validation |   Fold 3/5: train=639 (orig=639, aug=0), val=160, acc=61.88%  [0.1s]
2026-05-01 00:18:29 | DEBUG    | reduction | Scaler fitted on 639 samples, 166 features
2026-05-01 00:18:29 | DEBUG    | reduction | PCA: 166 → 83 components (95% var)
2026-05-01 00:18:29 | INFO     | cross_validation |   Fold 4/5: train=639 (orig=639, aug=0), val=160, acc=61.88%  [0.1s]
2026-05-01 00:18:29 | DEBUG    | reduction | Scaler fitted on 640 samples, 166 features
2026-05-01 00:18:29 | DEBUG    | reduction | PCA: 166 → 82 components (95% var)
2026-05-01 00:18:29 | INFO     | cross_validation |   Fold 5/5: train=640 (orig=640, aug=0), val=159, acc=58.49%  [0.1s]
2026-05-01 00:18:29 | INFO     | cross_validation |   CV result: 62.32% ± 2.50%
2026-05-01 00:18:29 | INFO     | cross_validation |   Combo 18/20: {'n_neighbors': 18}
2026-05-01 00:18:29 | DEBUG    | reduction | Scaler fitted on 639 samples, 166 features
2026-05-01 00:18:29 | DEBUG    | reduction | PCA: 166 → 82 components (95% var)
2026-05-01 00:18:29 | INFO     | cross_validation |   Fold 1/5: train=639 (orig=639, aug=0), val=160, acc=66.88%  [0.1s]
2026-05-01 00:18:29 | DEBUG    | reduction | Scaler fitted on 639 samples, 166 features
2026-05-01 00:18:29 | DEBUG    | reduction | PCA: 166 → 83 components (95% var)
2026-05-01 00:18:29 | INFO     | cross_validation |   Fold 2/5: train=639 (orig=639, aug=0), val=160, acc=64.38%  [0.1s]
2026-05-01 00:18:29 | DEBUG    | reduction | Scaler fitted on 639 samples, 166 features
2026-05-01 00:18:29 | DEBUG    | reduction | PCA: 166 → 83 components (95% var)
2026-05-01 00:18:29 | INFO     | cross_validation |   Fold 3/5: train=639 (orig=639, aug=0), val=160, acc=62.50%  [0.1s]
2026-05-01 00:18:29 | DEBUG    | reduction | Scaler fitted on 639 samples, 166 features
2026-05-01 00:18:29 | DEBUG    | reduction | PCA: 166 → 83 components (95% var)
2026-05-01 00:18:29 | INFO     | cross_validation |   Fold 4/5: train=639 (orig=639, aug=0), val=160, acc=61.25%  [0.1s]
2026-05-01 00:18:29 | DEBUG    | reduction | Scaler fitted on 640 samples, 166 features
2026-05-01 00:18:29 | DEBUG    | reduction | PCA: 166 → 82 components (95% var)
2026-05-01 00:18:29 | INFO     | cross_validation |   Fold 5/5: train=640 (orig=640, aug=0), val=159, acc=61.64%  [0.1s]
2026-05-01 00:18:29 | INFO     | cross_validation |   CV result: 63.33% ± 2.08%
2026-05-01 00:18:29 | INFO     | cross_validation |   Combo 19/20: {'n_neighbors': 19}
2026-05-01 00:18:29 | DEBUG    | reduction | Scaler fitted on 639 samples, 166 features
2026-05-01 00:18:29 | DEBUG    | reduction | PCA: 166 → 82 components (95% var)
2026-05-01 00:18:30 | INFO     | cross_validation |   Fold 1/5: train=639 (orig=639, aug=0), val=160, acc=66.25%  [0.1s]
2026-05-01 00:18:30 | DEBUG    | reduction | Scaler fitted on 639 samples, 166 features
2026-05-01 00:18:30 | DEBUG    | reduction | PCA: 166 → 83 components (95% var)
2026-05-01 00:18:33 | INFO     | cross_validation |   Fold 2/5: train=639 (orig=639, aug=0), val=160, acc=61.25%  [0.2s]
2026-05-01 00:18:33 | DEBUG    | reduction | Scaler fitted on 639 samples, 166 features
2026-05-01 00:18:33 | DEBUG    | reduction | PCA: 166 → 83 components (95% var)
2026-05-01 00:18:33 | INFO     | cross_validation |   Fold 3/5: train=639 (orig=639, aug=0), val=160, acc=61.88%  [0.1s]
2026-05-01 00:18:33 | DEBUG    | reduction | Scaler fitted on 639 samples, 166 features
2026-05-01 00:18:33 | DEBUG    | reduction | PCA: 166 → 83 components (95% var)
2026-05-01 00:18:33 | INFO     | cross_validation |   Fold 4/5: train=639 (orig=639, aug=0), val=160, acc=62.50%  [0.1s]
2026-05-01 00:18:33 | DEBUG    | reduction | Scaler fitted on 640 samples, 166 features
2026-05-01 00:18:33 | DEBUG    | reduction | PCA: 166 → 82 components (95% var)
2026-05-01 00:18:33 | INFO     | cross_validation |   Fold 5/5: train=640 (orig=640, aug=0), val=159, acc=59.75%  [0.1s]
2026-05-01 00:18:33 | INFO     | cross_validation |   CV result: 62.32% ± 2.16%
2026-05-01 00:18:33 | INFO     | cross_validation |   Combo 20/20: {'n_neighbors': 20}
2026-05-01 00:18:33 | DEBUG    | reduction | Scaler fitted on 639 samples, 166 features
2026-05-01 00:18:33 | DEBUG    | reduction | PCA: 166 → 82 components (95% var)
2026-05-01 00:18:33 | INFO     | cross_validation |   Fold 1/5: train=639 (orig=639, aug=0), val=160, acc=65.62%  [0.1s]
2026-05-01 00:18:33 | DEBUG    | reduction | Scaler fitted on 639 samples, 166 features
2026-05-01 00:18:33 | DEBUG    | reduction | PCA: 166 → 83 components (95% var)
2026-05-01 00:18:33 | INFO     | cross_validation |   Fold 2/5: train=639 (orig=639, aug=0), val=160, acc=61.88%  [0.1s]
2026-05-01 00:18:33 | DEBUG    | reduction | Scaler fitted on 639 samples, 166 features
2026-05-01 00:18:33 | DEBUG    | reduction | PCA: 166 → 83 components (95% var)
2026-05-01 00:18:33 | INFO     | cross_validation |   Fold 3/5: train=639 (orig=639, aug=0), val=160, acc=62.50%  [0.1s]
2026-05-01 00:18:33 | DEBUG    | reduction | Scaler fitted on 639 samples, 166 features
2026-05-01 00:18:33 | DEBUG    | reduction | PCA: 166 → 83 components (95% var)
2026-05-01 00:18:33 | INFO     | cross_validation |   Fold 4/5: train=639 (orig=639, aug=0), val=160, acc=63.12%  [0.1s]
2026-05-01 00:18:33 | DEBUG    | reduction | Scaler fitted on 640 samples, 166 features
2026-05-01 00:18:33 | DEBUG    | reduction | PCA: 166 → 82 components (95% var)
2026-05-01 00:18:34 | INFO     | cross_validation |   Fold 5/5: train=640 (orig=640, aug=0), val=159, acc=57.86%  [0.1s]
2026-05-01 00:18:34 | INFO     | cross_validation |   CV result: 62.20% ± 2.51%
2026-05-01 00:18:34 | INFO     | cross_validation |   Best params: {'n_neighbors': 13}
2026-05-01 00:18:34 | INFO     | cross_validation |   Best CV: 64.08% ± 1.49%
2026-05-01 00:18:34 | INFO     | cross_validation | ✓ grid_search_cv finished in 12.9s
2026-05-01 00:18:34 | INFO     | main | ────────────────────────────────────────────────────────────
2026-05-01 00:18:34 | INFO     | main |   KNN [lda, aug]
2026-05-01 00:18:34 | INFO     | main | ────────────────────────────────────────────────────────────
2026-05-01 00:18:34 | INFO     | cross_validation | → grid_search_cv started
2026-05-01 00:18:34 | INFO     | cross_validation | Grid search: 20 parameter combinations × 5 folds
2026-05-01 00:18:34 | INFO     | cross_validation |   Combo 1/20: {'n_neighbors': 1}
2026-05-01 00:18:34 | DEBUG    | reduction | Scaler fitted on 639 samples, 166 features
2026-05-01 00:18:34 | DEBUG    | reduction | LDA: 166 → 9 discriminant components
2026-05-01 00:18:34 | INFO     | cross_validation |   Fold 1/5: train=1917 (orig=639, aug=1278), val=160, acc=68.12%  [0.1s]
2026-05-01 00:18:34 | DEBUG    | reduction | Scaler fitted on 639 samples, 166 features
2026-05-01 00:18:34 | DEBUG    | reduction | LDA: 166 → 9 discriminant components
2026-05-01 00:18:34 | INFO     | cross_validation |   Fold 2/5: train=1917 (orig=639, aug=1278), val=160, acc=66.25%  [0.1s]
2026-05-01 00:18:34 | DEBUG    | reduction | Scaler fitted on 639 samples, 166 features
2026-05-01 00:18:34 | DEBUG    | reduction | LDA: 166 → 9 discriminant components
2026-05-01 00:18:34 | INFO     | cross_validation |   Fold 3/5: train=1917 (orig=639, aug=1278), val=160, acc=68.12%  [0.1s]
2026-05-01 00:18:34 | DEBUG    | reduction | Scaler fitted on 639 samples, 166 features
2026-05-01 00:18:34 | DEBUG    | reduction | LDA: 166 → 9 discriminant components
2026-05-01 00:18:34 | INFO     | cross_validation |   Fold 4/5: train=1917 (orig=639, aug=1278), val=160, acc=72.50%  [0.1s]
2026-05-01 00:18:34 | DEBUG    | reduction | Scaler fitted on 640 samples, 166 features
2026-05-01 00:18:34 | DEBUG    | reduction | LDA: 166 → 9 discriminant components
2026-05-01 00:18:34 | INFO     | cross_validation |   Fold 5/5: train=1920 (orig=640, aug=1280), val=159, acc=71.70%  [0.1s]
2026-05-01 00:18:34 | INFO     | cross_validation |   CV result: 69.34% ± 2.37%
2026-05-01 00:18:34 | INFO     | cross_validation |   Combo 2/20: {'n_neighbors': 2}
2026-05-01 00:18:34 | DEBUG    | reduction | Scaler fitted on 639 samples, 166 features
2026-05-01 00:18:34 | DEBUG    | reduction | LDA: 166 → 9 discriminant components
2026-05-01 00:18:34 | INFO     | cross_validation |   Fold 1/5: train=1917 (orig=639, aug=1278), val=160, acc=64.38%  [0.1s]
2026-05-01 00:18:34 | DEBUG    | reduction | Scaler fitted on 639 samples, 166 features
2026-05-01 00:18:34 | DEBUG    | reduction | LDA: 166 → 9 discriminant components
2026-05-01 00:18:34 | INFO     | cross_validation |   Fold 2/5: train=1917 (orig=639, aug=1278), val=160, acc=65.62%  [0.1s]
2026-05-01 00:18:34 | DEBUG    | reduction | Scaler fitted on 639 samples, 166 features
2026-05-01 00:18:34 | DEBUG    | reduction | LDA: 166 → 9 discriminant components
2026-05-01 00:18:34 | INFO     | cross_validation |   Fold 3/5: train=1917 (orig=639, aug=1278), val=160, acc=71.88%  [0.1s]
2026-05-01 00:18:34 | DEBUG    | reduction | Scaler fitted on 639 samples, 166 features
2026-05-01 00:18:34 | DEBUG    | reduction | LDA: 166 → 9 discriminant components
2026-05-01 00:18:34 | INFO     | cross_validation |   Fold 4/5: train=1917 (orig=639, aug=1278), val=160, acc=71.25%  [0.1s]
2026-05-01 00:18:34 | DEBUG    | reduction | Scaler fitted on 640 samples, 166 features
2026-05-01 00:18:35 | DEBUG    | reduction | LDA: 166 → 9 discriminant components
2026-05-01 00:18:35 | INFO     | cross_validation |   Fold 5/5: train=1920 (orig=640, aug=1280), val=159, acc=71.07%  [0.1s]
2026-05-01 00:18:35 | INFO     | cross_validation |   CV result: 68.84% ± 3.17%
2026-05-01 00:18:35 | INFO     | cross_validation |   Combo 3/20: {'n_neighbors': 3}
2026-05-01 00:18:35 | DEBUG    | reduction | Scaler fitted on 639 samples, 166 features
2026-05-01 00:18:35 | DEBUG    | reduction | LDA: 166 → 9 discriminant components
2026-05-01 00:18:35 | INFO     | cross_validation |   Fold 1/5: train=1917 (orig=639, aug=1278), val=160, acc=68.12%  [0.1s]
2026-05-01 00:18:35 | DEBUG    | reduction | Scaler fitted on 639 samples, 166 features
2026-05-01 00:18:35 | DEBUG    | reduction | LDA: 166 → 9 discriminant components
2026-05-01 00:18:35 | INFO     | cross_validation |   Fold 2/5: train=1917 (orig=639, aug=1278), val=160, acc=66.25%  [0.1s]
2026-05-01 00:18:35 | DEBUG    | reduction | Scaler fitted on 639 samples, 166 features
2026-05-01 00:18:35 | DEBUG    | reduction | LDA: 166 → 9 discriminant components
2026-05-01 00:18:35 | INFO     | cross_validation |   Fold 3/5: train=1917 (orig=639, aug=1278), val=160, acc=71.88%  [0.1s]
2026-05-01 00:18:35 | DEBUG    | reduction | Scaler fitted on 639 samples, 166 features
2026-05-01 00:18:35 | DEBUG    | reduction | LDA: 166 → 9 discriminant components
2026-05-01 00:18:35 | INFO     | cross_validation |   Fold 4/5: train=1917 (orig=639, aug=1278), val=160, acc=75.62%  [0.1s]
2026-05-01 00:18:35 | DEBUG    | reduction | Scaler fitted on 640 samples, 166 features
2026-05-01 00:18:35 | DEBUG    | reduction | LDA: 166 → 9 discriminant components
2026-05-01 00:18:35 | INFO     | cross_validation |   Fold 5/5: train=1920 (orig=640, aug=1280), val=159, acc=72.33%  [0.1s]
2026-05-01 00:18:35 | INFO     | cross_validation |   CV result: 70.84% ± 3.31%
2026-05-01 00:18:35 | INFO     | cross_validation |   Combo 4/20: {'n_neighbors': 4}
2026-05-01 00:18:35 | DEBUG    | reduction | Scaler fitted on 639 samples, 166 features
2026-05-01 00:18:35 | DEBUG    | reduction | LDA: 166 → 9 discriminant components
2026-05-01 00:18:35 | INFO     | cross_validation |   Fold 1/5: train=1917 (orig=639, aug=1278), val=160, acc=65.00%  [0.1s]
2026-05-01 00:18:35 | DEBUG    | reduction | Scaler fitted on 639 samples, 166 features
2026-05-01 00:18:35 | DEBUG    | reduction | LDA: 166 → 9 discriminant components
2026-05-01 00:18:35 | INFO     | cross_validation |   Fold 2/5: train=1917 (orig=639, aug=1278), val=160, acc=68.75%  [0.1s]
2026-05-01 00:18:35 | DEBUG    | reduction | Scaler fitted on 639 samples, 166 features
2026-05-01 00:18:35 | DEBUG    | reduction | LDA: 166 → 9 discriminant components
2026-05-01 00:18:36 | INFO     | cross_validation |   Fold 3/5: train=1917 (orig=639, aug=1278), val=160, acc=73.12%  [0.1s]
2026-05-01 00:18:36 | DEBUG    | reduction | Scaler fitted on 639 samples, 166 features
2026-05-01 00:18:36 | DEBUG    | reduction | LDA: 166 → 9 discriminant components
2026-05-01 00:18:36 | INFO     | cross_validation |   Fold 4/5: train=1917 (orig=639, aug=1278), val=160, acc=73.12%  [0.1s]
2026-05-01 00:18:36 | DEBUG    | reduction | Scaler fitted on 640 samples, 166 features
2026-05-01 00:18:36 | DEBUG    | reduction | LDA: 166 → 9 discriminant components
2026-05-01 00:18:36 | INFO     | cross_validation |   Fold 5/5: train=1920 (orig=640, aug=1280), val=159, acc=72.96%  [0.1s]
2026-05-01 00:18:36 | INFO     | cross_validation |   CV result: 70.59% ± 3.26%
2026-05-01 00:18:36 | INFO     | cross_validation |   Combo 5/20: {'n_neighbors': 5}
2026-05-01 00:18:36 | DEBUG    | reduction | Scaler fitted on 639 samples, 166 features
2026-05-01 00:18:36 | DEBUG    | reduction | LDA: 166 → 9 discriminant components
2026-05-01 00:18:36 | INFO     | cross_validation |   Fold 1/5: train=1917 (orig=639, aug=1278), val=160, acc=66.25%  [0.1s]
2026-05-01 00:18:36 | DEBUG    | reduction | Scaler fitted on 639 samples, 166 features
2026-05-01 00:18:36 | DEBUG    | reduction | LDA: 166 → 9 discriminant components
2026-05-01 00:18:36 | INFO     | cross_validation |   Fold 2/5: train=1917 (orig=639, aug=1278), val=160, acc=70.00%  [0.1s]
2026-05-01 00:18:36 | DEBUG    | reduction | Scaler fitted on 639 samples, 166 features
2026-05-01 00:18:36 | DEBUG    | reduction | LDA: 166 → 9 discriminant components
2026-05-01 00:18:36 | INFO     | cross_validation |   Fold 3/5: train=1917 (orig=639, aug=1278), val=160, acc=75.00%  [0.1s]
2026-05-01 00:18:36 | DEBUG    | reduction | Scaler fitted on 639 samples, 166 features
2026-05-01 00:18:36 | DEBUG    | reduction | LDA: 166 → 9 discriminant components
2026-05-01 00:18:36 | INFO     | cross_validation |   Fold 4/5: train=1917 (orig=639, aug=1278), val=160, acc=73.75%  [0.1s]
2026-05-01 00:18:36 | DEBUG    | reduction | Scaler fitted on 640 samples, 166 features
2026-05-01 00:18:36 | DEBUG    | reduction | LDA: 166 → 9 discriminant components
2026-05-01 00:18:36 | INFO     | cross_validation |   Fold 5/5: train=1920 (orig=640, aug=1280), val=159, acc=72.33%  [0.1s]
2026-05-01 00:18:36 | INFO     | cross_validation |   CV result: 71.47% ± 3.09%
2026-05-01 00:18:36 | INFO     | cross_validation |   Combo 6/20: {'n_neighbors': 6}
2026-05-01 00:18:36 | DEBUG    | reduction | Scaler fitted on 639 samples, 166 features
2026-05-01 00:18:36 | DEBUG    | reduction | LDA: 166 → 9 discriminant components
2026-05-01 00:18:36 | INFO     | cross_validation |   Fold 1/5: train=1917 (orig=639, aug=1278), val=160, acc=66.88%  [0.1s]
2026-05-01 00:18:36 | DEBUG    | reduction | Scaler fitted on 639 samples, 166 features
2026-05-01 00:18:37 | DEBUG    | reduction | LDA: 166 → 9 discriminant components
2026-05-01 00:18:37 | INFO     | cross_validation |   Fold 2/5: train=1917 (orig=639, aug=1278), val=160, acc=70.00%  [0.1s]
2026-05-01 00:18:37 | DEBUG    | reduction | Scaler fitted on 639 samples, 166 features
2026-05-01 00:18:37 | DEBUG    | reduction | LDA: 166 → 9 discriminant components
2026-05-01 00:18:37 | INFO     | cross_validation |   Fold 3/5: train=1917 (orig=639, aug=1278), val=160, acc=75.00%  [0.1s]
2026-05-01 00:18:37 | DEBUG    | reduction | Scaler fitted on 639 samples, 166 features
2026-05-01 00:18:37 | DEBUG    | reduction | LDA: 166 → 9 discriminant components
2026-05-01 00:18:37 | INFO     | cross_validation |   Fold 4/5: train=1917 (orig=639, aug=1278), val=160, acc=75.00%  [0.1s]
2026-05-01 00:18:37 | DEBUG    | reduction | Scaler fitted on 640 samples, 166 features
2026-05-01 00:18:37 | DEBUG    | reduction | LDA: 166 → 9 discriminant components
2026-05-01 00:18:37 | INFO     | cross_validation |   Fold 5/5: train=1920 (orig=640, aug=1280), val=159, acc=73.58%  [0.1s]
2026-05-01 00:18:37 | INFO     | cross_validation |   CV result: 72.09% ± 3.19%
2026-05-01 00:18:37 | INFO     | cross_validation |   Combo 7/20: {'n_neighbors': 7}
2026-05-01 00:18:37 | DEBUG    | reduction | Scaler fitted on 639 samples, 166 features
2026-05-01 00:18:37 | DEBUG    | reduction | LDA: 166 → 9 discriminant components
2026-05-01 00:18:37 | INFO     | cross_validation |   Fold 1/5: train=1917 (orig=639, aug=1278), val=160, acc=68.75%  [0.1s]
2026-05-01 00:18:37 | DEBUG    | reduction | Scaler fitted on 639 samples, 166 features
2026-05-01 00:18:37 | DEBUG    | reduction | LDA: 166 → 9 discriminant components
2026-05-01 00:18:37 | INFO     | cross_validation |   Fold 2/5: train=1917 (orig=639, aug=1278), val=160, acc=68.75%  [0.1s]
2026-05-01 00:18:37 | DEBUG    | reduction | Scaler fitted on 639 samples, 166 features
2026-05-01 00:18:37 | DEBUG    | reduction | LDA: 166 → 9 discriminant components
2026-05-01 00:18:37 | INFO     | cross_validation |   Fold 3/5: train=1917 (orig=639, aug=1278), val=160, acc=76.88%  [0.1s]
2026-05-01 00:18:37 | DEBUG    | reduction | Scaler fitted on 639 samples, 166 features
2026-05-01 00:18:37 | DEBUG    | reduction | LDA: 166 → 9 discriminant components
2026-05-01 00:18:37 | INFO     | cross_validation |   Fold 4/5: train=1917 (orig=639, aug=1278), val=160, acc=74.38%  [0.1s]
2026-05-01 00:18:37 | DEBUG    | reduction | Scaler fitted on 640 samples, 166 features
2026-05-01 00:18:37 | DEBUG    | reduction | LDA: 166 → 9 discriminant components
2026-05-01 00:18:37 | INFO     | cross_validation |   Fold 5/5: train=1920 (orig=640, aug=1280), val=159, acc=72.96%  [0.1s]
2026-05-01 00:18:37 | INFO     | cross_validation |   CV result: 72.34% ± 3.19%
2026-05-01 00:18:37 | INFO     | cross_validation |   Combo 8/20: {'n_neighbors': 8}
2026-05-01 00:18:37 | DEBUG    | reduction | Scaler fitted on 639 samples, 166 features
2026-05-01 00:18:38 | DEBUG    | reduction | LDA: 166 → 9 discriminant components
2026-05-01 00:18:38 | INFO     | cross_validation |   Fold 1/5: train=1917 (orig=639, aug=1278), val=160, acc=69.38%  [0.1s]
2026-05-01 00:18:38 | DEBUG    | reduction | Scaler fitted on 639 samples, 166 features
2026-05-01 00:18:38 | DEBUG    | reduction | LDA: 166 → 9 discriminant components
2026-05-01 00:18:38 | INFO     | cross_validation |   Fold 2/5: train=1917 (orig=639, aug=1278), val=160, acc=70.00%  [0.1s]
2026-05-01 00:18:38 | DEBUG    | reduction | Scaler fitted on 639 samples, 166 features
2026-05-01 00:18:38 | DEBUG    | reduction | LDA: 166 → 9 discriminant components
2026-05-01 00:18:38 | INFO     | cross_validation |   Fold 3/5: train=1917 (orig=639, aug=1278), val=160, acc=77.50%  [0.1s]
2026-05-01 00:18:38 | DEBUG    | reduction | Scaler fitted on 639 samples, 166 features
2026-05-01 00:18:38 | DEBUG    | reduction | LDA: 166 → 9 discriminant components
2026-05-01 00:18:38 | INFO     | cross_validation |   Fold 4/5: train=1917 (orig=639, aug=1278), val=160, acc=73.12%  [0.1s]
2026-05-01 00:18:38 | DEBUG    | reduction | Scaler fitted on 640 samples, 166 features
2026-05-01 00:18:38 | DEBUG    | reduction | LDA: 166 → 9 discriminant components
2026-05-01 00:18:38 | INFO     | cross_validation |   Fold 5/5: train=1920 (orig=640, aug=1280), val=159, acc=76.10%  [0.1s]
2026-05-01 00:18:38 | INFO     | cross_validation |   CV result: 73.22% ± 3.22%
2026-05-01 00:18:38 | INFO     | cross_validation |   Combo 9/20: {'n_neighbors': 9}
2026-05-01 00:18:38 | DEBUG    | reduction | Scaler fitted on 639 samples, 166 features
2026-05-01 00:18:38 | DEBUG    | reduction | LDA: 166 → 9 discriminant components
2026-05-01 00:18:38 | INFO     | cross_validation |   Fold 1/5: train=1917 (orig=639, aug=1278), val=160, acc=68.75%  [0.1s]
2026-05-01 00:18:38 | DEBUG    | reduction | Scaler fitted on 639 samples, 166 features
2026-05-01 00:18:38 | DEBUG    | reduction | LDA: 166 → 9 discriminant components
2026-05-01 00:18:38 | INFO     | cross_validation |   Fold 2/5: train=1917 (orig=639, aug=1278), val=160, acc=69.38%  [0.1s]
2026-05-01 00:18:38 | DEBUG    | reduction | Scaler fitted on 639 samples, 166 features
2026-05-01 00:18:38 | DEBUG    | reduction | LDA: 166 → 9 discriminant components
2026-05-01 00:18:38 | INFO     | cross_validation |   Fold 3/5: train=1917 (orig=639, aug=1278), val=160, acc=76.25%  [0.1s]
2026-05-01 00:18:38 | DEBUG    | reduction | Scaler fitted on 639 samples, 166 features
2026-05-01 00:18:38 | DEBUG    | reduction | LDA: 166 → 9 discriminant components
2026-05-01 00:18:38 | INFO     | cross_validation |   Fold 4/5: train=1917 (orig=639, aug=1278), val=160, acc=75.62%  [0.1s]
2026-05-01 00:18:38 | DEBUG    | reduction | Scaler fitted on 640 samples, 166 features
2026-05-01 00:18:39 | DEBUG    | reduction | LDA: 166 → 9 discriminant components
2026-05-01 00:18:39 | INFO     | cross_validation |   Fold 5/5: train=1920 (orig=640, aug=1280), val=159, acc=76.10%  [0.1s]
2026-05-01 00:18:39 | INFO     | cross_validation |   CV result: 73.22% ± 3.41%
2026-05-01 00:18:39 | INFO     | cross_validation |   Combo 10/20: {'n_neighbors': 10}
2026-05-01 00:18:39 | DEBUG    | reduction | Scaler fitted on 639 samples, 166 features
2026-05-01 00:18:39 | DEBUG    | reduction | LDA: 166 → 9 discriminant components
2026-05-01 00:18:39 | INFO     | cross_validation |   Fold 1/5: train=1917 (orig=639, aug=1278), val=160, acc=69.38%  [0.1s]
2026-05-01 00:18:39 | DEBUG    | reduction | Scaler fitted on 639 samples, 166 features
2026-05-01 00:18:39 | DEBUG    | reduction | LDA: 166 → 9 discriminant components
2026-05-01 00:18:39 | INFO     | cross_validation |   Fold 2/5: train=1917 (orig=639, aug=1278), val=160, acc=70.62%  [0.1s]
2026-05-01 00:18:39 | DEBUG    | reduction | Scaler fitted on 639 samples, 166 features
2026-05-01 00:18:39 | DEBUG    | reduction | LDA: 166 → 9 discriminant components
2026-05-01 00:18:39 | INFO     | cross_validation |   Fold 3/5: train=1917 (orig=639, aug=1278), val=160, acc=75.62%  [0.1s]
2026-05-01 00:18:39 | DEBUG    | reduction | Scaler fitted on 639 samples, 166 features
2026-05-01 00:18:39 | DEBUG    | reduction | LDA: 166 → 9 discriminant components
2026-05-01 00:18:39 | INFO     | cross_validation |   Fold 4/5: train=1917 (orig=639, aug=1278), val=160, acc=74.38%  [0.1s]
2026-05-01 00:18:39 | DEBUG    | reduction | Scaler fitted on 640 samples, 166 features
2026-05-01 00:18:39 | DEBUG    | reduction | LDA: 166 → 9 discriminant components
2026-05-01 00:18:39 | INFO     | cross_validation |   Fold 5/5: train=1920 (orig=640, aug=1280), val=159, acc=74.21%  [0.1s]
2026-05-01 00:18:39 | INFO     | cross_validation |   CV result: 72.84% ± 2.40%
2026-05-01 00:18:39 | INFO     | cross_validation |   Combo 11/20: {'n_neighbors': 11}
2026-05-01 00:18:39 | DEBUG    | reduction | Scaler fitted on 639 samples, 166 features
2026-05-01 00:18:39 | DEBUG    | reduction | LDA: 166 → 9 discriminant components
2026-05-01 00:18:39 | INFO     | cross_validation |   Fold 1/5: train=1917 (orig=639, aug=1278), val=160, acc=69.38%  [0.1s]
2026-05-01 00:18:39 | DEBUG    | reduction | Scaler fitted on 639 samples, 166 features
2026-05-01 00:18:39 | DEBUG    | reduction | LDA: 166 → 9 discriminant components
2026-05-01 00:18:39 | INFO     | cross_validation |   Fold 2/5: train=1917 (orig=639, aug=1278), val=160, acc=71.88%  [0.1s]
2026-05-01 00:18:39 | DEBUG    | reduction | Scaler fitted on 639 samples, 166 features
2026-05-01 00:18:39 | DEBUG    | reduction | LDA: 166 → 9 discriminant components
2026-05-01 00:18:39 | INFO     | cross_validation |   Fold 3/5: train=1917 (orig=639, aug=1278), val=160, acc=76.25%  [0.1s]
2026-05-01 00:18:39 | DEBUG    | reduction | Scaler fitted on 639 samples, 166 features
2026-05-01 00:18:40 | DEBUG    | reduction | LDA: 166 → 9 discriminant components
2026-05-01 00:18:40 | INFO     | cross_validation |   Fold 4/5: train=1917 (orig=639, aug=1278), val=160, acc=75.00%  [0.1s]
2026-05-01 00:18:40 | DEBUG    | reduction | Scaler fitted on 640 samples, 166 features
2026-05-01 00:18:40 | DEBUG    | reduction | LDA: 166 → 9 discriminant components
2026-05-01 00:18:40 | INFO     | cross_validation |   Fold 5/5: train=1920 (orig=640, aug=1280), val=159, acc=74.21%  [0.1s]
2026-05-01 00:18:40 | INFO     | cross_validation |   CV result: 73.34% ± 2.44%
2026-05-01 00:18:40 | INFO     | cross_validation |   Combo 12/20: {'n_neighbors': 12}
2026-05-01 00:18:40 | DEBUG    | reduction | Scaler fitted on 639 samples, 166 features
2026-05-01 00:18:40 | DEBUG    | reduction | LDA: 166 → 9 discriminant components
2026-05-01 00:18:40 | INFO     | cross_validation |   Fold 1/5: train=1917 (orig=639, aug=1278), val=160, acc=70.00%  [0.1s]
2026-05-01 00:18:40 | DEBUG    | reduction | Scaler fitted on 639 samples, 166 features
2026-05-01 00:18:40 | DEBUG    | reduction | LDA: 166 → 9 discriminant components
2026-05-01 00:18:40 | INFO     | cross_validation |   Fold 2/5: train=1917 (orig=639, aug=1278), val=160, acc=71.25%  [0.1s]
2026-05-01 00:18:40 | DEBUG    | reduction | Scaler fitted on 639 samples, 166 features
2026-05-01 00:18:40 | DEBUG    | reduction | LDA: 166 → 9 discriminant components
2026-05-01 00:18:40 | INFO     | cross_validation |   Fold 3/5: train=1917 (orig=639, aug=1278), val=160, acc=77.50%  [0.2s]
2026-05-01 00:18:40 | DEBUG    | reduction | Scaler fitted on 639 samples, 166 features
2026-05-01 00:18:41 | DEBUG    | reduction | LDA: 166 → 9 discriminant components
2026-05-01 00:18:41 | INFO     | cross_validation |   Fold 4/5: train=1917 (orig=639, aug=1278), val=160, acc=75.00%  [1.0s]
2026-05-01 00:18:41 | DEBUG    | reduction | Scaler fitted on 640 samples, 166 features
2026-05-01 00:18:41 | DEBUG    | reduction | LDA: 166 → 9 discriminant components
2026-05-01 00:18:42 | INFO     | cross_validation |   Fold 5/5: train=1920 (orig=640, aug=1280), val=159, acc=73.58%  [0.4s]
2026-05-01 00:18:42 | INFO     | cross_validation |   CV result: 73.47% ± 2.67%
2026-05-01 00:18:42 | INFO     | cross_validation |   Combo 13/20: {'n_neighbors': 13}
2026-05-01 00:18:42 | DEBUG    | reduction | Scaler fitted on 639 samples, 166 features
2026-05-01 00:18:42 | DEBUG    | reduction | LDA: 166 → 9 discriminant components
2026-05-01 00:18:42 | INFO     | cross_validation |   Fold 1/5: train=1917 (orig=639, aug=1278), val=160, acc=71.25%  [0.5s]
2026-05-01 00:18:42 | DEBUG    | reduction | Scaler fitted on 639 samples, 166 features
2026-05-01 00:18:42 | DEBUG    | reduction | LDA: 166 → 9 discriminant components
2026-05-01 00:18:42 | INFO     | cross_validation |   Fold 2/5: train=1917 (orig=639, aug=1278), val=160, acc=71.25%  [0.3s]
2026-05-01 00:18:42 | DEBUG    | reduction | Scaler fitted on 639 samples, 166 features
2026-05-01 00:18:43 | DEBUG    | reduction | LDA: 166 → 9 discriminant components
2026-05-01 00:18:43 | INFO     | cross_validation |   Fold 3/5: train=1917 (orig=639, aug=1278), val=160, acc=77.50%  [0.5s]
2026-05-01 00:18:43 | DEBUG    | reduction | Scaler fitted on 639 samples, 166 features
2026-05-01 00:18:43 | DEBUG    | reduction | LDA: 166 → 9 discriminant components
2026-05-01 00:18:43 | INFO     | cross_validation |   Fold 4/5: train=1917 (orig=639, aug=1278), val=160, acc=75.00%  [0.5s]
2026-05-01 00:18:43 | DEBUG    | reduction | Scaler fitted on 640 samples, 166 features
2026-05-01 00:18:44 | DEBUG    | reduction | LDA: 166 → 9 discriminant components
2026-05-01 00:18:45 | INFO     | cross_validation |   Fold 5/5: train=1920 (orig=640, aug=1280), val=159, acc=75.47%  [1.2s]
2026-05-01 00:18:45 | INFO     | cross_validation |   CV result: 74.09% ± 2.47%
2026-05-01 00:18:45 | INFO     | cross_validation |   Combo 14/20: {'n_neighbors': 14}
2026-05-01 00:18:45 | DEBUG    | reduction | Scaler fitted on 639 samples, 166 features
2026-05-01 00:18:45 | DEBUG    | reduction | LDA: 166 → 9 discriminant components
2026-05-01 00:18:45 | INFO     | cross_validation |   Fold 1/5: train=1917 (orig=639, aug=1278), val=160, acc=72.50%  [0.7s]
2026-05-01 00:18:45 | DEBUG    | reduction | Scaler fitted on 639 samples, 166 features
2026-05-01 00:18:46 | DEBUG    | reduction | LDA: 166 → 9 discriminant components
2026-05-01 00:18:46 | INFO     | cross_validation |   Fold 2/5: train=1917 (orig=639, aug=1278), val=160, acc=71.25%  [0.7s]
2026-05-01 00:18:46 | DEBUG    | reduction | Scaler fitted on 639 samples, 166 features
2026-05-01 00:18:46 | DEBUG    | reduction | LDA: 166 → 9 discriminant components
2026-05-01 00:18:46 | INFO     | cross_validation |   Fold 3/5: train=1917 (orig=639, aug=1278), val=160, acc=76.25%  [0.2s]
2026-05-01 00:18:46 | DEBUG    | reduction | Scaler fitted on 639 samples, 166 features
2026-05-01 00:18:46 | DEBUG    | reduction | LDA: 166 → 9 discriminant components
2026-05-01 00:18:46 | INFO     | cross_validation |   Fold 4/5: train=1917 (orig=639, aug=1278), val=160, acc=74.38%  [0.1s]
2026-05-01 00:18:46 | DEBUG    | reduction | Scaler fitted on 640 samples, 166 features
2026-05-01 00:18:46 | DEBUG    | reduction | LDA: 166 → 9 discriminant components
2026-05-01 00:18:46 | INFO     | cross_validation |   Fold 5/5: train=1920 (orig=640, aug=1280), val=159, acc=76.10%  [0.2s]
2026-05-01 00:18:46 | INFO     | cross_validation |   CV result: 74.10% ± 1.97%
2026-05-01 00:18:46 | INFO     | cross_validation |   Combo 15/20: {'n_neighbors': 15}
2026-05-01 00:18:46 | DEBUG    | reduction | Scaler fitted on 639 samples, 166 features
2026-05-01 00:18:47 | DEBUG    | reduction | LDA: 166 → 9 discriminant components
2026-05-01 00:18:47 | INFO     | cross_validation |   Fold 1/5: train=1917 (orig=639, aug=1278), val=160, acc=71.25%  [0.1s]
2026-05-01 00:18:47 | DEBUG    | reduction | Scaler fitted on 639 samples, 166 features
2026-05-01 00:18:47 | DEBUG    | reduction | LDA: 166 → 9 discriminant components
2026-05-01 00:18:47 | INFO     | cross_validation |   Fold 2/5: train=1917 (orig=639, aug=1278), val=160, acc=73.12%  [0.1s]
2026-05-01 00:18:47 | DEBUG    | reduction | Scaler fitted on 639 samples, 166 features
2026-05-01 00:18:47 | DEBUG    | reduction | LDA: 166 → 9 discriminant components
2026-05-01 00:18:47 | INFO     | cross_validation |   Fold 3/5: train=1917 (orig=639, aug=1278), val=160, acc=74.38%  [0.1s]
2026-05-01 00:18:47 | DEBUG    | reduction | Scaler fitted on 639 samples, 166 features
2026-05-01 00:18:47 | DEBUG    | reduction | LDA: 166 → 9 discriminant components
2026-05-01 00:18:47 | INFO     | cross_validation |   Fold 4/5: train=1917 (orig=639, aug=1278), val=160, acc=74.38%  [0.1s]
2026-05-01 00:18:47 | DEBUG    | reduction | Scaler fitted on 640 samples, 166 features
2026-05-01 00:18:47 | DEBUG    | reduction | LDA: 166 → 9 discriminant components
2026-05-01 00:18:47 | INFO     | cross_validation |   Fold 5/5: train=1920 (orig=640, aug=1280), val=159, acc=75.47%  [0.1s]
2026-05-01 00:18:47 | INFO     | cross_validation |   CV result: 73.72% ± 1.44%
2026-05-01 00:18:47 | INFO     | cross_validation |   Combo 16/20: {'n_neighbors': 16}
2026-05-01 00:18:47 | DEBUG    | reduction | Scaler fitted on 639 samples, 166 features
2026-05-01 00:18:47 | DEBUG    | reduction | LDA: 166 → 9 discriminant components
2026-05-01 00:18:47 | INFO     | cross_validation |   Fold 1/5: train=1917 (orig=639, aug=1278), val=160, acc=70.00%  [0.1s]
2026-05-01 00:18:47 | DEBUG    | reduction | Scaler fitted on 639 samples, 166 features
2026-05-01 00:18:47 | DEBUG    | reduction | LDA: 166 → 9 discriminant components
2026-05-01 00:18:47 | INFO     | cross_validation |   Fold 2/5: train=1917 (orig=639, aug=1278), val=160, acc=71.88%  [0.1s]
2026-05-01 00:18:47 | DEBUG    | reduction | Scaler fitted on 639 samples, 166 features
2026-05-01 00:18:47 | DEBUG    | reduction | LDA: 166 → 9 discriminant components
2026-05-01 00:18:47 | INFO     | cross_validation |   Fold 3/5: train=1917 (orig=639, aug=1278), val=160, acc=76.25%  [0.1s]
2026-05-01 00:18:47 | DEBUG    | reduction | Scaler fitted on 639 samples, 166 features
2026-05-01 00:18:48 | DEBUG    | reduction | LDA: 166 → 9 discriminant components
2026-05-01 00:18:48 | INFO     | cross_validation |   Fold 4/5: train=1917 (orig=639, aug=1278), val=160, acc=73.12%  [0.2s]
2026-05-01 00:18:48 | DEBUG    | reduction | Scaler fitted on 640 samples, 166 features
2026-05-01 00:18:48 | DEBUG    | reduction | LDA: 166 → 9 discriminant components
2026-05-01 00:18:48 | INFO     | cross_validation |   Fold 5/5: train=1920 (orig=640, aug=1280), val=159, acc=76.73%  [0.1s]
2026-05-01 00:18:48 | INFO     | cross_validation |   CV result: 73.60% ± 2.57%
2026-05-01 00:18:48 | INFO     | cross_validation |   Combo 17/20: {'n_neighbors': 17}
2026-05-01 00:18:48 | DEBUG    | reduction | Scaler fitted on 639 samples, 166 features
2026-05-01 00:18:48 | DEBUG    | reduction | LDA: 166 → 9 discriminant components
2026-05-01 00:18:48 | INFO     | cross_validation |   Fold 1/5: train=1917 (orig=639, aug=1278), val=160, acc=71.88%  [0.2s]
2026-05-01 00:18:48 | DEBUG    | reduction | Scaler fitted on 639 samples, 166 features
2026-05-01 00:18:48 | DEBUG    | reduction | LDA: 166 → 9 discriminant components
2026-05-01 00:18:48 | INFO     | cross_validation |   Fold 2/5: train=1917 (orig=639, aug=1278), val=160, acc=71.88%  [0.2s]
2026-05-01 00:18:48 | DEBUG    | reduction | Scaler fitted on 639 samples, 166 features
2026-05-01 00:18:48 | DEBUG    | reduction | LDA: 166 → 9 discriminant components
2026-05-01 00:18:48 | INFO     | cross_validation |   Fold 3/5: train=1917 (orig=639, aug=1278), val=160, acc=75.62%  [0.4s]
2026-05-01 00:18:48 | DEBUG    | reduction | Scaler fitted on 639 samples, 166 features
2026-05-01 00:18:49 | DEBUG    | reduction | LDA: 166 → 9 discriminant components
2026-05-01 00:18:49 | INFO     | cross_validation |   Fold 4/5: train=1917 (orig=639, aug=1278), val=160, acc=75.00%  [0.1s]
2026-05-01 00:18:49 | DEBUG    | reduction | Scaler fitted on 640 samples, 166 features
2026-05-01 00:18:49 | DEBUG    | reduction | LDA: 166 → 9 discriminant components
2026-05-01 00:18:49 | INFO     | cross_validation |   Fold 5/5: train=1920 (orig=640, aug=1280), val=159, acc=76.10%  [0.2s]
2026-05-01 00:18:49 | INFO     | cross_validation |   CV result: 74.10% ± 1.85%
2026-05-01 00:18:49 | INFO     | cross_validation |   Combo 18/20: {'n_neighbors': 18}
2026-05-01 00:18:49 | DEBUG    | reduction | Scaler fitted on 639 samples, 166 features
2026-05-01 00:18:49 | DEBUG    | reduction | LDA: 166 → 9 discriminant components
2026-05-01 00:18:49 | INFO     | cross_validation |   Fold 1/5: train=1917 (orig=639, aug=1278), val=160, acc=71.88%  [0.1s]
2026-05-01 00:18:49 | DEBUG    | reduction | Scaler fitted on 639 samples, 166 features
2026-05-01 00:18:49 | DEBUG    | reduction | LDA: 166 → 9 discriminant components
2026-05-01 00:18:49 | INFO     | cross_validation |   Fold 2/5: train=1917 (orig=639, aug=1278), val=160, acc=71.88%  [0.1s]
2026-05-01 00:18:49 | DEBUG    | reduction | Scaler fitted on 639 samples, 166 features
2026-05-01 00:18:49 | DEBUG    | reduction | LDA: 166 → 9 discriminant components
2026-05-01 00:18:49 | INFO     | cross_validation |   Fold 3/5: train=1917 (orig=639, aug=1278), val=160, acc=79.38%  [0.1s]
2026-05-01 00:18:49 | DEBUG    | reduction | Scaler fitted on 639 samples, 166 features
2026-05-01 00:18:49 | DEBUG    | reduction | LDA: 166 → 9 discriminant components
2026-05-01 00:18:49 | INFO     | cross_validation |   Fold 4/5: train=1917 (orig=639, aug=1278), val=160, acc=74.38%  [0.1s]
2026-05-01 00:18:49 | DEBUG    | reduction | Scaler fitted on 640 samples, 166 features
2026-05-01 00:18:49 | DEBUG    | reduction | LDA: 166 → 9 discriminant components
2026-05-01 00:18:49 | INFO     | cross_validation |   Fold 5/5: train=1920 (orig=640, aug=1280), val=159, acc=76.73%  [0.1s]
2026-05-01 00:18:49 | INFO     | cross_validation |   CV result: 74.85% ± 2.90%
2026-05-01 00:18:49 | INFO     | cross_validation |   Combo 19/20: {'n_neighbors': 19}
2026-05-01 00:18:49 | DEBUG    | reduction | Scaler fitted on 639 samples, 166 features
2026-05-01 00:18:49 | DEBUG    | reduction | LDA: 166 → 9 discriminant components
2026-05-01 00:18:49 | INFO     | cross_validation |   Fold 1/5: train=1917 (orig=639, aug=1278), val=160, acc=71.88%  [0.2s]
2026-05-01 00:18:49 | DEBUG    | reduction | Scaler fitted on 639 samples, 166 features
2026-05-01 00:18:50 | DEBUG    | reduction | LDA: 166 → 9 discriminant components
2026-05-01 00:18:50 | INFO     | cross_validation |   Fold 2/5: train=1917 (orig=639, aug=1278), val=160, acc=71.25%  [0.1s]
2026-05-01 00:18:50 | DEBUG    | reduction | Scaler fitted on 639 samples, 166 features
2026-05-01 00:18:50 | DEBUG    | reduction | LDA: 166 → 9 discriminant components
2026-05-01 00:18:50 | INFO     | cross_validation |   Fold 3/5: train=1917 (orig=639, aug=1278), val=160, acc=77.50%  [0.2s]
2026-05-01 00:18:50 | DEBUG    | reduction | Scaler fitted on 639 samples, 166 features
2026-05-01 00:18:50 | DEBUG    | reduction | LDA: 166 → 9 discriminant components
2026-05-01 00:18:50 | INFO     | cross_validation |   Fold 4/5: train=1917 (orig=639, aug=1278), val=160, acc=75.62%  [0.2s]
2026-05-01 00:18:50 | DEBUG    | reduction | Scaler fitted on 640 samples, 166 features
2026-05-01 00:18:50 | DEBUG    | reduction | LDA: 166 → 9 discriminant components
2026-05-01 00:18:50 | INFO     | cross_validation |   Fold 5/5: train=1920 (orig=640, aug=1280), val=159, acc=76.73%  [0.1s]
2026-05-01 00:18:50 | INFO     | cross_validation |   CV result: 74.60% ± 2.56%
2026-05-01 00:18:50 | INFO     | cross_validation |   Combo 20/20: {'n_neighbors': 20}
2026-05-01 00:18:50 | DEBUG    | reduction | Scaler fitted on 639 samples, 166 features
2026-05-01 00:18:50 | DEBUG    | reduction | LDA: 166 → 9 discriminant components
2026-05-01 00:18:50 | INFO     | cross_validation |   Fold 1/5: train=1917 (orig=639, aug=1278), val=160, acc=71.25%  [0.0s]
2026-05-01 00:18:50 | DEBUG    | reduction | Scaler fitted on 639 samples, 166 features
2026-05-01 00:18:50 | DEBUG    | reduction | LDA: 166 → 9 discriminant components
2026-05-01 00:18:50 | INFO     | cross_validation |   Fold 2/5: train=1917 (orig=639, aug=1278), val=160, acc=70.62%  [0.1s]
2026-05-01 00:18:50 | DEBUG    | reduction | Scaler fitted on 639 samples, 166 features
2026-05-01 00:18:50 | DEBUG    | reduction | LDA: 166 → 9 discriminant components
2026-05-01 00:18:50 | INFO     | cross_validation |   Fold 3/5: train=1917 (orig=639, aug=1278), val=160, acc=76.25%  [0.1s]
2026-05-01 00:18:50 | DEBUG    | reduction | Scaler fitted on 639 samples, 166 features
2026-05-01 00:18:50 | DEBUG    | reduction | LDA: 166 → 9 discriminant components
2026-05-01 00:18:50 | INFO     | cross_validation |   Fold 4/5: train=1917 (orig=639, aug=1278), val=160, acc=73.75%  [0.1s]
2026-05-01 00:18:50 | DEBUG    | reduction | Scaler fitted on 640 samples, 166 features
2026-05-01 00:18:50 | DEBUG    | reduction | LDA: 166 → 9 discriminant components
2026-05-01 00:18:51 | INFO     | cross_validation |   Fold 5/5: train=1920 (orig=640, aug=1280), val=159, acc=75.47%  [0.1s]
2026-05-01 00:18:51 | INFO     | cross_validation |   CV result: 73.47% ± 2.23%
2026-05-01 00:18:51 | INFO     | cross_validation |   Best params: {'n_neighbors': 18}
2026-05-01 00:18:51 | INFO     | cross_validation |   Best CV: 74.85% ± 2.90%
2026-05-01 00:18:51 | INFO     | cross_validation | ✓ grid_search_cv finished in 17.0s
2026-05-01 00:18:51 | INFO     | main | ────────────────────────────────────────────────────────────
2026-05-01 00:18:51 | INFO     | main |   KNN [lda, no-aug]
2026-05-01 00:18:51 | INFO     | main | ────────────────────────────────────────────────────────────
2026-05-01 00:18:51 | INFO     | cross_validation | → grid_search_cv started
2026-05-01 00:18:51 | INFO     | cross_validation | Grid search: 20 parameter combinations × 5 folds
2026-05-01 00:18:51 | INFO     | cross_validation |   Combo 1/20: {'n_neighbors': 1}
2026-05-01 00:18:51 | DEBUG    | reduction | Scaler fitted on 639 samples, 166 features
2026-05-01 00:18:51 | DEBUG    | reduction | LDA: 166 → 9 discriminant components
2026-05-01 00:18:51 | INFO     | cross_validation |   Fold 1/5: train=639 (orig=639, aug=0), val=160, acc=72.50%  [0.1s]
2026-05-01 00:18:51 | DEBUG    | reduction | Scaler fitted on 639 samples, 166 features
2026-05-01 00:18:51 | DEBUG    | reduction | LDA: 166 → 9 discriminant components
2026-05-01 00:18:51 | INFO     | cross_validation |   Fold 2/5: train=639 (orig=639, aug=0), val=160, acc=67.50%  [0.0s]
2026-05-01 00:18:51 | DEBUG    | reduction | Scaler fitted on 639 samples, 166 features
2026-05-01 00:18:51 | DEBUG    | reduction | LDA: 166 → 9 discriminant components
2026-05-01 00:18:51 | INFO     | cross_validation |   Fold 3/5: train=639 (orig=639, aug=0), val=160, acc=70.62%  [0.0s]
2026-05-01 00:18:51 | DEBUG    | reduction | Scaler fitted on 639 samples, 166 features
2026-05-01 00:18:51 | DEBUG    | reduction | LDA: 166 → 9 discriminant components
2026-05-01 00:18:51 | INFO     | cross_validation |   Fold 4/5: train=639 (orig=639, aug=0), val=160, acc=75.62%  [0.1s]
2026-05-01 00:18:51 | DEBUG    | reduction | Scaler fitted on 640 samples, 166 features
2026-05-01 00:18:51 | DEBUG    | reduction | LDA: 166 → 9 discriminant components
2026-05-01 00:18:51 | INFO     | cross_validation |   Fold 5/5: train=640 (orig=640, aug=0), val=159, acc=69.18%  [0.1s]
2026-05-01 00:18:51 | INFO     | cross_validation |   CV result: 71.09% ± 2.80%
2026-05-01 00:18:51 | INFO     | cross_validation |   Combo 2/20: {'n_neighbors': 2}
2026-05-01 00:18:51 | DEBUG    | reduction | Scaler fitted on 639 samples, 166 features
2026-05-01 00:18:51 | DEBUG    | reduction | LDA: 166 → 9 discriminant components
2026-05-01 00:18:51 | INFO     | cross_validation |   Fold 1/5: train=639 (orig=639, aug=0), val=160, acc=67.50%  [0.1s]
2026-05-01 00:18:51 | DEBUG    | reduction | Scaler fitted on 639 samples, 166 features
2026-05-01 00:18:51 | DEBUG    | reduction | LDA: 166 → 9 discriminant components
2026-05-01 00:18:51 | INFO     | cross_validation |   Fold 2/5: train=639 (orig=639, aug=0), val=160, acc=71.25%  [0.1s]
2026-05-01 00:18:51 | DEBUG    | reduction | Scaler fitted on 639 samples, 166 features
2026-05-01 00:18:51 | DEBUG    | reduction | LDA: 166 → 9 discriminant components
2026-05-01 00:18:51 | INFO     | cross_validation |   Fold 3/5: train=639 (orig=639, aug=0), val=160, acc=70.62%  [0.1s]
2026-05-01 00:18:51 | DEBUG    | reduction | Scaler fitted on 639 samples, 166 features
2026-05-01 00:18:51 | DEBUG    | reduction | LDA: 166 → 9 discriminant components
2026-05-01 00:18:51 | INFO     | cross_validation |   Fold 4/5: train=639 (orig=639, aug=0), val=160, acc=74.38%  [0.0s]
2026-05-01 00:18:51 | DEBUG    | reduction | Scaler fitted on 640 samples, 166 features
2026-05-01 00:18:51 | DEBUG    | reduction | LDA: 166 → 9 discriminant components
2026-05-01 00:18:51 | INFO     | cross_validation |   Fold 5/5: train=640 (orig=640, aug=0), val=159, acc=71.70%  [0.1s]
2026-05-01 00:18:51 | INFO     | cross_validation |   CV result: 71.09% ± 2.20%
2026-05-01 00:18:51 | INFO     | cross_validation |   Combo 3/20: {'n_neighbors': 3}
2026-05-01 00:18:51 | DEBUG    | reduction | Scaler fitted on 639 samples, 166 features
2026-05-01 00:18:51 | DEBUG    | reduction | LDA: 166 → 9 discriminant components
2026-05-01 00:18:51 | INFO     | cross_validation |   Fold 1/5: train=639 (orig=639, aug=0), val=160, acc=67.50%  [0.1s]
2026-05-01 00:18:51 | DEBUG    | reduction | Scaler fitted on 639 samples, 166 features
2026-05-01 00:18:51 | DEBUG    | reduction | LDA: 166 → 9 discriminant components
2026-05-01 00:18:51 | INFO     | cross_validation |   Fold 2/5: train=639 (orig=639, aug=0), val=160, acc=71.25%  [0.0s]
2026-05-01 00:18:51 | DEBUG    | reduction | Scaler fitted on 639 samples, 166 features
2026-05-01 00:18:51 | DEBUG    | reduction | LDA: 166 → 9 discriminant components
2026-05-01 00:18:52 | INFO     | cross_validation |   Fold 3/5: train=639 (orig=639, aug=0), val=160, acc=70.62%  [0.1s]
2026-05-01 00:18:52 | DEBUG    | reduction | Scaler fitted on 639 samples, 166 features
2026-05-01 00:18:52 | DEBUG    | reduction | LDA: 166 → 9 discriminant components
2026-05-01 00:18:52 | INFO     | cross_validation |   Fold 4/5: train=639 (orig=639, aug=0), val=160, acc=72.50%  [0.1s]
2026-05-01 00:18:52 | DEBUG    | reduction | Scaler fitted on 640 samples, 166 features
2026-05-01 00:18:52 | DEBUG    | reduction | LDA: 166 → 9 discriminant components
2026-05-01 00:18:52 | INFO     | cross_validation |   Fold 5/5: train=640 (orig=640, aug=0), val=159, acc=72.96%  [0.1s]
2026-05-01 00:18:52 | INFO     | cross_validation |   CV result: 70.97% ± 1.92%
2026-05-01 00:18:52 | INFO     | cross_validation |   Combo 4/20: {'n_neighbors': 4}
2026-05-01 00:18:52 | DEBUG    | reduction | Scaler fitted on 639 samples, 166 features
2026-05-01 00:18:52 | DEBUG    | reduction | LDA: 166 → 9 discriminant components
2026-05-01 00:18:52 | INFO     | cross_validation |   Fold 1/5: train=639 (orig=639, aug=0), val=160, acc=68.12%  [0.1s]
2026-05-01 00:18:52 | DEBUG    | reduction | Scaler fitted on 639 samples, 166 features
2026-05-01 00:18:52 | DEBUG    | reduction | LDA: 166 → 9 discriminant components
2026-05-01 00:18:52 | INFO     | cross_validation |   Fold 2/5: train=639 (orig=639, aug=0), val=160, acc=70.00%  [0.1s]
2026-05-01 00:18:52 | DEBUG    | reduction | Scaler fitted on 639 samples, 166 features
2026-05-01 00:18:52 | DEBUG    | reduction | LDA: 166 → 9 discriminant components
2026-05-01 00:18:52 | INFO     | cross_validation |   Fold 3/5: train=639 (orig=639, aug=0), val=160, acc=75.00%  [0.1s]
2026-05-01 00:18:52 | DEBUG    | reduction | Scaler fitted on 639 samples, 166 features
2026-05-01 00:18:52 | DEBUG    | reduction | LDA: 166 → 9 discriminant components
2026-05-01 00:18:52 | INFO     | cross_validation |   Fold 4/5: train=639 (orig=639, aug=0), val=160, acc=73.12%  [0.1s]
2026-05-01 00:18:52 | DEBUG    | reduction | Scaler fitted on 640 samples, 166 features
2026-05-01 00:18:52 | DEBUG    | reduction | LDA: 166 → 9 discriminant components
2026-05-01 00:18:52 | INFO     | cross_validation |   Fold 5/5: train=640 (orig=640, aug=0), val=159, acc=72.96%  [0.1s]
2026-05-01 00:18:52 | INFO     | cross_validation |   CV result: 71.84% ± 2.45%
2026-05-01 00:18:52 | INFO     | cross_validation |   Combo 5/20: {'n_neighbors': 5}
2026-05-01 00:18:52 | DEBUG    | reduction | Scaler fitted on 639 samples, 166 features
2026-05-01 00:18:52 | DEBUG    | reduction | LDA: 166 → 9 discriminant components
2026-05-01 00:18:52 | INFO     | cross_validation |   Fold 1/5: train=639 (orig=639, aug=0), val=160, acc=68.75%  [0.1s]
2026-05-01 00:18:52 | DEBUG    | reduction | Scaler fitted on 639 samples, 166 features
2026-05-01 00:18:52 | DEBUG    | reduction | LDA: 166 → 9 discriminant components
2026-05-01 00:18:52 | INFO     | cross_validation |   Fold 2/5: train=639 (orig=639, aug=0), val=160, acc=71.25%  [0.1s]
2026-05-01 00:18:52 | DEBUG    | reduction | Scaler fitted on 639 samples, 166 features
2026-05-01 00:18:52 | DEBUG    | reduction | LDA: 166 → 9 discriminant components
2026-05-01 00:18:52 | INFO     | cross_validation |   Fold 3/5: train=639 (orig=639, aug=0), val=160, acc=75.00%  [0.1s]
2026-05-01 00:18:52 | DEBUG    | reduction | Scaler fitted on 639 samples, 166 features
2026-05-01 00:18:53 | DEBUG    | reduction | LDA: 166 → 9 discriminant components
2026-05-01 00:18:53 | INFO     | cross_validation |   Fold 4/5: train=639 (orig=639, aug=0), val=160, acc=75.62%  [0.1s]
2026-05-01 00:18:53 | DEBUG    | reduction | Scaler fitted on 640 samples, 166 features
2026-05-01 00:18:53 | DEBUG    | reduction | LDA: 166 → 9 discriminant components
2026-05-01 00:18:53 | INFO     | cross_validation |   Fold 5/5: train=640 (orig=640, aug=0), val=159, acc=73.58%  [0.0s]
2026-05-01 00:18:53 | INFO     | cross_validation |   CV result: 72.84% ± 2.54%
2026-05-01 00:18:53 | INFO     | cross_validation |   Combo 6/20: {'n_neighbors': 6}
2026-05-01 00:18:53 | DEBUG    | reduction | Scaler fitted on 639 samples, 166 features
2026-05-01 00:18:53 | DEBUG    | reduction | LDA: 166 → 9 discriminant components
2026-05-01 00:18:53 | INFO     | cross_validation |   Fold 1/5: train=639 (orig=639, aug=0), val=160, acc=70.00%  [0.0s]
2026-05-01 00:18:53 | DEBUG    | reduction | Scaler fitted on 639 samples, 166 features
2026-05-01 00:18:53 | DEBUG    | reduction | LDA: 166 → 9 discriminant components
2026-05-01 00:18:53 | INFO     | cross_validation |   Fold 2/5: train=639 (orig=639, aug=0), val=160, acc=71.25%  [0.0s]
2026-05-01 00:18:53 | DEBUG    | reduction | Scaler fitted on 639 samples, 166 features
2026-05-01 00:18:53 | DEBUG    | reduction | LDA: 166 → 9 discriminant components
2026-05-01 00:18:53 | INFO     | cross_validation |   Fold 3/5: train=639 (orig=639, aug=0), val=160, acc=76.88%  [0.0s]
2026-05-01 00:18:53 | DEBUG    | reduction | Scaler fitted on 639 samples, 166 features
2026-05-01 00:18:53 | DEBUG    | reduction | LDA: 166 → 9 discriminant components
2026-05-01 00:18:53 | INFO     | cross_validation |   Fold 4/5: train=639 (orig=639, aug=0), val=160, acc=75.62%  [0.0s]
2026-05-01 00:18:53 | DEBUG    | reduction | Scaler fitted on 640 samples, 166 features
2026-05-01 00:18:53 | DEBUG    | reduction | LDA: 166 → 9 discriminant components
2026-05-01 00:18:53 | INFO     | cross_validation |   Fold 5/5: train=640 (orig=640, aug=0), val=159, acc=72.96%  [0.1s]
2026-05-01 00:18:53 | INFO     | cross_validation |   CV result: 73.34% ± 2.58%
2026-05-01 00:18:53 | INFO     | cross_validation |   Combo 7/20: {'n_neighbors': 7}
2026-05-01 00:18:53 | DEBUG    | reduction | Scaler fitted on 639 samples, 166 features
2026-05-01 00:18:53 | DEBUG    | reduction | LDA: 166 → 9 discriminant components
2026-05-01 00:18:53 | INFO     | cross_validation |   Fold 1/5: train=639 (orig=639, aug=0), val=160, acc=70.00%  [0.1s]
2026-05-01 00:18:53 | DEBUG    | reduction | Scaler fitted on 639 samples, 166 features
2026-05-01 00:18:53 | DEBUG    | reduction | LDA: 166 → 9 discriminant components
2026-05-01 00:18:53 | INFO     | cross_validation |   Fold 2/5: train=639 (orig=639, aug=0), val=160, acc=68.12%  [0.0s]
2026-05-01 00:18:53 | DEBUG    | reduction | Scaler fitted on 639 samples, 166 features
2026-05-01 00:18:53 | DEBUG    | reduction | LDA: 166 → 9 discriminant components
2026-05-01 00:18:53 | INFO     | cross_validation |   Fold 3/5: train=639 (orig=639, aug=0), val=160, acc=75.00%  [0.1s]
2026-05-01 00:18:53 | DEBUG    | reduction | Scaler fitted on 639 samples, 166 features
2026-05-01 00:18:53 | DEBUG    | reduction | LDA: 166 → 9 discriminant components
2026-05-01 00:18:53 | INFO     | cross_validation |   Fold 4/5: train=639 (orig=639, aug=0), val=160, acc=75.62%  [0.0s]
2026-05-01 00:18:53 | DEBUG    | reduction | Scaler fitted on 640 samples, 166 features
2026-05-01 00:18:53 | DEBUG    | reduction | LDA: 166 → 9 discriminant components
2026-05-01 00:18:53 | INFO     | cross_validation |   Fold 5/5: train=640 (orig=640, aug=0), val=159, acc=74.21%  [0.1s]
2026-05-01 00:18:53 | INFO     | cross_validation |   CV result: 72.59% ± 2.98%
2026-05-01 00:18:53 | INFO     | cross_validation |   Combo 8/20: {'n_neighbors': 8}
2026-05-01 00:18:53 | DEBUG    | reduction | Scaler fitted on 639 samples, 166 features
2026-05-01 00:18:53 | DEBUG    | reduction | LDA: 166 → 9 discriminant components
2026-05-01 00:18:53 | INFO     | cross_validation |   Fold 1/5: train=639 (orig=639, aug=0), val=160, acc=70.62%  [0.0s]
2026-05-01 00:18:53 | DEBUG    | reduction | Scaler fitted on 639 samples, 166 features
2026-05-01 00:18:53 | DEBUG    | reduction | LDA: 166 → 9 discriminant components
2026-05-01 00:18:53 | INFO     | cross_validation |   Fold 2/5: train=639 (orig=639, aug=0), val=160, acc=69.38%  [0.1s]
2026-05-01 00:18:53 | DEBUG    | reduction | Scaler fitted on 639 samples, 166 features
2026-05-01 00:18:53 | DEBUG    | reduction | LDA: 166 → 9 discriminant components
2026-05-01 00:18:53 | INFO     | cross_validation |   Fold 3/5: train=639 (orig=639, aug=0), val=160, acc=77.50%  [0.1s]
2026-05-01 00:18:53 | DEBUG    | reduction | Scaler fitted on 639 samples, 166 features
2026-05-01 00:18:53 | DEBUG    | reduction | LDA: 166 → 9 discriminant components
2026-05-01 00:18:53 | INFO     | cross_validation |   Fold 4/5: train=639 (orig=639, aug=0), val=160, acc=75.62%  [0.0s]
2026-05-01 00:18:53 | DEBUG    | reduction | Scaler fitted on 640 samples, 166 features
2026-05-01 00:18:54 | DEBUG    | reduction | LDA: 166 → 9 discriminant components
2026-05-01 00:18:54 | INFO     | cross_validation |   Fold 5/5: train=640 (orig=640, aug=0), val=159, acc=75.47%  [0.2s]
2026-05-01 00:18:54 | INFO     | cross_validation |   CV result: 73.72% ± 3.14%
2026-05-01 00:18:54 | INFO     | cross_validation |   Combo 9/20: {'n_neighbors': 9}
2026-05-01 00:18:54 | DEBUG    | reduction | Scaler fitted on 639 samples, 166 features
2026-05-01 00:18:54 | DEBUG    | reduction | LDA: 166 → 9 discriminant components
2026-05-01 00:18:54 | INFO     | cross_validation |   Fold 1/5: train=639 (orig=639, aug=0), val=160, acc=70.00%  [0.1s]
2026-05-01 00:18:54 | DEBUG    | reduction | Scaler fitted on 639 samples, 166 features
2026-05-01 00:18:54 | DEBUG    | reduction | LDA: 166 → 9 discriminant components
2026-05-01 00:18:54 | INFO     | cross_validation |   Fold 2/5: train=639 (orig=639, aug=0), val=160, acc=71.25%  [0.1s]
2026-05-01 00:18:54 | DEBUG    | reduction | Scaler fitted on 639 samples, 166 features
2026-05-01 00:18:54 | DEBUG    | reduction | LDA: 166 → 9 discriminant components
2026-05-01 00:18:54 | INFO     | cross_validation |   Fold 3/5: train=639 (orig=639, aug=0), val=160, acc=76.25%  [0.0s]
2026-05-01 00:18:54 | DEBUG    | reduction | Scaler fitted on 639 samples, 166 features
2026-05-01 00:18:54 | DEBUG    | reduction | LDA: 166 → 9 discriminant components
2026-05-01 00:18:54 | INFO     | cross_validation |   Fold 4/5: train=639 (orig=639, aug=0), val=160, acc=76.25%  [0.1s]
2026-05-01 00:18:54 | DEBUG    | reduction | Scaler fitted on 640 samples, 166 features
2026-05-01 00:18:54 | DEBUG    | reduction | LDA: 166 → 9 discriminant components
2026-05-01 00:18:54 | INFO     | cross_validation |   Fold 5/5: train=640 (orig=640, aug=0), val=159, acc=75.47%  [0.1s]
2026-05-01 00:18:54 | INFO     | cross_validation |   CV result: 73.84% ± 2.67%
2026-05-01 00:18:54 | INFO     | cross_validation |   Combo 10/20: {'n_neighbors': 10}
2026-05-01 00:18:54 | DEBUG    | reduction | Scaler fitted on 639 samples, 166 features
2026-05-01 00:18:54 | DEBUG    | reduction | LDA: 166 → 9 discriminant components
2026-05-01 00:18:54 | INFO     | cross_validation |   Fold 1/5: train=639 (orig=639, aug=0), val=160, acc=71.25%  [0.0s]
2026-05-01 00:18:54 | DEBUG    | reduction | Scaler fitted on 639 samples, 166 features
2026-05-01 00:18:54 | DEBUG    | reduction | LDA: 166 → 9 discriminant components
2026-05-01 00:18:54 | INFO     | cross_validation |   Fold 2/5: train=639 (orig=639, aug=0), val=160, acc=70.00%  [0.1s]
2026-05-01 00:18:54 | DEBUG    | reduction | Scaler fitted on 639 samples, 166 features
2026-05-01 00:18:54 | DEBUG    | reduction | LDA: 166 → 9 discriminant components
2026-05-01 00:18:54 | INFO     | cross_validation |   Fold 3/5: train=639 (orig=639, aug=0), val=160, acc=76.88%  [0.1s]
2026-05-01 00:18:54 | DEBUG    | reduction | Scaler fitted on 639 samples, 166 features
2026-05-01 00:18:54 | DEBUG    | reduction | LDA: 166 → 9 discriminant components
2026-05-01 00:18:54 | INFO     | cross_validation |   Fold 4/5: train=639 (orig=639, aug=0), val=160, acc=75.62%  [0.1s]
2026-05-01 00:18:54 | DEBUG    | reduction | Scaler fitted on 640 samples, 166 features
2026-05-01 00:18:54 | DEBUG    | reduction | LDA: 166 → 9 discriminant components
2026-05-01 00:18:54 | INFO     | cross_validation |   Fold 5/5: train=640 (orig=640, aug=0), val=159, acc=75.47%  [0.1s]
2026-05-01 00:18:54 | INFO     | cross_validation |   CV result: 73.84% ± 2.70%
2026-05-01 00:18:54 | INFO     | cross_validation |   Combo 11/20: {'n_neighbors': 11}
2026-05-01 00:18:54 | DEBUG    | reduction | Scaler fitted on 639 samples, 166 features
2026-05-01 00:18:55 | DEBUG    | reduction | LDA: 166 → 9 discriminant components
2026-05-01 00:18:55 | INFO     | cross_validation |   Fold 1/5: train=639 (orig=639, aug=0), val=160, acc=70.62%  [0.1s]
2026-05-01 00:18:55 | DEBUG    | reduction | Scaler fitted on 639 samples, 166 features
2026-05-01 00:18:55 | DEBUG    | reduction | LDA: 166 → 9 discriminant components
2026-05-01 00:18:55 | INFO     | cross_validation |   Fold 2/5: train=639 (orig=639, aug=0), val=160, acc=70.62%  [0.0s]
2026-05-01 00:18:55 | DEBUG    | reduction | Scaler fitted on 639 samples, 166 features
2026-05-01 00:18:55 | DEBUG    | reduction | LDA: 166 → 9 discriminant components
2026-05-01 00:18:55 | INFO     | cross_validation |   Fold 3/5: train=639 (orig=639, aug=0), val=160, acc=76.88%  [0.1s]
2026-05-01 00:18:55 | DEBUG    | reduction | Scaler fitted on 639 samples, 166 features
2026-05-01 00:18:55 | DEBUG    | reduction | LDA: 166 → 9 discriminant components
2026-05-01 00:18:55 | INFO     | cross_validation |   Fold 4/5: train=639 (orig=639, aug=0), val=160, acc=75.62%  [0.0s]
2026-05-01 00:18:55 | DEBUG    | reduction | Scaler fitted on 640 samples, 166 features
2026-05-01 00:18:55 | DEBUG    | reduction | LDA: 166 → 9 discriminant components
2026-05-01 00:18:55 | INFO     | cross_validation |   Fold 5/5: train=640 (orig=640, aug=0), val=159, acc=74.84%  [0.0s]
2026-05-01 00:18:55 | INFO     | cross_validation |   CV result: 73.72% ± 2.61%
2026-05-01 00:18:55 | INFO     | cross_validation |   Combo 12/20: {'n_neighbors': 12}
2026-05-01 00:18:55 | DEBUG    | reduction | Scaler fitted on 639 samples, 166 features
2026-05-01 00:18:55 | DEBUG    | reduction | LDA: 166 → 9 discriminant components
2026-05-01 00:18:55 | INFO     | cross_validation |   Fold 1/5: train=639 (orig=639, aug=0), val=160, acc=70.00%  [0.1s]
2026-05-01 00:18:55 | DEBUG    | reduction | Scaler fitted on 639 samples, 166 features
2026-05-01 00:18:55 | DEBUG    | reduction | LDA: 166 → 9 discriminant components
2026-05-01 00:18:55 | INFO     | cross_validation |   Fold 2/5: train=639 (orig=639, aug=0), val=160, acc=70.62%  [0.1s]
2026-05-01 00:18:55 | DEBUG    | reduction | Scaler fitted on 639 samples, 166 features
2026-05-01 00:18:55 | DEBUG    | reduction | LDA: 166 → 9 discriminant components
2026-05-01 00:18:55 | INFO     | cross_validation |   Fold 3/5: train=639 (orig=639, aug=0), val=160, acc=76.25%  [0.1s]
2026-05-01 00:18:55 | DEBUG    | reduction | Scaler fitted on 639 samples, 166 features
2026-05-01 00:18:55 | DEBUG    | reduction | LDA: 166 → 9 discriminant components
2026-05-01 00:18:55 | INFO     | cross_validation |   Fold 4/5: train=639 (orig=639, aug=0), val=160, acc=75.62%  [0.0s]
2026-05-01 00:18:55 | DEBUG    | reduction | Scaler fitted on 640 samples, 166 features
2026-05-01 00:18:55 | DEBUG    | reduction | LDA: 166 → 9 discriminant components
2026-05-01 00:18:55 | INFO     | cross_validation |   Fold 5/5: train=640 (orig=640, aug=0), val=159, acc=74.21%  [0.0s]
2026-05-01 00:18:55 | INFO     | cross_validation |   CV result: 73.34% ± 2.57%
2026-05-01 00:18:55 | INFO     | cross_validation |   Combo 13/20: {'n_neighbors': 13}
2026-05-01 00:18:55 | DEBUG    | reduction | Scaler fitted on 639 samples, 166 features
2026-05-01 00:18:55 | DEBUG    | reduction | LDA: 166 → 9 discriminant components
2026-05-01 00:18:55 | INFO     | cross_validation |   Fold 1/5: train=639 (orig=639, aug=0), val=160, acc=70.62%  [0.0s]
2026-05-01 00:18:55 | DEBUG    | reduction | Scaler fitted on 639 samples, 166 features
2026-05-01 00:18:55 | DEBUG    | reduction | LDA: 166 → 9 discriminant components
2026-05-01 00:18:55 | INFO     | cross_validation |   Fold 2/5: train=639 (orig=639, aug=0), val=160, acc=70.62%  [0.1s]
2026-05-01 00:18:55 | DEBUG    | reduction | Scaler fitted on 639 samples, 166 features
2026-05-01 00:18:55 | DEBUG    | reduction | LDA: 166 → 9 discriminant components
2026-05-01 00:18:55 | INFO     | cross_validation |   Fold 3/5: train=639 (orig=639, aug=0), val=160, acc=76.88%  [0.1s]
2026-05-01 00:18:55 | DEBUG    | reduction | Scaler fitted on 639 samples, 166 features
2026-05-01 00:18:55 | DEBUG    | reduction | LDA: 166 → 9 discriminant components
2026-05-01 00:18:55 | INFO     | cross_validation |   Fold 4/5: train=639 (orig=639, aug=0), val=160, acc=75.62%  [0.1s]
2026-05-01 00:18:55 | DEBUG    | reduction | Scaler fitted on 640 samples, 166 features
2026-05-01 00:18:56 | DEBUG    | reduction | LDA: 166 → 9 discriminant components
2026-05-01 00:18:56 | INFO     | cross_validation |   Fold 5/5: train=640 (orig=640, aug=0), val=159, acc=74.84%  [0.1s]
2026-05-01 00:18:56 | INFO     | cross_validation |   CV result: 73.72% ± 2.61%
2026-05-01 00:18:56 | INFO     | cross_validation |   Combo 14/20: {'n_neighbors': 14}
2026-05-01 00:18:56 | DEBUG    | reduction | Scaler fitted on 639 samples, 166 features
2026-05-01 00:18:56 | DEBUG    | reduction | LDA: 166 → 9 discriminant components
2026-05-01 00:18:56 | INFO     | cross_validation |   Fold 1/5: train=639 (orig=639, aug=0), val=160, acc=71.25%  [0.0s]
2026-05-01 00:18:56 | DEBUG    | reduction | Scaler fitted on 639 samples, 166 features
2026-05-01 00:18:56 | DEBUG    | reduction | LDA: 166 → 9 discriminant components
2026-05-01 00:18:56 | INFO     | cross_validation |   Fold 2/5: train=639 (orig=639, aug=0), val=160, acc=71.25%  [0.1s]
2026-05-01 00:18:56 | DEBUG    | reduction | Scaler fitted on 639 samples, 166 features
2026-05-01 00:18:56 | DEBUG    | reduction | LDA: 166 → 9 discriminant components
2026-05-01 00:18:56 | INFO     | cross_validation |   Fold 3/5: train=639 (orig=639, aug=0), val=160, acc=76.25%  [0.1s]
2026-05-01 00:18:56 | DEBUG    | reduction | Scaler fitted on 639 samples, 166 features
2026-05-01 00:18:56 | DEBUG    | reduction | LDA: 166 → 9 discriminant components
2026-05-01 00:18:56 | INFO     | cross_validation |   Fold 4/5: train=639 (orig=639, aug=0), val=160, acc=75.00%  [0.1s]
2026-05-01 00:18:56 | DEBUG    | reduction | Scaler fitted on 640 samples, 166 features
2026-05-01 00:18:56 | DEBUG    | reduction | LDA: 166 → 9 discriminant components
2026-05-01 00:18:56 | INFO     | cross_validation |   Fold 5/5: train=640 (orig=640, aug=0), val=159, acc=74.21%  [0.0s]
2026-05-01 00:18:56 | INFO     | cross_validation |   CV result: 73.59% ± 2.02%
2026-05-01 00:18:56 | INFO     | cross_validation |   Combo 15/20: {'n_neighbors': 15}
2026-05-01 00:18:56 | DEBUG    | reduction | Scaler fitted on 639 samples, 166 features
2026-05-01 00:18:56 | DEBUG    | reduction | LDA: 166 → 9 discriminant components
2026-05-01 00:18:56 | INFO     | cross_validation |   Fold 1/5: train=639 (orig=639, aug=0), val=160, acc=70.00%  [0.1s]
2026-05-01 00:18:56 | DEBUG    | reduction | Scaler fitted on 639 samples, 166 features
2026-05-01 00:18:56 | DEBUG    | reduction | LDA: 166 → 9 discriminant components
2026-05-01 00:18:56 | INFO     | cross_validation |   Fold 2/5: train=639 (orig=639, aug=0), val=160, acc=72.50%  [0.0s]
2026-05-01 00:18:56 | DEBUG    | reduction | Scaler fitted on 639 samples, 166 features
2026-05-01 00:18:56 | DEBUG    | reduction | LDA: 166 → 9 discriminant components
2026-05-01 00:18:56 | INFO     | cross_validation |   Fold 3/5: train=639 (orig=639, aug=0), val=160, acc=75.62%  [0.0s]
2026-05-01 00:18:56 | DEBUG    | reduction | Scaler fitted on 639 samples, 166 features
2026-05-01 00:18:56 | DEBUG    | reduction | LDA: 166 → 9 discriminant components
2026-05-01 00:18:56 | INFO     | cross_validation |   Fold 4/5: train=639 (orig=639, aug=0), val=160, acc=76.25%  [0.1s]
2026-05-01 00:18:56 | DEBUG    | reduction | Scaler fitted on 640 samples, 166 features
2026-05-01 00:18:56 | DEBUG    | reduction | LDA: 166 → 9 discriminant components
2026-05-01 00:18:56 | INFO     | cross_validation |   Fold 5/5: train=640 (orig=640, aug=0), val=159, acc=72.96%  [0.0s]
2026-05-01 00:18:56 | INFO     | cross_validation |   CV result: 73.47% ± 2.26%
2026-05-01 00:18:56 | INFO     | cross_validation |   Combo 16/20: {'n_neighbors': 16}
2026-05-01 00:18:56 | DEBUG    | reduction | Scaler fitted on 639 samples, 166 features
2026-05-01 00:18:56 | DEBUG    | reduction | LDA: 166 → 9 discriminant components
2026-05-01 00:18:56 | INFO     | cross_validation |   Fold 1/5: train=639 (orig=639, aug=0), val=160, acc=70.00%  [0.1s]
2026-05-01 00:18:56 | DEBUG    | reduction | Scaler fitted on 639 samples, 166 features
2026-05-01 00:18:56 | DEBUG    | reduction | LDA: 166 → 9 discriminant components
2026-05-01 00:18:56 | INFO     | cross_validation |   Fold 2/5: train=639 (orig=639, aug=0), val=160, acc=72.50%  [0.1s]
2026-05-01 00:18:56 | DEBUG    | reduction | Scaler fitted on 639 samples, 166 features
2026-05-01 00:18:56 | DEBUG    | reduction | LDA: 166 → 9 discriminant components
2026-05-01 00:18:56 | INFO     | cross_validation |   Fold 3/5: train=639 (orig=639, aug=0), val=160, acc=76.25%  [0.1s]
2026-05-01 00:18:56 | DEBUG    | reduction | Scaler fitted on 639 samples, 166 features
2026-05-01 00:18:57 | DEBUG    | reduction | LDA: 166 → 9 discriminant components
2026-05-01 00:18:57 | INFO     | cross_validation |   Fold 4/5: train=639 (orig=639, aug=0), val=160, acc=75.62%  [0.1s]
2026-05-01 00:18:57 | DEBUG    | reduction | Scaler fitted on 640 samples, 166 features
2026-05-01 00:18:57 | DEBUG    | reduction | LDA: 166 → 9 discriminant components
2026-05-01 00:18:57 | INFO     | cross_validation |   Fold 5/5: train=640 (orig=640, aug=0), val=159, acc=74.84%  [0.0s]
2026-05-01 00:18:57 | INFO     | cross_validation |   CV result: 73.84% ± 2.30%
2026-05-01 00:18:57 | INFO     | cross_validation |   Combo 17/20: {'n_neighbors': 17}
2026-05-01 00:18:57 | DEBUG    | reduction | Scaler fitted on 639 samples, 166 features
2026-05-01 00:18:57 | DEBUG    | reduction | LDA: 166 → 9 discriminant components
2026-05-01 00:18:57 | INFO     | cross_validation |   Fold 1/5: train=639 (orig=639, aug=0), val=160, acc=70.00%  [0.1s]
2026-05-01 00:18:57 | DEBUG    | reduction | Scaler fitted on 639 samples, 166 features
2026-05-01 00:18:57 | DEBUG    | reduction | LDA: 166 → 9 discriminant components
2026-05-01 00:18:57 | INFO     | cross_validation |   Fold 2/5: train=639 (orig=639, aug=0), val=160, acc=73.75%  [0.1s]
2026-05-01 00:18:57 | DEBUG    | reduction | Scaler fitted on 639 samples, 166 features
2026-05-01 00:18:57 | DEBUG    | reduction | LDA: 166 → 9 discriminant components
2026-05-01 00:18:57 | INFO     | cross_validation |   Fold 3/5: train=639 (orig=639, aug=0), val=160, acc=76.88%  [0.0s]
2026-05-01 00:18:57 | DEBUG    | reduction | Scaler fitted on 639 samples, 166 features
2026-05-01 00:18:57 | DEBUG    | reduction | LDA: 166 → 9 discriminant components
2026-05-01 00:18:57 | INFO     | cross_validation |   Fold 4/5: train=639 (orig=639, aug=0), val=160, acc=76.25%  [0.1s]
2026-05-01 00:18:57 | DEBUG    | reduction | Scaler fitted on 640 samples, 166 features
2026-05-01 00:18:57 | DEBUG    | reduction | LDA: 166 → 9 discriminant components
2026-05-01 00:18:57 | INFO     | cross_validation |   Fold 5/5: train=640 (orig=640, aug=0), val=159, acc=76.73%  [0.1s]
2026-05-01 00:18:57 | INFO     | cross_validation |   CV result: 74.72% ± 2.62%
2026-05-01 00:18:57 | INFO     | cross_validation |   Combo 18/20: {'n_neighbors': 18}
2026-05-01 00:18:57 | DEBUG    | reduction | Scaler fitted on 639 samples, 166 features
2026-05-01 00:18:57 | DEBUG    | reduction | LDA: 166 → 9 discriminant components
2026-05-01 00:18:57 | INFO     | cross_validation |   Fold 1/5: train=639 (orig=639, aug=0), val=160, acc=70.62%  [0.1s]
2026-05-01 00:18:57 | DEBUG    | reduction | Scaler fitted on 639 samples, 166 features
2026-05-01 00:18:57 | DEBUG    | reduction | LDA: 166 → 9 discriminant components
2026-05-01 00:18:57 | INFO     | cross_validation |   Fold 2/5: train=639 (orig=639, aug=0), val=160, acc=73.12%  [0.1s]
2026-05-01 00:18:57 | DEBUG    | reduction | Scaler fitted on 639 samples, 166 features
2026-05-01 00:18:57 | DEBUG    | reduction | LDA: 166 → 9 discriminant components
2026-05-01 00:18:57 | INFO     | cross_validation |   Fold 3/5: train=639 (orig=639, aug=0), val=160, acc=76.25%  [0.1s]
2026-05-01 00:18:57 | DEBUG    | reduction | Scaler fitted on 639 samples, 166 features
2026-05-01 00:18:57 | DEBUG    | reduction | LDA: 166 → 9 discriminant components
2026-05-01 00:18:57 | INFO     | cross_validation |   Fold 4/5: train=639 (orig=639, aug=0), val=160, acc=75.00%  [0.1s]
2026-05-01 00:18:57 | DEBUG    | reduction | Scaler fitted on 640 samples, 166 features
2026-05-01 00:18:57 | DEBUG    | reduction | LDA: 166 → 9 discriminant components
2026-05-01 00:18:57 | INFO     | cross_validation |   Fold 5/5: train=640 (orig=640, aug=0), val=159, acc=76.73%  [0.1s]
2026-05-01 00:18:58 | INFO     | cross_validation |   CV result: 74.35% ± 2.24%
2026-05-01 00:18:58 | INFO     | cross_validation |   Combo 19/20: {'n_neighbors': 19}
2026-05-01 00:18:58 | DEBUG    | reduction | Scaler fitted on 639 samples, 166 features
2026-05-01 00:18:58 | DEBUG    | reduction | LDA: 166 → 9 discriminant components
2026-05-01 00:18:58 | INFO     | cross_validation |   Fold 1/5: train=639 (orig=639, aug=0), val=160, acc=70.62%  [0.1s]
2026-05-01 00:18:58 | DEBUG    | reduction | Scaler fitted on 639 samples, 166 features
2026-05-01 00:18:58 | DEBUG    | reduction | LDA: 166 → 9 discriminant components
2026-05-01 00:18:58 | INFO     | cross_validation |   Fold 2/5: train=639 (orig=639, aug=0), val=160, acc=71.88%  [0.0s]
2026-05-01 00:18:58 | DEBUG    | reduction | Scaler fitted on 639 samples, 166 features
2026-05-01 00:18:58 | DEBUG    | reduction | LDA: 166 → 9 discriminant components
2026-05-01 00:18:58 | INFO     | cross_validation |   Fold 3/5: train=639 (orig=639, aug=0), val=160, acc=75.00%  [0.1s]
2026-05-01 00:18:58 | DEBUG    | reduction | Scaler fitted on 639 samples, 166 features
2026-05-01 00:18:58 | DEBUG    | reduction | LDA: 166 → 9 discriminant components
2026-05-01 00:18:58 | INFO     | cross_validation |   Fold 4/5: train=639 (orig=639, aug=0), val=160, acc=76.25%  [0.0s]
2026-05-01 00:18:58 | DEBUG    | reduction | Scaler fitted on 640 samples, 166 features
2026-05-01 00:18:58 | DEBUG    | reduction | LDA: 166 → 9 discriminant components
2026-05-01 00:18:58 | INFO     | cross_validation |   Fold 5/5: train=640 (orig=640, aug=0), val=159, acc=75.47%  [0.1s]
2026-05-01 00:18:58 | INFO     | cross_validation |   CV result: 73.84% ± 2.19%
2026-05-01 00:18:58 | INFO     | cross_validation |   Combo 20/20: {'n_neighbors': 20}
2026-05-01 00:18:58 | DEBUG    | reduction | Scaler fitted on 639 samples, 166 features
2026-05-01 00:18:58 | DEBUG    | reduction | LDA: 166 → 9 discriminant components
2026-05-01 00:18:58 | INFO     | cross_validation |   Fold 1/5: train=639 (orig=639, aug=0), val=160, acc=70.62%  [0.1s]
2026-05-01 00:18:58 | DEBUG    | reduction | Scaler fitted on 639 samples, 166 features
2026-05-01 00:18:58 | DEBUG    | reduction | LDA: 166 → 9 discriminant components
2026-05-01 00:18:58 | INFO     | cross_validation |   Fold 2/5: train=639 (orig=639, aug=0), val=160, acc=71.88%  [0.1s]
2026-05-01 00:18:58 | DEBUG    | reduction | Scaler fitted on 639 samples, 166 features
2026-05-01 00:18:58 | DEBUG    | reduction | LDA: 166 → 9 discriminant components
2026-05-01 00:18:58 | INFO     | cross_validation |   Fold 3/5: train=639 (orig=639, aug=0), val=160, acc=75.62%  [0.0s]
2026-05-01 00:18:58 | DEBUG    | reduction | Scaler fitted on 639 samples, 166 features
2026-05-01 00:18:58 | DEBUG    | reduction | LDA: 166 → 9 discriminant components
2026-05-01 00:18:58 | INFO     | cross_validation |   Fold 4/5: train=639 (orig=639, aug=0), val=160, acc=76.88%  [0.1s]
2026-05-01 00:18:58 | DEBUG    | reduction | Scaler fitted on 640 samples, 166 features
2026-05-01 00:18:58 | DEBUG    | reduction | LDA: 166 → 9 discriminant components
2026-05-01 00:18:58 | INFO     | cross_validation |   Fold 5/5: train=640 (orig=640, aug=0), val=159, acc=75.47%  [0.1s]
2026-05-01 00:18:58 | INFO     | cross_validation |   CV result: 74.09% ± 2.41%
2026-05-01 00:18:58 | INFO     | cross_validation |   Best params: {'n_neighbors': 17}
2026-05-01 00:18:58 | INFO     | cross_validation |   Best CV: 74.72% ± 2.62%
2026-05-01 00:18:58 | INFO     | cross_validation | ✓ grid_search_cv finished in 7.8s
2026-05-01 00:18:58 | INFO     | main | ────────────────────────────────────────────────────────────
2026-05-01 00:18:58 | INFO     | main |   KNN [skb, aug]
2026-05-01 00:18:58 | INFO     | main | ────────────────────────────────────────────────────────────
2026-05-01 00:18:58 | INFO     | cross_validation | → grid_search_cv started
2026-05-01 00:18:58 | INFO     | cross_validation | Grid search: 20 parameter combinations × 5 folds
2026-05-01 00:18:58 | INFO     | cross_validation |   Combo 1/20: {'n_neighbors': 1}
2026-05-01 00:18:58 | DEBUG    | reduction | Scaler fitted on 639 samples, 166 features
2026-05-01 00:18:58 | DEBUG    | reduction | SelectKBest: 166 → 80 features
2026-05-01 00:18:58 | INFO     | cross_validation |   Fold 1/5: train=1917 (orig=639, aug=1278), val=160, acc=67.50%  [0.1s]
2026-05-01 00:18:58 | DEBUG    | reduction | Scaler fitted on 639 samples, 166 features
2026-05-01 00:18:58 | DEBUG    | reduction | SelectKBest: 166 → 80 features
2026-05-01 00:18:58 | INFO     | cross_validation |   Fold 2/5: train=1917 (orig=639, aug=1278), val=160, acc=68.12%  [0.0s]
2026-05-01 00:18:58 | DEBUG    | reduction | Scaler fitted on 639 samples, 166 features
2026-05-01 00:18:58 | DEBUG    | reduction | SelectKBest: 166 → 80 features
2026-05-01 00:18:58 | INFO     | cross_validation |   Fold 3/5: train=1917 (orig=639, aug=1278), val=160, acc=76.88%  [0.0s]
2026-05-01 00:18:58 | DEBUG    | reduction | Scaler fitted on 639 samples, 166 features
2026-05-01 00:18:58 | DEBUG    | reduction | SelectKBest: 166 → 80 features
2026-05-01 00:18:58 | INFO     | cross_validation |   Fold 4/5: train=1917 (orig=639, aug=1278), val=160, acc=78.12%  [0.0s]
2026-05-01 00:18:58 | DEBUG    | reduction | Scaler fitted on 640 samples, 166 features
2026-05-01 00:18:58 | DEBUG    | reduction | SelectKBest: 166 → 80 features
2026-05-01 00:18:58 | INFO     | cross_validation |   Fold 5/5: train=1920 (orig=640, aug=1280), val=159, acc=65.41%  [0.0s]
2026-05-01 00:18:58 | INFO     | cross_validation |   CV result: 71.21% ± 5.23%
2026-05-01 00:18:58 | INFO     | cross_validation |   Combo 2/20: {'n_neighbors': 2}
2026-05-01 00:18:58 | DEBUG    | reduction | Scaler fitted on 639 samples, 166 features
2026-05-01 00:18:58 | DEBUG    | reduction | SelectKBest: 166 → 80 features
2026-05-01 00:18:58 | INFO     | cross_validation |   Fold 1/5: train=1917 (orig=639, aug=1278), val=160, acc=65.00%  [0.0s]
2026-05-01 00:18:58 | DEBUG    | reduction | Scaler fitted on 639 samples, 166 features
2026-05-01 00:18:58 | DEBUG    | reduction | SelectKBest: 166 → 80 features
2026-05-01 00:18:58 | INFO     | cross_validation |   Fold 2/5: train=1917 (orig=639, aug=1278), val=160, acc=68.12%  [0.0s]
2026-05-01 00:18:58 | DEBUG    | reduction | Scaler fitted on 639 samples, 166 features
2026-05-01 00:18:58 | DEBUG    | reduction | SelectKBest: 166 → 80 features
2026-05-01 00:18:58 | INFO     | cross_validation |   Fold 3/5: train=1917 (orig=639, aug=1278), val=160, acc=76.25%  [0.0s]
2026-05-01 00:18:58 | DEBUG    | reduction | Scaler fitted on 639 samples, 166 features
2026-05-01 00:18:58 | DEBUG    | reduction | SelectKBest: 166 → 80 features
2026-05-01 00:18:58 | INFO     | cross_validation |   Fold 4/5: train=1917 (orig=639, aug=1278), val=160, acc=71.25%  [0.0s]
2026-05-01 00:18:58 | DEBUG    | reduction | Scaler fitted on 640 samples, 166 features
2026-05-01 00:18:58 | DEBUG    | reduction | SelectKBest: 166 → 80 features
2026-05-01 00:18:58 | INFO     | cross_validation |   Fold 5/5: train=1920 (orig=640, aug=1280), val=159, acc=65.41%  [0.0s]
2026-05-01 00:18:58 | INFO     | cross_validation |   CV result: 69.21% ± 4.17%
2026-05-01 00:18:58 | INFO     | cross_validation |   Combo 3/20: {'n_neighbors': 3}
2026-05-01 00:18:58 | DEBUG    | reduction | Scaler fitted on 639 samples, 166 features
2026-05-01 00:18:59 | DEBUG    | reduction | SelectKBest: 166 → 80 features
2026-05-01 00:18:59 | INFO     | cross_validation |   Fold 1/5: train=1917 (orig=639, aug=1278), val=160, acc=70.00%  [0.0s]
2026-05-01 00:18:59 | DEBUG    | reduction | Scaler fitted on 639 samples, 166 features
2026-05-01 00:18:59 | DEBUG    | reduction | SelectKBest: 166 → 80 features
2026-05-01 00:18:59 | INFO     | cross_validation |   Fold 2/5: train=1917 (orig=639, aug=1278), val=160, acc=71.25%  [0.0s]
2026-05-01 00:18:59 | DEBUG    | reduction | Scaler fitted on 639 samples, 166 features
2026-05-01 00:18:59 | DEBUG    | reduction | SelectKBest: 166 → 80 features
2026-05-01 00:18:59 | INFO     | cross_validation |   Fold 3/5: train=1917 (orig=639, aug=1278), val=160, acc=72.50%  [0.0s]
2026-05-01 00:18:59 | DEBUG    | reduction | Scaler fitted on 639 samples, 166 features
2026-05-01 00:18:59 | DEBUG    | reduction | SelectKBest: 166 → 80 features
2026-05-01 00:18:59 | INFO     | cross_validation |   Fold 4/5: train=1917 (orig=639, aug=1278), val=160, acc=69.38%  [0.0s]
2026-05-01 00:18:59 | DEBUG    | reduction | Scaler fitted on 640 samples, 166 features
2026-05-01 00:18:59 | DEBUG    | reduction | SelectKBest: 166 → 80 features
2026-05-01 00:18:59 | INFO     | cross_validation |   Fold 5/5: train=1920 (orig=640, aug=1280), val=159, acc=67.30%  [0.0s]
2026-05-01 00:18:59 | INFO     | cross_validation |   CV result: 70.08% ± 1.76%
2026-05-01 00:18:59 | INFO     | cross_validation |   Combo 4/20: {'n_neighbors': 4}
2026-05-01 00:18:59 | DEBUG    | reduction | Scaler fitted on 639 samples, 166 features
2026-05-01 00:18:59 | DEBUG    | reduction | SelectKBest: 166 → 80 features
2026-05-01 00:18:59 | INFO     | cross_validation |   Fold 1/5: train=1917 (orig=639, aug=1278), val=160, acc=71.88%  [0.0s]
2026-05-01 00:18:59 | DEBUG    | reduction | Scaler fitted on 639 samples, 166 features
2026-05-01 00:18:59 | DEBUG    | reduction | SelectKBest: 166 → 80 features
2026-05-01 00:18:59 | INFO     | cross_validation |   Fold 2/5: train=1917 (orig=639, aug=1278), val=160, acc=70.62%  [0.0s]
2026-05-01 00:18:59 | DEBUG    | reduction | Scaler fitted on 639 samples, 166 features
2026-05-01 00:18:59 | DEBUG    | reduction | SelectKBest: 166 → 80 features
2026-05-01 00:18:59 | INFO     | cross_validation |   Fold 3/5: train=1917 (orig=639, aug=1278), val=160, acc=75.62%  [0.0s]
2026-05-01 00:18:59 | DEBUG    | reduction | Scaler fitted on 639 samples, 166 features
2026-05-01 00:18:59 | DEBUG    | reduction | SelectKBest: 166 → 80 features
2026-05-01 00:18:59 | INFO     | cross_validation |   Fold 4/5: train=1917 (orig=639, aug=1278), val=160, acc=70.62%  [0.0s]
2026-05-01 00:18:59 | DEBUG    | reduction | Scaler fitted on 640 samples, 166 features
2026-05-01 00:18:59 | DEBUG    | reduction | SelectKBest: 166 → 80 features
2026-05-01 00:18:59 | INFO     | cross_validation |   Fold 5/5: train=1920 (orig=640, aug=1280), val=159, acc=66.67%  [0.0s]
2026-05-01 00:18:59 | INFO     | cross_validation |   CV result: 71.08% ± 2.87%
2026-05-01 00:18:59 | INFO     | cross_validation |   Combo 5/20: {'n_neighbors': 5}
2026-05-01 00:18:59 | DEBUG    | reduction | Scaler fitted on 639 samples, 166 features
2026-05-01 00:18:59 | DEBUG    | reduction | SelectKBest: 166 → 80 features
2026-05-01 00:18:59 | INFO     | cross_validation |   Fold 1/5: train=1917 (orig=639, aug=1278), val=160, acc=71.25%  [0.0s]
2026-05-01 00:18:59 | DEBUG    | reduction | Scaler fitted on 639 samples, 166 features
2026-05-01 00:18:59 | DEBUG    | reduction | SelectKBest: 166 → 80 features
2026-05-01 00:18:59 | INFO     | cross_validation |   Fold 2/5: train=1917 (orig=639, aug=1278), val=160, acc=72.50%  [0.0s]
2026-05-01 00:18:59 | DEBUG    | reduction | Scaler fitted on 639 samples, 166 features
2026-05-01 00:18:59 | DEBUG    | reduction | SelectKBest: 166 → 80 features
2026-05-01 00:18:59 | INFO     | cross_validation |   Fold 3/5: train=1917 (orig=639, aug=1278), val=160, acc=78.12%  [0.0s]
2026-05-01 00:18:59 | DEBUG    | reduction | Scaler fitted on 639 samples, 166 features
2026-05-01 00:18:59 | DEBUG    | reduction | SelectKBest: 166 → 80 features
2026-05-01 00:18:59 | INFO     | cross_validation |   Fold 4/5: train=1917 (orig=639, aug=1278), val=160, acc=70.62%  [0.0s]
2026-05-01 00:18:59 | DEBUG    | reduction | Scaler fitted on 640 samples, 166 features
2026-05-01 00:18:59 | DEBUG    | reduction | SelectKBest: 166 → 80 features
2026-05-01 00:18:59 | INFO     | cross_validation |   Fold 5/5: train=1920 (orig=640, aug=1280), val=159, acc=66.67%  [0.0s]
2026-05-01 00:18:59 | INFO     | cross_validation |   CV result: 71.83% ± 3.70%
2026-05-01 00:18:59 | INFO     | cross_validation |   Combo 6/20: {'n_neighbors': 6}
2026-05-01 00:18:59 | DEBUG    | reduction | Scaler fitted on 639 samples, 166 features
2026-05-01 00:18:59 | DEBUG    | reduction | SelectKBest: 166 → 80 features
2026-05-01 00:18:59 | INFO     | cross_validation |   Fold 1/5: train=1917 (orig=639, aug=1278), val=160, acc=69.38%  [0.0s]
2026-05-01 00:18:59 | DEBUG    | reduction | Scaler fitted on 639 samples, 166 features
2026-05-01 00:18:59 | DEBUG    | reduction | SelectKBest: 166 → 80 features
2026-05-01 00:18:59 | INFO     | cross_validation |   Fold 2/5: train=1917 (orig=639, aug=1278), val=160, acc=70.00%  [0.0s]
2026-05-01 00:18:59 | DEBUG    | reduction | Scaler fitted on 639 samples, 166 features
2026-05-01 00:18:59 | DEBUG    | reduction | SelectKBest: 166 → 80 features
2026-05-01 00:18:59 | INFO     | cross_validation |   Fold 3/5: train=1917 (orig=639, aug=1278), val=160, acc=79.38%  [0.0s]
2026-05-01 00:18:59 | DEBUG    | reduction | Scaler fitted on 639 samples, 166 features
2026-05-01 00:18:59 | DEBUG    | reduction | SelectKBest: 166 → 80 features
2026-05-01 00:18:59 | INFO     | cross_validation |   Fold 4/5: train=1917 (orig=639, aug=1278), val=160, acc=71.25%  [0.0s]
2026-05-01 00:18:59 | DEBUG    | reduction | Scaler fitted on 640 samples, 166 features
2026-05-01 00:18:59 | DEBUG    | reduction | SelectKBest: 166 → 80 features
2026-05-01 00:18:59 | INFO     | cross_validation |   Fold 5/5: train=1920 (orig=640, aug=1280), val=159, acc=67.92%  [0.0s]
2026-05-01 00:18:59 | INFO     | cross_validation |   CV result: 71.58% ± 4.04%
2026-05-01 00:18:59 | INFO     | cross_validation |   Combo 7/20: {'n_neighbors': 7}
2026-05-01 00:18:59 | DEBUG    | reduction | Scaler fitted on 639 samples, 166 features
2026-05-01 00:18:59 | DEBUG    | reduction | SelectKBest: 166 → 80 features
2026-05-01 00:18:59 | INFO     | cross_validation |   Fold 1/5: train=1917 (orig=639, aug=1278), val=160, acc=71.88%  [0.0s]
2026-05-01 00:18:59 | DEBUG    | reduction | Scaler fitted on 639 samples, 166 features
2026-05-01 00:18:59 | DEBUG    | reduction | SelectKBest: 166 → 80 features
2026-05-01 00:18:59 | INFO     | cross_validation |   Fold 2/5: train=1917 (orig=639, aug=1278), val=160, acc=75.00%  [0.0s]
2026-05-01 00:18:59 | DEBUG    | reduction | Scaler fitted on 639 samples, 166 features
2026-05-01 00:18:59 | DEBUG    | reduction | SelectKBest: 166 → 80 features
2026-05-01 00:18:59 | INFO     | cross_validation |   Fold 3/5: train=1917 (orig=639, aug=1278), val=160, acc=78.12%  [0.0s]
2026-05-01 00:18:59 | DEBUG    | reduction | Scaler fitted on 639 samples, 166 features
2026-05-01 00:18:59 | DEBUG    | reduction | SelectKBest: 166 → 80 features
2026-05-01 00:18:59 | INFO     | cross_validation |   Fold 4/5: train=1917 (orig=639, aug=1278), val=160, acc=70.00%  [0.0s]
2026-05-01 00:18:59 | DEBUG    | reduction | Scaler fitted on 640 samples, 166 features
2026-05-01 00:18:59 | DEBUG    | reduction | SelectKBest: 166 → 80 features
2026-05-01 00:18:59 | INFO     | cross_validation |   Fold 5/5: train=1920 (orig=640, aug=1280), val=159, acc=70.44%  [0.0s]
2026-05-01 00:18:59 | INFO     | cross_validation |   CV result: 73.09% ± 3.07%
2026-05-01 00:18:59 | INFO     | cross_validation |   Combo 8/20: {'n_neighbors': 8}
2026-05-01 00:18:59 | DEBUG    | reduction | Scaler fitted on 639 samples, 166 features
2026-05-01 00:18:59 | DEBUG    | reduction | SelectKBest: 166 → 80 features
2026-05-01 00:18:59 | INFO     | cross_validation |   Fold 1/5: train=1917 (orig=639, aug=1278), val=160, acc=73.12%  [0.0s]
2026-05-01 00:18:59 | DEBUG    | reduction | Scaler fitted on 639 samples, 166 features
2026-05-01 00:18:59 | DEBUG    | reduction | SelectKBest: 166 → 80 features
2026-05-01 00:18:59 | INFO     | cross_validation |   Fold 2/5: train=1917 (orig=639, aug=1278), val=160, acc=72.50%  [0.0s]
2026-05-01 00:18:59 | DEBUG    | reduction | Scaler fitted on 639 samples, 166 features
2026-05-01 00:18:59 | DEBUG    | reduction | SelectKBest: 166 → 80 features
2026-05-01 00:18:59 | INFO     | cross_validation |   Fold 3/5: train=1917 (orig=639, aug=1278), val=160, acc=78.75%  [0.0s]
2026-05-01 00:18:59 | DEBUG    | reduction | Scaler fitted on 639 samples, 166 features
2026-05-01 00:18:59 | DEBUG    | reduction | SelectKBest: 166 → 80 features
2026-05-01 00:18:59 | INFO     | cross_validation |   Fold 4/5: train=1917 (orig=639, aug=1278), val=160, acc=68.12%  [0.0s]
2026-05-01 00:18:59 | DEBUG    | reduction | Scaler fitted on 640 samples, 166 features
2026-05-01 00:18:59 | DEBUG    | reduction | SelectKBest: 166 → 80 features
2026-05-01 00:18:59 | INFO     | cross_validation |   Fold 5/5: train=1920 (orig=640, aug=1280), val=159, acc=70.44%  [0.0s]
2026-05-01 00:18:59 | INFO     | cross_validation |   CV result: 72.59% ± 3.54%
2026-05-01 00:18:59 | INFO     | cross_validation |   Combo 9/20: {'n_neighbors': 9}
2026-05-01 00:18:59 | DEBUG    | reduction | Scaler fitted on 639 samples, 166 features
2026-05-01 00:18:59 | DEBUG    | reduction | SelectKBest: 166 → 80 features
2026-05-01 00:18:59 | INFO     | cross_validation |   Fold 1/5: train=1917 (orig=639, aug=1278), val=160, acc=73.12%  [0.0s]
2026-05-01 00:18:59 | DEBUG    | reduction | Scaler fitted on 639 samples, 166 features
2026-05-01 00:18:59 | DEBUG    | reduction | SelectKBest: 166 → 80 features
2026-05-01 00:18:59 | INFO     | cross_validation |   Fold 2/5: train=1917 (orig=639, aug=1278), val=160, acc=73.12%  [0.0s]
2026-05-01 00:18:59 | DEBUG    | reduction | Scaler fitted on 639 samples, 166 features
2026-05-01 00:18:59 | DEBUG    | reduction | SelectKBest: 166 → 80 features
2026-05-01 00:18:59 | INFO     | cross_validation |   Fold 3/5: train=1917 (orig=639, aug=1278), val=160, acc=77.50%  [0.0s]
2026-05-01 00:18:59 | DEBUG    | reduction | Scaler fitted on 639 samples, 166 features
2026-05-01 00:18:59 | DEBUG    | reduction | SelectKBest: 166 → 80 features
2026-05-01 00:18:59 | INFO     | cross_validation |   Fold 4/5: train=1917 (orig=639, aug=1278), val=160, acc=70.00%  [0.0s]
2026-05-01 00:18:59 | DEBUG    | reduction | Scaler fitted on 640 samples, 166 features
2026-05-01 00:18:59 | DEBUG    | reduction | SelectKBest: 166 → 80 features
2026-05-01 00:18:59 | INFO     | cross_validation |   Fold 5/5: train=1920 (orig=640, aug=1280), val=159, acc=70.44%  [0.0s]
2026-05-01 00:18:59 | INFO     | cross_validation |   CV result: 72.84% ± 2.67%
2026-05-01 00:18:59 | INFO     | cross_validation |   Combo 10/20: {'n_neighbors': 10}
2026-05-01 00:18:59 | DEBUG    | reduction | Scaler fitted on 639 samples, 166 features
2026-05-01 00:18:59 | DEBUG    | reduction | SelectKBest: 166 → 80 features
2026-05-01 00:18:59 | INFO     | cross_validation |   Fold 1/5: train=1917 (orig=639, aug=1278), val=160, acc=70.62%  [0.0s]
2026-05-01 00:18:59 | DEBUG    | reduction | Scaler fitted on 639 samples, 166 features
2026-05-01 00:18:59 | DEBUG    | reduction | SelectKBest: 166 → 80 features
2026-05-01 00:18:59 | INFO     | cross_validation |   Fold 2/5: train=1917 (orig=639, aug=1278), val=160, acc=68.75%  [0.0s]
2026-05-01 00:18:59 | DEBUG    | reduction | Scaler fitted on 639 samples, 166 features
2026-05-01 00:18:59 | DEBUG    | reduction | SelectKBest: 166 → 80 features
2026-05-01 00:18:59 | INFO     | cross_validation |   Fold 3/5: train=1917 (orig=639, aug=1278), val=160, acc=80.62%  [0.0s]
2026-05-01 00:18:59 | DEBUG    | reduction | Scaler fitted on 639 samples, 166 features
2026-05-01 00:18:59 | DEBUG    | reduction | SelectKBest: 166 → 80 features
2026-05-01 00:18:59 | INFO     | cross_validation |   Fold 4/5: train=1917 (orig=639, aug=1278), val=160, acc=68.75%  [0.0s]
2026-05-01 00:18:59 | DEBUG    | reduction | Scaler fitted on 640 samples, 166 features
2026-05-01 00:18:59 | DEBUG    | reduction | SelectKBest: 166 → 80 features
2026-05-01 00:18:59 | INFO     | cross_validation |   Fold 5/5: train=1920 (orig=640, aug=1280), val=159, acc=73.58%  [0.0s]
2026-05-01 00:18:59 | INFO     | cross_validation |   CV result: 72.47% ± 4.45%
2026-05-01 00:18:59 | INFO     | cross_validation |   Combo 11/20: {'n_neighbors': 11}
2026-05-01 00:18:59 | DEBUG    | reduction | Scaler fitted on 639 samples, 166 features
2026-05-01 00:18:59 | DEBUG    | reduction | SelectKBest: 166 → 80 features
2026-05-01 00:18:59 | INFO     | cross_validation |   Fold 1/5: train=1917 (orig=639, aug=1278), val=160, acc=72.50%  [0.0s]
2026-05-01 00:18:59 | DEBUG    | reduction | Scaler fitted on 639 samples, 166 features
2026-05-01 00:18:59 | DEBUG    | reduction | SelectKBest: 166 → 80 features
2026-05-01 00:18:59 | INFO     | cross_validation |   Fold 2/5: train=1917 (orig=639, aug=1278), val=160, acc=68.75%  [0.0s]
2026-05-01 00:18:59 | DEBUG    | reduction | Scaler fitted on 639 samples, 166 features
2026-05-01 00:18:59 | DEBUG    | reduction | SelectKBest: 166 → 80 features
2026-05-01 00:18:59 | INFO     | cross_validation |   Fold 3/5: train=1917 (orig=639, aug=1278), val=160, acc=80.00%  [0.0s]
2026-05-01 00:18:59 | DEBUG    | reduction | Scaler fitted on 639 samples, 166 features
2026-05-01 00:18:59 | DEBUG    | reduction | SelectKBest: 166 → 80 features
2026-05-01 00:18:59 | INFO     | cross_validation |   Fold 4/5: train=1917 (orig=639, aug=1278), val=160, acc=68.75%  [0.0s]
2026-05-01 00:18:59 | DEBUG    | reduction | Scaler fitted on 640 samples, 166 features
2026-05-01 00:18:59 | DEBUG    | reduction | SelectKBest: 166 → 80 features
2026-05-01 00:18:59 | INFO     | cross_validation |   Fold 5/5: train=1920 (orig=640, aug=1280), val=159, acc=72.96%  [0.0s]
2026-05-01 00:18:59 | INFO     | cross_validation |   CV result: 72.59% ± 4.11%
2026-05-01 00:18:59 | INFO     | cross_validation |   Combo 12/20: {'n_neighbors': 12}
2026-05-01 00:18:59 | DEBUG    | reduction | Scaler fitted on 639 samples, 166 features
2026-05-01 00:18:59 | DEBUG    | reduction | SelectKBest: 166 → 80 features
2026-05-01 00:18:59 | INFO     | cross_validation |   Fold 1/5: train=1917 (orig=639, aug=1278), val=160, acc=70.62%  [0.0s]
2026-05-01 00:18:59 | DEBUG    | reduction | Scaler fitted on 639 samples, 166 features
2026-05-01 00:18:59 | DEBUG    | reduction | SelectKBest: 166 → 80 features
2026-05-01 00:18:59 | INFO     | cross_validation |   Fold 2/5: train=1917 (orig=639, aug=1278), val=160, acc=68.12%  [0.0s]
2026-05-01 00:18:59 | DEBUG    | reduction | Scaler fitted on 639 samples, 166 features
2026-05-01 00:18:59 | DEBUG    | reduction | SelectKBest: 166 → 80 features
2026-05-01 00:18:59 | INFO     | cross_validation |   Fold 3/5: train=1917 (orig=639, aug=1278), val=160, acc=78.75%  [0.0s]
2026-05-01 00:18:59 | DEBUG    | reduction | Scaler fitted on 639 samples, 166 features
2026-05-01 00:18:59 | DEBUG    | reduction | SelectKBest: 166 → 80 features
2026-05-01 00:18:59 | INFO     | cross_validation |   Fold 4/5: train=1917 (orig=639, aug=1278), val=160, acc=69.38%  [0.0s]
2026-05-01 00:18:59 | DEBUG    | reduction | Scaler fitted on 640 samples, 166 features
2026-05-01 00:18:59 | DEBUG    | reduction | SelectKBest: 166 → 80 features
2026-05-01 00:18:59 | INFO     | cross_validation |   Fold 5/5: train=1920 (orig=640, aug=1280), val=159, acc=73.58%  [0.0s]
2026-05-01 00:18:59 | INFO     | cross_validation |   CV result: 72.09% ± 3.79%
2026-05-01 00:18:59 | INFO     | cross_validation |   Combo 13/20: {'n_neighbors': 13}
2026-05-01 00:18:59 | DEBUG    | reduction | Scaler fitted on 639 samples, 166 features
2026-05-01 00:18:59 | DEBUG    | reduction | SelectKBest: 166 → 80 features
2026-05-01 00:18:59 | INFO     | cross_validation |   Fold 1/5: train=1917 (orig=639, aug=1278), val=160, acc=73.12%  [0.0s]
2026-05-01 00:18:59 | DEBUG    | reduction | Scaler fitted on 639 samples, 166 features
2026-05-01 00:18:59 | DEBUG    | reduction | SelectKBest: 166 → 80 features
2026-05-01 00:18:59 | INFO     | cross_validation |   Fold 2/5: train=1917 (orig=639, aug=1278), val=160, acc=69.38%  [0.0s]
2026-05-01 00:18:59 | DEBUG    | reduction | Scaler fitted on 639 samples, 166 features
2026-05-01 00:18:59 | DEBUG    | reduction | SelectKBest: 166 → 80 features
2026-05-01 00:18:59 | INFO     | cross_validation |   Fold 3/5: train=1917 (orig=639, aug=1278), val=160, acc=78.75%  [0.0s]
2026-05-01 00:18:59 | DEBUG    | reduction | Scaler fitted on 639 samples, 166 features
2026-05-01 00:18:59 | DEBUG    | reduction | SelectKBest: 166 → 80 features
2026-05-01 00:18:59 | INFO     | cross_validation |   Fold 4/5: train=1917 (orig=639, aug=1278), val=160, acc=70.00%  [0.0s]
2026-05-01 00:18:59 | DEBUG    | reduction | Scaler fitted on 640 samples, 166 features
2026-05-01 00:18:59 | DEBUG    | reduction | SelectKBest: 166 → 80 features
2026-05-01 00:18:59 | INFO     | cross_validation |   Fold 5/5: train=1920 (orig=640, aug=1280), val=159, acc=71.70%  [0.0s]
2026-05-01 00:18:59 | INFO     | cross_validation |   CV result: 72.59% ± 3.35%
2026-05-01 00:18:59 | INFO     | cross_validation |   Combo 14/20: {'n_neighbors': 14}
2026-05-01 00:19:00 | DEBUG    | reduction | Scaler fitted on 639 samples, 166 features
2026-05-01 00:19:00 | DEBUG    | reduction | SelectKBest: 166 → 80 features
2026-05-01 00:19:00 | INFO     | cross_validation |   Fold 1/5: train=1917 (orig=639, aug=1278), val=160, acc=70.62%  [0.0s]
2026-05-01 00:19:00 | DEBUG    | reduction | Scaler fitted on 639 samples, 166 features
2026-05-01 00:19:00 | DEBUG    | reduction | SelectKBest: 166 → 80 features
2026-05-01 00:19:00 | INFO     | cross_validation |   Fold 2/5: train=1917 (orig=639, aug=1278), val=160, acc=68.12%  [0.0s]
2026-05-01 00:19:00 | DEBUG    | reduction | Scaler fitted on 639 samples, 166 features
2026-05-01 00:19:00 | DEBUG    | reduction | SelectKBest: 166 → 80 features
2026-05-01 00:19:00 | INFO     | cross_validation |   Fold 3/5: train=1917 (orig=639, aug=1278), val=160, acc=80.00%  [0.0s]
2026-05-01 00:19:00 | DEBUG    | reduction | Scaler fitted on 639 samples, 166 features
2026-05-01 00:19:00 | DEBUG    | reduction | SelectKBest: 166 → 80 features
2026-05-01 00:19:00 | INFO     | cross_validation |   Fold 4/5: train=1917 (orig=639, aug=1278), val=160, acc=70.62%  [0.0s]
2026-05-01 00:19:00 | DEBUG    | reduction | Scaler fitted on 640 samples, 166 features
2026-05-01 00:19:00 | DEBUG    | reduction | SelectKBest: 166 → 80 features
2026-05-01 00:19:00 | INFO     | cross_validation |   Fold 5/5: train=1920 (orig=640, aug=1280), val=159, acc=71.07%  [0.0s]
2026-05-01 00:19:00 | INFO     | cross_validation |   CV result: 72.09% ± 4.09%
2026-05-01 00:19:00 | INFO     | cross_validation |   Combo 15/20: {'n_neighbors': 15}
2026-05-01 00:19:00 | DEBUG    | reduction | Scaler fitted on 639 samples, 166 features
2026-05-01 00:19:00 | DEBUG    | reduction | SelectKBest: 166 → 80 features
2026-05-01 00:19:00 | INFO     | cross_validation |   Fold 1/5: train=1917 (orig=639, aug=1278), val=160, acc=71.88%  [0.0s]
2026-05-01 00:19:00 | DEBUG    | reduction | Scaler fitted on 639 samples, 166 features
2026-05-01 00:19:00 | DEBUG    | reduction | SelectKBest: 166 → 80 features
2026-05-01 00:19:00 | INFO     | cross_validation |   Fold 2/5: train=1917 (orig=639, aug=1278), val=160, acc=67.50%  [0.0s]
2026-05-01 00:19:00 | DEBUG    | reduction | Scaler fitted on 639 samples, 166 features
2026-05-01 00:19:00 | DEBUG    | reduction | SelectKBest: 166 → 80 features
2026-05-01 00:19:00 | INFO     | cross_validation |   Fold 3/5: train=1917 (orig=639, aug=1278), val=160, acc=77.50%  [0.0s]
2026-05-01 00:19:00 | DEBUG    | reduction | Scaler fitted on 639 samples, 166 features
2026-05-01 00:19:00 | DEBUG    | reduction | SelectKBest: 166 → 80 features
2026-05-01 00:19:00 | INFO     | cross_validation |   Fold 4/5: train=1917 (orig=639, aug=1278), val=160, acc=68.75%  [0.0s]
2026-05-01 00:19:00 | DEBUG    | reduction | Scaler fitted on 640 samples, 166 features
2026-05-01 00:19:00 | DEBUG    | reduction | SelectKBest: 166 → 80 features
2026-05-01 00:19:00 | INFO     | cross_validation |   Fold 5/5: train=1920 (orig=640, aug=1280), val=159, acc=69.81%  [0.0s]
2026-05-01 00:19:00 | INFO     | cross_validation |   CV result: 71.09% ± 3.51%
2026-05-01 00:19:00 | INFO     | cross_validation |   Combo 16/20: {'n_neighbors': 16}
2026-05-01 00:19:00 | DEBUG    | reduction | Scaler fitted on 639 samples, 166 features
2026-05-01 00:19:00 | DEBUG    | reduction | SelectKBest: 166 → 80 features
2026-05-01 00:19:00 | INFO     | cross_validation |   Fold 1/5: train=1917 (orig=639, aug=1278), val=160, acc=71.25%  [0.0s]
2026-05-01 00:19:00 | DEBUG    | reduction | Scaler fitted on 639 samples, 166 features
2026-05-01 00:19:00 | DEBUG    | reduction | SelectKBest: 166 → 80 features
2026-05-01 00:19:00 | INFO     | cross_validation |   Fold 2/5: train=1917 (orig=639, aug=1278), val=160, acc=68.12%  [0.0s]
2026-05-01 00:19:00 | DEBUG    | reduction | Scaler fitted on 639 samples, 166 features
2026-05-01 00:19:00 | DEBUG    | reduction | SelectKBest: 166 → 80 features
2026-05-01 00:19:00 | INFO     | cross_validation |   Fold 3/5: train=1917 (orig=639, aug=1278), val=160, acc=75.00%  [0.0s]
2026-05-01 00:19:00 | DEBUG    | reduction | Scaler fitted on 639 samples, 166 features
2026-05-01 00:19:00 | DEBUG    | reduction | SelectKBest: 166 → 80 features
2026-05-01 00:19:00 | INFO     | cross_validation |   Fold 4/5: train=1917 (orig=639, aug=1278), val=160, acc=69.38%  [0.0s]
2026-05-01 00:19:00 | DEBUG    | reduction | Scaler fitted on 640 samples, 166 features
2026-05-01 00:19:00 | DEBUG    | reduction | SelectKBest: 166 → 80 features
2026-05-01 00:19:00 | INFO     | cross_validation |   Fold 5/5: train=1920 (orig=640, aug=1280), val=159, acc=69.81%  [0.0s]
2026-05-01 00:19:00 | INFO     | cross_validation |   CV result: 70.71% ± 2.37%
2026-05-01 00:19:00 | INFO     | cross_validation |   Combo 17/20: {'n_neighbors': 17}
2026-05-01 00:19:00 | DEBUG    | reduction | Scaler fitted on 639 samples, 166 features
2026-05-01 00:19:00 | DEBUG    | reduction | SelectKBest: 166 → 80 features
2026-05-01 00:19:00 | INFO     | cross_validation |   Fold 1/5: train=1917 (orig=639, aug=1278), val=160, acc=70.62%  [0.0s]
2026-05-01 00:19:00 | DEBUG    | reduction | Scaler fitted on 639 samples, 166 features
2026-05-01 00:19:00 | DEBUG    | reduction | SelectKBest: 166 → 80 features
2026-05-01 00:19:00 | INFO     | cross_validation |   Fold 2/5: train=1917 (orig=639, aug=1278), val=160, acc=67.50%  [0.0s]
2026-05-01 00:19:00 | DEBUG    | reduction | Scaler fitted on 639 samples, 166 features
2026-05-01 00:19:00 | DEBUG    | reduction | SelectKBest: 166 → 80 features
2026-05-01 00:19:00 | INFO     | cross_validation |   Fold 3/5: train=1917 (orig=639, aug=1278), val=160, acc=74.38%  [0.0s]
2026-05-01 00:19:00 | DEBUG    | reduction | Scaler fitted on 639 samples, 166 features
2026-05-01 00:19:00 | DEBUG    | reduction | SelectKBest: 166 → 80 features
2026-05-01 00:19:00 | INFO     | cross_validation |   Fold 4/5: train=1917 (orig=639, aug=1278), val=160, acc=69.38%  [0.0s]
2026-05-01 00:19:00 | DEBUG    | reduction | Scaler fitted on 640 samples, 166 features
2026-05-01 00:19:00 | DEBUG    | reduction | SelectKBest: 166 → 80 features
2026-05-01 00:19:00 | INFO     | cross_validation |   Fold 5/5: train=1920 (orig=640, aug=1280), val=159, acc=70.44%  [0.0s]
2026-05-01 00:19:00 | INFO     | cross_validation |   CV result: 70.46% ± 2.25%
2026-05-01 00:19:00 | INFO     | cross_validation |   Combo 18/20: {'n_neighbors': 18}
2026-05-01 00:19:00 | DEBUG    | reduction | Scaler fitted on 639 samples, 166 features
2026-05-01 00:19:00 | DEBUG    | reduction | SelectKBest: 166 → 80 features
2026-05-01 00:19:00 | INFO     | cross_validation |   Fold 1/5: train=1917 (orig=639, aug=1278), val=160, acc=70.62%  [0.0s]
2026-05-01 00:19:00 | DEBUG    | reduction | Scaler fitted on 639 samples, 166 features
2026-05-01 00:19:00 | DEBUG    | reduction | SelectKBest: 166 → 80 features
2026-05-01 00:19:00 | INFO     | cross_validation |   Fold 2/5: train=1917 (orig=639, aug=1278), val=160, acc=69.38%  [0.0s]
2026-05-01 00:19:00 | DEBUG    | reduction | Scaler fitted on 639 samples, 166 features
2026-05-01 00:19:00 | DEBUG    | reduction | SelectKBest: 166 → 80 features
2026-05-01 00:19:00 | INFO     | cross_validation |   Fold 3/5: train=1917 (orig=639, aug=1278), val=160, acc=72.50%  [0.0s]
2026-05-01 00:19:00 | DEBUG    | reduction | Scaler fitted on 639 samples, 166 features
2026-05-01 00:19:00 | DEBUG    | reduction | SelectKBest: 166 → 80 features
2026-05-01 00:19:00 | INFO     | cross_validation |   Fold 4/5: train=1917 (orig=639, aug=1278), val=160, acc=69.38%  [0.0s]
2026-05-01 00:19:00 | DEBUG    | reduction | Scaler fitted on 640 samples, 166 features
2026-05-01 00:19:00 | DEBUG    | reduction | SelectKBest: 166 → 80 features
2026-05-01 00:19:00 | INFO     | cross_validation |   Fold 5/5: train=1920 (orig=640, aug=1280), val=159, acc=69.81%  [0.0s]
2026-05-01 00:19:00 | INFO     | cross_validation |   CV result: 70.34% ± 1.17%
2026-05-01 00:19:00 | INFO     | cross_validation |   Combo 19/20: {'n_neighbors': 19}
2026-05-01 00:19:00 | DEBUG    | reduction | Scaler fitted on 639 samples, 166 features
2026-05-01 00:19:00 | DEBUG    | reduction | SelectKBest: 166 → 80 features
2026-05-01 00:19:00 | INFO     | cross_validation |   Fold 1/5: train=1917 (orig=639, aug=1278), val=160, acc=70.62%  [0.0s]
2026-05-01 00:19:00 | DEBUG    | reduction | Scaler fitted on 639 samples, 166 features
2026-05-01 00:19:00 | DEBUG    | reduction | SelectKBest: 166 → 80 features
2026-05-01 00:19:00 | INFO     | cross_validation |   Fold 2/5: train=1917 (orig=639, aug=1278), val=160, acc=68.75%  [0.0s]
2026-05-01 00:19:00 | DEBUG    | reduction | Scaler fitted on 639 samples, 166 features
2026-05-01 00:19:00 | DEBUG    | reduction | SelectKBest: 166 → 80 features
2026-05-01 00:19:00 | INFO     | cross_validation |   Fold 3/5: train=1917 (orig=639, aug=1278), val=160, acc=74.38%  [0.0s]
2026-05-01 00:19:00 | DEBUG    | reduction | Scaler fitted on 639 samples, 166 features
2026-05-01 00:19:00 | DEBUG    | reduction | SelectKBest: 166 → 80 features
2026-05-01 00:19:00 | INFO     | cross_validation |   Fold 4/5: train=1917 (orig=639, aug=1278), val=160, acc=69.38%  [0.0s]
2026-05-01 00:19:00 | DEBUG    | reduction | Scaler fitted on 640 samples, 166 features
2026-05-01 00:19:00 | DEBUG    | reduction | SelectKBest: 166 → 80 features
2026-05-01 00:19:00 | INFO     | cross_validation |   Fold 5/5: train=1920 (orig=640, aug=1280), val=159, acc=71.07%  [0.0s]
2026-05-01 00:19:00 | INFO     | cross_validation |   CV result: 70.84% ± 1.95%
2026-05-01 00:19:00 | INFO     | cross_validation |   Combo 20/20: {'n_neighbors': 20}
2026-05-01 00:19:00 | DEBUG    | reduction | Scaler fitted on 639 samples, 166 features
2026-05-01 00:19:00 | DEBUG    | reduction | SelectKBest: 166 → 80 features
2026-05-01 00:19:00 | INFO     | cross_validation |   Fold 1/5: train=1917 (orig=639, aug=1278), val=160, acc=73.12%  [0.0s]
2026-05-01 00:19:00 | DEBUG    | reduction | Scaler fitted on 639 samples, 166 features
2026-05-01 00:19:00 | DEBUG    | reduction | SelectKBest: 166 → 80 features
2026-05-01 00:19:00 | INFO     | cross_validation |   Fold 2/5: train=1917 (orig=639, aug=1278), val=160, acc=67.50%  [0.0s]
2026-05-01 00:19:00 | DEBUG    | reduction | Scaler fitted on 639 samples, 166 features
2026-05-01 00:19:00 | DEBUG    | reduction | SelectKBest: 166 → 80 features
2026-05-01 00:19:00 | INFO     | cross_validation |   Fold 3/5: train=1917 (orig=639, aug=1278), val=160, acc=73.75%  [0.0s]
2026-05-01 00:19:00 | DEBUG    | reduction | Scaler fitted on 639 samples, 166 features
2026-05-01 00:19:00 | DEBUG    | reduction | SelectKBest: 166 → 80 features
2026-05-01 00:19:00 | INFO     | cross_validation |   Fold 4/5: train=1917 (orig=639, aug=1278), val=160, acc=70.00%  [0.0s]
2026-05-01 00:19:00 | DEBUG    | reduction | Scaler fitted on 640 samples, 166 features
2026-05-01 00:19:00 | DEBUG    | reduction | SelectKBest: 166 → 80 features
2026-05-01 00:19:00 | INFO     | cross_validation |   Fold 5/5: train=1920 (orig=640, aug=1280), val=159, acc=71.07%  [0.0s]
2026-05-01 00:19:00 | INFO     | cross_validation |   CV result: 71.09% ± 2.25%
2026-05-01 00:19:00 | INFO     | cross_validation |   Best params: {'n_neighbors': 7}
2026-05-01 00:19:00 | INFO     | cross_validation |   Best CV: 73.09% ± 3.07%
2026-05-01 00:19:00 | INFO     | cross_validation | ✓ grid_search_cv finished in 1.9s
2026-05-01 00:19:00 | INFO     | main | ────────────────────────────────────────────────────────────
2026-05-01 00:19:00 | INFO     | main |   KNN [skb, no-aug]
2026-05-01 00:19:00 | INFO     | main | ────────────────────────────────────────────────────────────
2026-05-01 00:19:00 | INFO     | cross_validation | → grid_search_cv started
2026-05-01 00:19:00 | INFO     | cross_validation | Grid search: 20 parameter combinations × 5 folds
2026-05-01 00:19:00 | INFO     | cross_validation |   Combo 1/20: {'n_neighbors': 1}
2026-05-01 00:19:00 | DEBUG    | reduction | Scaler fitted on 639 samples, 166 features
2026-05-01 00:19:00 | DEBUG    | reduction | SelectKBest: 166 → 80 features
2026-05-01 00:19:00 | INFO     | cross_validation |   Fold 1/5: train=639 (orig=639, aug=0), val=160, acc=67.50%  [0.0s]
2026-05-01 00:19:00 | DEBUG    | reduction | Scaler fitted on 639 samples, 166 features
2026-05-01 00:19:00 | DEBUG    | reduction | SelectKBest: 166 → 80 features
2026-05-01 00:19:00 | INFO     | cross_validation |   Fold 2/5: train=639 (orig=639, aug=0), val=160, acc=69.38%  [0.0s]
2026-05-01 00:19:00 | DEBUG    | reduction | Scaler fitted on 639 samples, 166 features
2026-05-01 00:19:00 | DEBUG    | reduction | SelectKBest: 166 → 80 features
2026-05-01 00:19:00 | INFO     | cross_validation |   Fold 3/5: train=639 (orig=639, aug=0), val=160, acc=77.50%  [0.0s]
2026-05-01 00:19:00 | DEBUG    | reduction | Scaler fitted on 639 samples, 166 features
2026-05-01 00:19:00 | DEBUG    | reduction | SelectKBest: 166 → 80 features
2026-05-01 00:19:00 | INFO     | cross_validation |   Fold 4/5: train=639 (orig=639, aug=0), val=160, acc=78.75%  [0.0s]
2026-05-01 00:19:00 | DEBUG    | reduction | Scaler fitted on 640 samples, 166 features
2026-05-01 00:19:00 | DEBUG    | reduction | SelectKBest: 166 → 80 features
2026-05-01 00:19:00 | INFO     | cross_validation |   Fold 5/5: train=640 (orig=640, aug=0), val=159, acc=66.04%  [0.0s]
2026-05-01 00:19:00 | INFO     | cross_validation |   CV result: 71.83% ± 5.26%
2026-05-01 00:19:00 | INFO     | cross_validation |   Combo 2/20: {'n_neighbors': 2}
2026-05-01 00:19:00 | DEBUG    | reduction | Scaler fitted on 639 samples, 166 features
2026-05-01 00:19:00 | DEBUG    | reduction | SelectKBest: 166 → 80 features
2026-05-01 00:19:00 | INFO     | cross_validation |   Fold 1/5: train=639 (orig=639, aug=0), val=160, acc=62.50%  [0.0s]
2026-05-01 00:19:00 | DEBUG    | reduction | Scaler fitted on 639 samples, 166 features
2026-05-01 00:19:00 | DEBUG    | reduction | SelectKBest: 166 → 80 features
2026-05-01 00:19:00 | INFO     | cross_validation |   Fold 2/5: train=639 (orig=639, aug=0), val=160, acc=65.62%  [0.0s]
2026-05-01 00:19:00 | DEBUG    | reduction | Scaler fitted on 639 samples, 166 features
2026-05-01 00:19:00 | DEBUG    | reduction | SelectKBest: 166 → 80 features
2026-05-01 00:19:00 | INFO     | cross_validation |   Fold 3/5: train=639 (orig=639, aug=0), val=160, acc=74.38%  [0.0s]
2026-05-01 00:19:00 | DEBUG    | reduction | Scaler fitted on 639 samples, 166 features
2026-05-01 00:19:00 | DEBUG    | reduction | SelectKBest: 166 → 80 features
2026-05-01 00:19:00 | INFO     | cross_validation |   Fold 4/5: train=639 (orig=639, aug=0), val=160, acc=66.25%  [0.0s]
2026-05-01 00:19:00 | DEBUG    | reduction | Scaler fitted on 640 samples, 166 features
2026-05-01 00:19:00 | DEBUG    | reduction | SelectKBest: 166 → 80 features
2026-05-01 00:19:00 | INFO     | cross_validation |   Fold 5/5: train=640 (orig=640, aug=0), val=159, acc=65.41%  [0.0s]
2026-05-01 00:19:00 | INFO     | cross_validation |   CV result: 66.83% ± 3.99%
2026-05-01 00:19:00 | INFO     | cross_validation |   Combo 3/20: {'n_neighbors': 3}
2026-05-01 00:19:00 | DEBUG    | reduction | Scaler fitted on 639 samples, 166 features
2026-05-01 00:19:00 | DEBUG    | reduction | SelectKBest: 166 → 80 features
2026-05-01 00:19:00 | INFO     | cross_validation |   Fold 1/5: train=639 (orig=639, aug=0), val=160, acc=65.62%  [0.0s]
2026-05-01 00:19:00 | DEBUG    | reduction | Scaler fitted on 639 samples, 166 features
2026-05-01 00:19:00 | DEBUG    | reduction | SelectKBest: 166 → 80 features
2026-05-01 00:19:00 | INFO     | cross_validation |   Fold 2/5: train=639 (orig=639, aug=0), val=160, acc=69.38%  [0.0s]
2026-05-01 00:19:00 | DEBUG    | reduction | Scaler fitted on 639 samples, 166 features
2026-05-01 00:19:00 | DEBUG    | reduction | SelectKBest: 166 → 80 features
2026-05-01 00:19:00 | INFO     | cross_validation |   Fold 3/5: train=639 (orig=639, aug=0), val=160, acc=72.50%  [0.0s]
2026-05-01 00:19:00 | DEBUG    | reduction | Scaler fitted on 639 samples, 166 features
2026-05-01 00:19:00 | DEBUG    | reduction | SelectKBest: 166 → 80 features
2026-05-01 00:19:00 | INFO     | cross_validation |   Fold 4/5: train=639 (orig=639, aug=0), val=160, acc=68.12%  [0.0s]
2026-05-01 00:19:00 | DEBUG    | reduction | Scaler fitted on 640 samples, 166 features
2026-05-01 00:19:00 | DEBUG    | reduction | SelectKBest: 166 → 80 features
2026-05-01 00:19:00 | INFO     | cross_validation |   Fold 5/5: train=640 (orig=640, aug=0), val=159, acc=68.55%  [0.0s]
2026-05-01 00:19:00 | INFO     | cross_validation |   CV result: 68.84% ± 2.22%
2026-05-01 00:19:00 | INFO     | cross_validation |   Combo 4/20: {'n_neighbors': 4}
2026-05-01 00:19:00 | DEBUG    | reduction | Scaler fitted on 639 samples, 166 features
2026-05-01 00:19:00 | DEBUG    | reduction | SelectKBest: 166 → 80 features
2026-05-01 00:19:00 | INFO     | cross_validation |   Fold 1/5: train=639 (orig=639, aug=0), val=160, acc=69.38%  [0.0s]
2026-05-01 00:19:00 | DEBUG    | reduction | Scaler fitted on 639 samples, 166 features
2026-05-01 00:19:00 | DEBUG    | reduction | SelectKBest: 166 → 80 features
2026-05-01 00:19:00 | INFO     | cross_validation |   Fold 2/5: train=639 (orig=639, aug=0), val=160, acc=70.00%  [0.0s]
2026-05-01 00:19:00 | DEBUG    | reduction | Scaler fitted on 639 samples, 166 features
2026-05-01 00:19:00 | DEBUG    | reduction | SelectKBest: 166 → 80 features
2026-05-01 00:19:00 | INFO     | cross_validation |   Fold 3/5: train=639 (orig=639, aug=0), val=160, acc=76.25%  [0.0s]
2026-05-01 00:19:00 | DEBUG    | reduction | Scaler fitted on 639 samples, 166 features
2026-05-01 00:19:00 | DEBUG    | reduction | SelectKBest: 166 → 80 features
2026-05-01 00:19:00 | INFO     | cross_validation |   Fold 4/5: train=639 (orig=639, aug=0), val=160, acc=70.00%  [0.0s]
2026-05-01 00:19:00 | DEBUG    | reduction | Scaler fitted on 640 samples, 166 features
2026-05-01 00:19:00 | DEBUG    | reduction | SelectKBest: 166 → 80 features
2026-05-01 00:19:00 | INFO     | cross_validation |   Fold 5/5: train=640 (orig=640, aug=0), val=159, acc=71.07%  [0.0s]
2026-05-01 00:19:00 | INFO     | cross_validation |   CV result: 71.34% ± 2.52%
2026-05-01 00:19:00 | INFO     | cross_validation |   Combo 5/20: {'n_neighbors': 5}
2026-05-01 00:19:00 | DEBUG    | reduction | Scaler fitted on 639 samples, 166 features
2026-05-01 00:19:00 | DEBUG    | reduction | SelectKBest: 166 → 80 features
2026-05-01 00:19:00 | INFO     | cross_validation |   Fold 1/5: train=639 (orig=639, aug=0), val=160, acc=68.75%  [0.0s]
2026-05-01 00:19:00 | DEBUG    | reduction | Scaler fitted on 639 samples, 166 features
2026-05-01 00:19:00 | DEBUG    | reduction | SelectKBest: 166 → 80 features
2026-05-01 00:19:00 | INFO     | cross_validation |   Fold 2/5: train=639 (orig=639, aug=0), val=160, acc=70.00%  [0.0s]
2026-05-01 00:19:00 | DEBUG    | reduction | Scaler fitted on 639 samples, 166 features
2026-05-01 00:19:00 | DEBUG    | reduction | SelectKBest: 166 → 80 features
2026-05-01 00:19:00 | INFO     | cross_validation |   Fold 3/5: train=639 (orig=639, aug=0), val=160, acc=75.62%  [0.0s]
2026-05-01 00:19:00 | DEBUG    | reduction | Scaler fitted on 639 samples, 166 features
2026-05-01 00:19:00 | DEBUG    | reduction | SelectKBest: 166 → 80 features
2026-05-01 00:19:00 | INFO     | cross_validation |   Fold 4/5: train=639 (orig=639, aug=0), val=160, acc=69.38%  [0.0s]
2026-05-01 00:19:00 | DEBUG    | reduction | Scaler fitted on 640 samples, 166 features
2026-05-01 00:19:00 | DEBUG    | reduction | SelectKBest: 166 → 80 features
2026-05-01 00:19:00 | INFO     | cross_validation |   Fold 5/5: train=640 (orig=640, aug=0), val=159, acc=65.41%  [0.0s]
2026-05-01 00:19:00 | INFO     | cross_validation |   CV result: 69.83% ± 3.30%
2026-05-01 00:19:00 | INFO     | cross_validation |   Combo 6/20: {'n_neighbors': 6}
2026-05-01 00:19:00 | DEBUG    | reduction | Scaler fitted on 639 samples, 166 features
2026-05-01 00:19:00 | DEBUG    | reduction | SelectKBest: 166 → 80 features
2026-05-01 00:19:00 | INFO     | cross_validation |   Fold 1/5: train=639 (orig=639, aug=0), val=160, acc=66.88%  [0.0s]
2026-05-01 00:19:00 | DEBUG    | reduction | Scaler fitted on 639 samples, 166 features
2026-05-01 00:19:00 | DEBUG    | reduction | SelectKBest: 166 → 80 features
2026-05-01 00:19:00 | INFO     | cross_validation |   Fold 2/5: train=639 (orig=639, aug=0), val=160, acc=66.25%  [0.0s]
2026-05-01 00:19:00 | DEBUG    | reduction | Scaler fitted on 639 samples, 166 features
2026-05-01 00:19:00 | DEBUG    | reduction | SelectKBest: 166 → 80 features
2026-05-01 00:19:00 | INFO     | cross_validation |   Fold 3/5: train=639 (orig=639, aug=0), val=160, acc=76.25%  [0.0s]
2026-05-01 00:19:00 | DEBUG    | reduction | Scaler fitted on 639 samples, 166 features
2026-05-01 00:19:00 | DEBUG    | reduction | SelectKBest: 166 → 80 features
2026-05-01 00:19:00 | INFO     | cross_validation |   Fold 4/5: train=639 (orig=639, aug=0), val=160, acc=71.25%  [0.0s]
2026-05-01 00:19:00 | DEBUG    | reduction | Scaler fitted on 640 samples, 166 features
2026-05-01 00:19:00 | DEBUG    | reduction | SelectKBest: 166 → 80 features
2026-05-01 00:19:00 | INFO     | cross_validation |   Fold 5/5: train=640 (orig=640, aug=0), val=159, acc=69.18%  [0.0s]
2026-05-01 00:19:00 | INFO     | cross_validation |   CV result: 69.96% ± 3.61%
2026-05-01 00:19:00 | INFO     | cross_validation |   Combo 7/20: {'n_neighbors': 7}
2026-05-01 00:19:00 | DEBUG    | reduction | Scaler fitted on 639 samples, 166 features
2026-05-01 00:19:00 | DEBUG    | reduction | SelectKBest: 166 → 80 features
2026-05-01 00:19:00 | INFO     | cross_validation |   Fold 1/5: train=639 (orig=639, aug=0), val=160, acc=67.50%  [0.0s]
2026-05-01 00:19:00 | DEBUG    | reduction | Scaler fitted on 639 samples, 166 features
2026-05-01 00:19:00 | DEBUG    | reduction | SelectKBest: 166 → 80 features
2026-05-01 00:19:00 | INFO     | cross_validation |   Fold 2/5: train=639 (orig=639, aug=0), val=160, acc=70.00%  [0.0s]
2026-05-01 00:19:00 | DEBUG    | reduction | Scaler fitted on 639 samples, 166 features
2026-05-01 00:19:00 | DEBUG    | reduction | SelectKBest: 166 → 80 features
2026-05-01 00:19:00 | INFO     | cross_validation |   Fold 3/5: train=639 (orig=639, aug=0), val=160, acc=76.25%  [0.0s]
2026-05-01 00:19:00 | DEBUG    | reduction | Scaler fitted on 639 samples, 166 features
2026-05-01 00:19:00 | DEBUG    | reduction | SelectKBest: 166 → 80 features
2026-05-01 00:19:00 | INFO     | cross_validation |   Fold 4/5: train=639 (orig=639, aug=0), val=160, acc=72.50%  [0.0s]
2026-05-01 00:19:00 | DEBUG    | reduction | Scaler fitted on 640 samples, 166 features
2026-05-01 00:19:00 | DEBUG    | reduction | SelectKBest: 166 → 80 features
2026-05-01 00:19:00 | INFO     | cross_validation |   Fold 5/5: train=640 (orig=640, aug=0), val=159, acc=69.81%  [0.0s]
2026-05-01 00:19:00 | INFO     | cross_validation |   CV result: 71.21% ± 2.97%
2026-05-01 00:19:00 | INFO     | cross_validation |   Combo 8/20: {'n_neighbors': 8}
2026-05-01 00:19:00 | DEBUG    | reduction | Scaler fitted on 639 samples, 166 features
2026-05-01 00:19:00 | DEBUG    | reduction | SelectKBest: 166 → 80 features
2026-05-01 00:19:00 | INFO     | cross_validation |   Fold 1/5: train=639 (orig=639, aug=0), val=160, acc=70.00%  [0.0s]
2026-05-01 00:19:00 | DEBUG    | reduction | Scaler fitted on 639 samples, 166 features
2026-05-01 00:19:00 | DEBUG    | reduction | SelectKBest: 166 → 80 features
2026-05-01 00:19:00 | INFO     | cross_validation |   Fold 2/5: train=639 (orig=639, aug=0), val=160, acc=70.62%  [0.0s]
2026-05-01 00:19:00 | DEBUG    | reduction | Scaler fitted on 639 samples, 166 features
2026-05-01 00:19:00 | DEBUG    | reduction | SelectKBest: 166 → 80 features
2026-05-01 00:19:00 | INFO     | cross_validation |   Fold 3/5: train=639 (orig=639, aug=0), val=160, acc=76.88%  [0.0s]
2026-05-01 00:19:00 | DEBUG    | reduction | Scaler fitted on 639 samples, 166 features
2026-05-01 00:19:00 | DEBUG    | reduction | SelectKBest: 166 → 80 features
2026-05-01 00:19:01 | INFO     | cross_validation |   Fold 4/5: train=639 (orig=639, aug=0), val=160, acc=68.75%  [0.0s]
2026-05-01 00:19:01 | DEBUG    | reduction | Scaler fitted on 640 samples, 166 features
2026-05-01 00:19:01 | DEBUG    | reduction | SelectKBest: 166 → 80 features
2026-05-01 00:19:01 | INFO     | cross_validation |   Fold 5/5: train=640 (orig=640, aug=0), val=159, acc=68.55%  [0.0s]
2026-05-01 00:19:01 | INFO     | cross_validation |   CV result: 70.96% ± 3.06%
2026-05-01 00:19:01 | INFO     | cross_validation |   Combo 9/20: {'n_neighbors': 9}
2026-05-01 00:19:01 | DEBUG    | reduction | Scaler fitted on 639 samples, 166 features
2026-05-01 00:19:01 | DEBUG    | reduction | SelectKBest: 166 → 80 features
2026-05-01 00:19:01 | INFO     | cross_validation |   Fold 1/5: train=639 (orig=639, aug=0), val=160, acc=70.62%  [0.0s]
2026-05-01 00:19:01 | DEBUG    | reduction | Scaler fitted on 639 samples, 166 features
2026-05-01 00:19:01 | DEBUG    | reduction | SelectKBest: 166 → 80 features
2026-05-01 00:19:01 | INFO     | cross_validation |   Fold 2/5: train=639 (orig=639, aug=0), val=160, acc=67.50%  [0.0s]
2026-05-01 00:19:01 | DEBUG    | reduction | Scaler fitted on 639 samples, 166 features
2026-05-01 00:19:01 | DEBUG    | reduction | SelectKBest: 166 → 80 features
2026-05-01 00:19:01 | INFO     | cross_validation |   Fold 3/5: train=639 (orig=639, aug=0), val=160, acc=76.25%  [0.0s]
2026-05-01 00:19:01 | DEBUG    | reduction | Scaler fitted on 639 samples, 166 features
2026-05-01 00:19:01 | DEBUG    | reduction | SelectKBest: 166 → 80 features
2026-05-01 00:19:01 | INFO     | cross_validation |   Fold 4/5: train=639 (orig=639, aug=0), val=160, acc=68.75%  [0.0s]
2026-05-01 00:19:01 | DEBUG    | reduction | Scaler fitted on 640 samples, 166 features
2026-05-01 00:19:01 | DEBUG    | reduction | SelectKBest: 166 → 80 features
2026-05-01 00:19:01 | INFO     | cross_validation |   Fold 5/5: train=640 (orig=640, aug=0), val=159, acc=69.18%  [0.0s]
2026-05-01 00:19:01 | INFO     | cross_validation |   CV result: 70.46% ± 3.06%
2026-05-01 00:19:01 | INFO     | cross_validation |   Combo 10/20: {'n_neighbors': 10}
2026-05-01 00:19:01 | DEBUG    | reduction | Scaler fitted on 639 samples, 166 features
2026-05-01 00:19:01 | DEBUG    | reduction | SelectKBest: 166 → 80 features
2026-05-01 00:19:01 | INFO     | cross_validation |   Fold 1/5: train=639 (orig=639, aug=0), val=160, acc=70.62%  [0.0s]
2026-05-01 00:19:01 | DEBUG    | reduction | Scaler fitted on 639 samples, 166 features
2026-05-01 00:19:01 | DEBUG    | reduction | SelectKBest: 166 → 80 features
2026-05-01 00:19:01 | INFO     | cross_validation |   Fold 2/5: train=639 (orig=639, aug=0), val=160, acc=66.25%  [0.0s]
2026-05-01 00:19:01 | DEBUG    | reduction | Scaler fitted on 639 samples, 166 features
2026-05-01 00:19:01 | DEBUG    | reduction | SelectKBest: 166 → 80 features
2026-05-01 00:19:01 | INFO     | cross_validation |   Fold 3/5: train=639 (orig=639, aug=0), val=160, acc=75.62%  [0.0s]
2026-05-01 00:19:01 | DEBUG    | reduction | Scaler fitted on 639 samples, 166 features
2026-05-01 00:19:01 | DEBUG    | reduction | SelectKBest: 166 → 80 features
2026-05-01 00:19:01 | INFO     | cross_validation |   Fold 4/5: train=639 (orig=639, aug=0), val=160, acc=68.12%  [0.0s]
2026-05-01 00:19:01 | DEBUG    | reduction | Scaler fitted on 640 samples, 166 features
2026-05-01 00:19:01 | DEBUG    | reduction | SelectKBest: 166 → 80 features
2026-05-01 00:19:01 | INFO     | cross_validation |   Fold 5/5: train=640 (orig=640, aug=0), val=159, acc=70.44%  [0.0s]
2026-05-01 00:19:01 | INFO     | cross_validation |   CV result: 70.21% ± 3.15%
2026-05-01 00:19:01 | INFO     | cross_validation |   Combo 11/20: {'n_neighbors': 11}
2026-05-01 00:19:01 | DEBUG    | reduction | Scaler fitted on 639 samples, 166 features
2026-05-01 00:19:01 | DEBUG    | reduction | SelectKBest: 166 → 80 features
2026-05-01 00:19:01 | INFO     | cross_validation |   Fold 1/5: train=639 (orig=639, aug=0), val=160, acc=68.75%  [0.0s]
2026-05-01 00:19:01 | DEBUG    | reduction | Scaler fitted on 639 samples, 166 features
2026-05-01 00:19:01 | DEBUG    | reduction | SelectKBest: 166 → 80 features
2026-05-01 00:19:01 | INFO     | cross_validation |   Fold 2/5: train=639 (orig=639, aug=0), val=160, acc=65.62%  [0.0s]
2026-05-01 00:19:01 | DEBUG    | reduction | Scaler fitted on 639 samples, 166 features
2026-05-01 00:19:01 | DEBUG    | reduction | SelectKBest: 166 → 80 features
2026-05-01 00:19:01 | INFO     | cross_validation |   Fold 3/5: train=639 (orig=639, aug=0), val=160, acc=74.38%  [0.0s]
2026-05-01 00:19:01 | DEBUG    | reduction | Scaler fitted on 639 samples, 166 features
2026-05-01 00:19:01 | DEBUG    | reduction | SelectKBest: 166 → 80 features
2026-05-01 00:19:01 | INFO     | cross_validation |   Fold 4/5: train=639 (orig=639, aug=0), val=160, acc=68.12%  [0.0s]
2026-05-01 00:19:01 | DEBUG    | reduction | Scaler fitted on 640 samples, 166 features
2026-05-01 00:19:01 | DEBUG    | reduction | SelectKBest: 166 → 80 features
2026-05-01 00:19:01 | INFO     | cross_validation |   Fold 5/5: train=640 (orig=640, aug=0), val=159, acc=69.81%  [0.0s]
2026-05-01 00:19:01 | INFO     | cross_validation |   CV result: 69.34% ± 2.87%
2026-05-01 00:19:01 | INFO     | cross_validation |   Combo 12/20: {'n_neighbors': 12}
2026-05-01 00:19:01 | DEBUG    | reduction | Scaler fitted on 639 samples, 166 features
2026-05-01 00:19:01 | DEBUG    | reduction | SelectKBest: 166 → 80 features
2026-05-01 00:19:01 | INFO     | cross_validation |   Fold 1/5: train=639 (orig=639, aug=0), val=160, acc=70.00%  [0.0s]
2026-05-01 00:19:01 | DEBUG    | reduction | Scaler fitted on 639 samples, 166 features
2026-05-01 00:19:01 | DEBUG    | reduction | SelectKBest: 166 → 80 features
2026-05-01 00:19:01 | INFO     | cross_validation |   Fold 2/5: train=639 (orig=639, aug=0), val=160, acc=66.88%  [0.0s]
2026-05-01 00:19:01 | DEBUG    | reduction | Scaler fitted on 639 samples, 166 features
2026-05-01 00:19:01 | DEBUG    | reduction | SelectKBest: 166 → 80 features
2026-05-01 00:19:01 | INFO     | cross_validation |   Fold 3/5: train=639 (orig=639, aug=0), val=160, acc=75.00%  [0.0s]
2026-05-01 00:19:01 | DEBUG    | reduction | Scaler fitted on 639 samples, 166 features
2026-05-01 00:19:01 | DEBUG    | reduction | SelectKBest: 166 → 80 features
2026-05-01 00:19:01 | INFO     | cross_validation |   Fold 4/5: train=639 (orig=639, aug=0), val=160, acc=68.75%  [0.0s]
2026-05-01 00:19:01 | DEBUG    | reduction | Scaler fitted on 640 samples, 166 features
2026-05-01 00:19:01 | DEBUG    | reduction | SelectKBest: 166 → 80 features
2026-05-01 00:19:01 | INFO     | cross_validation |   Fold 5/5: train=640 (orig=640, aug=0), val=159, acc=70.44%  [0.0s]
2026-05-01 00:19:01 | INFO     | cross_validation |   CV result: 70.21% ± 2.69%
2026-05-01 00:19:01 | INFO     | cross_validation |   Combo 13/20: {'n_neighbors': 13}
2026-05-01 00:19:01 | DEBUG    | reduction | Scaler fitted on 639 samples, 166 features
2026-05-01 00:19:01 | DEBUG    | reduction | SelectKBest: 166 → 80 features
2026-05-01 00:19:01 | INFO     | cross_validation |   Fold 1/5: train=639 (orig=639, aug=0), val=160, acc=70.62%  [0.0s]
2026-05-01 00:19:01 | DEBUG    | reduction | Scaler fitted on 639 samples, 166 features
2026-05-01 00:19:01 | DEBUG    | reduction | SelectKBest: 166 → 80 features
2026-05-01 00:19:01 | INFO     | cross_validation |   Fold 2/5: train=639 (orig=639, aug=0), val=160, acc=68.12%  [0.0s]
2026-05-01 00:19:01 | DEBUG    | reduction | Scaler fitted on 639 samples, 166 features
2026-05-01 00:19:01 | DEBUG    | reduction | SelectKBest: 166 → 80 features
2026-05-01 00:19:01 | INFO     | cross_validation |   Fold 3/5: train=639 (orig=639, aug=0), val=160, acc=73.12%  [0.0s]
2026-05-01 00:19:01 | DEBUG    | reduction | Scaler fitted on 639 samples, 166 features
2026-05-01 00:19:01 | DEBUG    | reduction | SelectKBest: 166 → 80 features
2026-05-01 00:19:01 | INFO     | cross_validation |   Fold 4/5: train=639 (orig=639, aug=0), val=160, acc=68.75%  [0.0s]
2026-05-01 00:19:01 | DEBUG    | reduction | Scaler fitted on 640 samples, 166 features
2026-05-01 00:19:01 | DEBUG    | reduction | SelectKBest: 166 → 80 features
2026-05-01 00:19:01 | INFO     | cross_validation |   Fold 5/5: train=640 (orig=640, aug=0), val=159, acc=67.30%  [0.0s]
2026-05-01 00:19:01 | INFO     | cross_validation |   CV result: 69.58% ± 2.08%
2026-05-01 00:19:01 | INFO     | cross_validation |   Combo 14/20: {'n_neighbors': 14}
2026-05-01 00:19:01 | DEBUG    | reduction | Scaler fitted on 639 samples, 166 features
2026-05-01 00:19:01 | DEBUG    | reduction | SelectKBest: 166 → 80 features
2026-05-01 00:19:01 | INFO     | cross_validation |   Fold 1/5: train=639 (orig=639, aug=0), val=160, acc=69.38%  [0.0s]
2026-05-01 00:19:01 | DEBUG    | reduction | Scaler fitted on 639 samples, 166 features
2026-05-01 00:19:01 | DEBUG    | reduction | SelectKBest: 166 → 80 features
2026-05-01 00:19:01 | INFO     | cross_validation |   Fold 2/5: train=639 (orig=639, aug=0), val=160, acc=70.62%  [0.0s]
2026-05-01 00:19:01 | DEBUG    | reduction | Scaler fitted on 639 samples, 166 features
2026-05-01 00:19:01 | DEBUG    | reduction | SelectKBest: 166 → 80 features
2026-05-01 00:19:01 | INFO     | cross_validation |   Fold 3/5: train=639 (orig=639, aug=0), val=160, acc=71.88%  [0.0s]
2026-05-01 00:19:01 | DEBUG    | reduction | Scaler fitted on 639 samples, 166 features
2026-05-01 00:19:01 | DEBUG    | reduction | SelectKBest: 166 → 80 features
2026-05-01 00:19:01 | INFO     | cross_validation |   Fold 4/5: train=639 (orig=639, aug=0), val=160, acc=67.50%  [0.0s]
2026-05-01 00:19:01 | DEBUG    | reduction | Scaler fitted on 640 samples, 166 features
2026-05-01 00:19:01 | DEBUG    | reduction | SelectKBest: 166 → 80 features
2026-05-01 00:19:01 | INFO     | cross_validation |   Fold 5/5: train=640 (orig=640, aug=0), val=159, acc=68.55%  [0.0s]
2026-05-01 00:19:01 | INFO     | cross_validation |   CV result: 69.59% ± 1.53%
2026-05-01 00:19:01 | INFO     | cross_validation |   Combo 15/20: {'n_neighbors': 15}
2026-05-01 00:19:01 | DEBUG    | reduction | Scaler fitted on 639 samples, 166 features
2026-05-01 00:19:01 | DEBUG    | reduction | SelectKBest: 166 → 80 features
2026-05-01 00:19:01 | INFO     | cross_validation |   Fold 1/5: train=639 (orig=639, aug=0), val=160, acc=68.12%  [0.0s]
2026-05-01 00:19:01 | DEBUG    | reduction | Scaler fitted on 639 samples, 166 features
2026-05-01 00:19:01 | DEBUG    | reduction | SelectKBest: 166 → 80 features
2026-05-01 00:19:01 | INFO     | cross_validation |   Fold 2/5: train=639 (orig=639, aug=0), val=160, acc=67.50%  [0.0s]
2026-05-01 00:19:01 | DEBUG    | reduction | Scaler fitted on 639 samples, 166 features
2026-05-01 00:19:01 | DEBUG    | reduction | SelectKBest: 166 → 80 features
2026-05-01 00:19:01 | INFO     | cross_validation |   Fold 3/5: train=639 (orig=639, aug=0), val=160, acc=71.88%  [0.0s]
2026-05-01 00:19:01 | DEBUG    | reduction | Scaler fitted on 639 samples, 166 features
2026-05-01 00:19:01 | DEBUG    | reduction | SelectKBest: 166 → 80 features
2026-05-01 00:19:01 | INFO     | cross_validation |   Fold 4/5: train=639 (orig=639, aug=0), val=160, acc=67.50%  [0.0s]
2026-05-01 00:19:01 | DEBUG    | reduction | Scaler fitted on 640 samples, 166 features
2026-05-01 00:19:01 | DEBUG    | reduction | SelectKBest: 166 → 80 features
2026-05-01 00:19:01 | INFO     | cross_validation |   Fold 5/5: train=640 (orig=640, aug=0), val=159, acc=68.55%  [0.0s]
2026-05-01 00:19:01 | INFO     | cross_validation |   CV result: 68.71% ± 1.63%
2026-05-01 00:19:01 | INFO     | cross_validation |   Combo 16/20: {'n_neighbors': 16}
2026-05-01 00:19:01 | DEBUG    | reduction | Scaler fitted on 639 samples, 166 features
2026-05-01 00:19:01 | DEBUG    | reduction | SelectKBest: 166 → 80 features
2026-05-01 00:19:01 | INFO     | cross_validation |   Fold 1/5: train=639 (orig=639, aug=0), val=160, acc=70.00%  [0.0s]
2026-05-01 00:19:01 | DEBUG    | reduction | Scaler fitted on 639 samples, 166 features
2026-05-01 00:19:01 | DEBUG    | reduction | SelectKBest: 166 → 80 features
2026-05-01 00:19:01 | INFO     | cross_validation |   Fold 2/5: train=639 (orig=639, aug=0), val=160, acc=70.00%  [0.0s]
2026-05-01 00:19:01 | DEBUG    | reduction | Scaler fitted on 639 samples, 166 features
2026-05-01 00:19:01 | DEBUG    | reduction | SelectKBest: 166 → 80 features
2026-05-01 00:19:01 | INFO     | cross_validation |   Fold 3/5: train=639 (orig=639, aug=0), val=160, acc=69.38%  [0.0s]
2026-05-01 00:19:01 | DEBUG    | reduction | Scaler fitted on 639 samples, 166 features
2026-05-01 00:19:01 | DEBUG    | reduction | SelectKBest: 166 → 80 features
2026-05-01 00:19:01 | INFO     | cross_validation |   Fold 4/5: train=639 (orig=639, aug=0), val=160, acc=67.50%  [0.0s]
2026-05-01 00:19:01 | DEBUG    | reduction | Scaler fitted on 640 samples, 166 features
2026-05-01 00:19:01 | DEBUG    | reduction | SelectKBest: 166 → 80 features
2026-05-01 00:19:01 | INFO     | cross_validation |   Fold 5/5: train=640 (orig=640, aug=0), val=159, acc=69.18%  [0.0s]
2026-05-01 00:19:01 | INFO     | cross_validation |   CV result: 69.21% ± 0.92%
2026-05-01 00:19:01 | INFO     | cross_validation |   Combo 17/20: {'n_neighbors': 17}
2026-05-01 00:19:01 | DEBUG    | reduction | Scaler fitted on 639 samples, 166 features
2026-05-01 00:19:01 | DEBUG    | reduction | SelectKBest: 166 → 80 features
2026-05-01 00:19:01 | INFO     | cross_validation |   Fold 1/5: train=639 (orig=639, aug=0), val=160, acc=70.00%  [0.0s]
2026-05-01 00:19:01 | DEBUG    | reduction | Scaler fitted on 639 samples, 166 features
2026-05-01 00:19:01 | DEBUG    | reduction | SelectKBest: 166 → 80 features
2026-05-01 00:19:01 | INFO     | cross_validation |   Fold 2/5: train=639 (orig=639, aug=0), val=160, acc=64.38%  [0.0s]
2026-05-01 00:19:01 | DEBUG    | reduction | Scaler fitted on 639 samples, 166 features
2026-05-01 00:19:01 | DEBUG    | reduction | SelectKBest: 166 → 80 features
2026-05-01 00:19:01 | INFO     | cross_validation |   Fold 3/5: train=639 (orig=639, aug=0), val=160, acc=71.25%  [0.0s]
2026-05-01 00:19:01 | DEBUG    | reduction | Scaler fitted on 639 samples, 166 features
2026-05-01 00:19:01 | DEBUG    | reduction | SelectKBest: 166 → 80 features
2026-05-01 00:19:01 | INFO     | cross_validation |   Fold 4/5: train=639 (orig=639, aug=0), val=160, acc=63.75%  [0.0s]
2026-05-01 00:19:01 | DEBUG    | reduction | Scaler fitted on 640 samples, 166 features
2026-05-01 00:19:01 | DEBUG    | reduction | SelectKBest: 166 → 80 features
2026-05-01 00:19:01 | INFO     | cross_validation |   Fold 5/5: train=640 (orig=640, aug=0), val=159, acc=69.81%  [0.0s]
2026-05-01 00:19:01 | INFO     | cross_validation |   CV result: 67.84% ± 3.13%
2026-05-01 00:19:01 | INFO     | cross_validation |   Combo 18/20: {'n_neighbors': 18}
2026-05-01 00:19:01 | DEBUG    | reduction | Scaler fitted on 639 samples, 166 features
2026-05-01 00:19:01 | DEBUG    | reduction | SelectKBest: 166 → 80 features
2026-05-01 00:19:01 | INFO     | cross_validation |   Fold 1/5: train=639 (orig=639, aug=0), val=160, acc=68.75%  [0.0s]
2026-05-01 00:19:01 | DEBUG    | reduction | Scaler fitted on 639 samples, 166 features
2026-05-01 00:19:01 | DEBUG    | reduction | SelectKBest: 166 → 80 features
2026-05-01 00:19:01 | INFO     | cross_validation |   Fold 2/5: train=639 (orig=639, aug=0), val=160, acc=66.88%  [0.0s]
2026-05-01 00:19:01 | DEBUG    | reduction | Scaler fitted on 639 samples, 166 features
2026-05-01 00:19:01 | DEBUG    | reduction | SelectKBest: 166 → 80 features
2026-05-01 00:19:01 | INFO     | cross_validation |   Fold 3/5: train=639 (orig=639, aug=0), val=160, acc=68.12%  [0.0s]
2026-05-01 00:19:01 | DEBUG    | reduction | Scaler fitted on 639 samples, 166 features
2026-05-01 00:19:01 | DEBUG    | reduction | SelectKBest: 166 → 80 features
2026-05-01 00:19:01 | INFO     | cross_validation |   Fold 4/5: train=639 (orig=639, aug=0), val=160, acc=66.25%  [0.0s]
2026-05-01 00:19:01 | DEBUG    | reduction | Scaler fitted on 640 samples, 166 features
2026-05-01 00:19:01 | DEBUG    | reduction | SelectKBest: 166 → 80 features
2026-05-01 00:19:01 | INFO     | cross_validation |   Fold 5/5: train=640 (orig=640, aug=0), val=159, acc=71.07%  [0.0s]
2026-05-01 00:19:01 | INFO     | cross_validation |   CV result: 68.21% ± 1.68%
2026-05-01 00:19:01 | INFO     | cross_validation |   Combo 19/20: {'n_neighbors': 19}
2026-05-01 00:19:01 | DEBUG    | reduction | Scaler fitted on 639 samples, 166 features
2026-05-01 00:19:01 | DEBUG    | reduction | SelectKBest: 166 → 80 features
2026-05-01 00:19:01 | INFO     | cross_validation |   Fold 1/5: train=639 (orig=639, aug=0), val=160, acc=69.38%  [0.0s]
2026-05-01 00:19:01 | DEBUG    | reduction | Scaler fitted on 639 samples, 166 features
2026-05-01 00:19:01 | DEBUG    | reduction | SelectKBest: 166 → 80 features
2026-05-01 00:19:01 | INFO     | cross_validation |   Fold 2/5: train=639 (orig=639, aug=0), val=160, acc=65.00%  [0.0s]
2026-05-01 00:19:01 | DEBUG    | reduction | Scaler fitted on 639 samples, 166 features
2026-05-01 00:19:01 | DEBUG    | reduction | SelectKBest: 166 → 80 features
2026-05-01 00:19:01 | INFO     | cross_validation |   Fold 3/5: train=639 (orig=639, aug=0), val=160, acc=67.50%  [0.0s]
2026-05-01 00:19:01 | DEBUG    | reduction | Scaler fitted on 639 samples, 166 features
2026-05-01 00:19:01 | DEBUG    | reduction | SelectKBest: 166 → 80 features
2026-05-01 00:19:01 | INFO     | cross_validation |   Fold 4/5: train=639 (orig=639, aug=0), val=160, acc=65.00%  [0.0s]
2026-05-01 00:19:01 | DEBUG    | reduction | Scaler fitted on 640 samples, 166 features
2026-05-01 00:19:01 | DEBUG    | reduction | SelectKBest: 166 → 80 features
2026-05-01 00:19:01 | INFO     | cross_validation |   Fold 5/5: train=640 (orig=640, aug=0), val=159, acc=70.44%  [0.0s]
2026-05-01 00:19:01 | INFO     | cross_validation |   CV result: 67.46% ± 2.22%
2026-05-01 00:19:01 | INFO     | cross_validation |   Combo 20/20: {'n_neighbors': 20}
2026-05-01 00:19:01 | DEBUG    | reduction | Scaler fitted on 639 samples, 166 features
2026-05-01 00:19:01 | DEBUG    | reduction | SelectKBest: 166 → 80 features
2026-05-01 00:19:01 | INFO     | cross_validation |   Fold 1/5: train=639 (orig=639, aug=0), val=160, acc=68.12%  [0.0s]
2026-05-01 00:19:01 | DEBUG    | reduction | Scaler fitted on 639 samples, 166 features
2026-05-01 00:19:01 | DEBUG    | reduction | SelectKBest: 166 → 80 features
2026-05-01 00:19:01 | INFO     | cross_validation |   Fold 2/5: train=639 (orig=639, aug=0), val=160, acc=65.00%  [0.0s]
2026-05-01 00:19:01 | DEBUG    | reduction | Scaler fitted on 639 samples, 166 features
2026-05-01 00:19:01 | DEBUG    | reduction | SelectKBest: 166 → 80 features
2026-05-01 00:19:01 | INFO     | cross_validation |   Fold 3/5: train=639 (orig=639, aug=0), val=160, acc=68.12%  [0.0s]
2026-05-01 00:19:01 | DEBUG    | reduction | Scaler fitted on 639 samples, 166 features
2026-05-01 00:19:01 | DEBUG    | reduction | SelectKBest: 166 → 80 features
2026-05-01 00:19:01 | INFO     | cross_validation |   Fold 4/5: train=639 (orig=639, aug=0), val=160, acc=67.50%  [0.0s]
2026-05-01 00:19:01 | DEBUG    | reduction | Scaler fitted on 640 samples, 166 features
2026-05-01 00:19:01 | DEBUG    | reduction | SelectKBest: 166 → 80 features
2026-05-01 00:19:01 | INFO     | cross_validation |   Fold 5/5: train=640 (orig=640, aug=0), val=159, acc=71.70%  [0.0s]
2026-05-01 00:19:01 | INFO     | cross_validation |   CV result: 68.09% ± 2.14%
2026-05-01 00:19:01 | INFO     | cross_validation |   Best params: {'n_neighbors': 1}
2026-05-01 00:19:01 | INFO     | cross_validation |   Best CV: 71.83% ± 5.26%
2026-05-01 00:19:01 | INFO     | cross_validation | ✓ grid_search_cv finished in 0.9s
2026-05-01 00:19:01 | INFO     | main | CV results saved → /home/keerthanss/Projects/CMPE257ML/final/scripts/outputs/runs/2026-05-01_00-17-59_knn/results/cv_results.csv
2026-05-01 00:19:01 | INFO     | main | ────────────────────────────────────────────────────────────
2026-05-01 00:19:01 | INFO     | main |   Stage 6 — Final Test Evaluation
2026-05-01 00:19:01 | INFO     | main | ────────────────────────────────────────────────────────────
2026-05-01 00:19:01 | INFO     | evaluate | → final_evaluation started
2026-05-01 00:19:01 | INFO     | evaluate | ────────────────────────────────────────────────────────────
2026-05-01 00:19:01 | INFO     | evaluate |   FINAL TEST SET EVALUATION
2026-05-01 00:19:01 | INFO     | evaluate | ────────────────────────────────────────────────────────────
2026-05-01 00:19:01 | INFO     | evaluate | Test set used for the first and only time.
2026-05-01 00:19:01 | INFO     | evaluate | Train samples: 799
2026-05-01 00:19:01 | INFO     | evaluate | Aug samples:   1598
2026-05-01 00:19:01 | INFO     | evaluate | Test samples:  200
2026-05-01 00:19:01 | INFO     | evaluate | ────────────────────────────────────────────────────────────
2026-05-01 00:19:01 | INFO     | evaluate |   KNN [raw, aug]
2026-05-01 00:19:01 | INFO     | evaluate | ────────────────────────────────────────────────────────────
2026-05-01 00:19:01 | INFO     | evaluate | Best params: {'n_neighbors': 18}
2026-05-01 00:19:01 | DEBUG    | reduction | Scaler fitted on 799 samples, 166 features
2026-05-01 00:19:01 | INFO     | evaluate | Final training set: 2397 (orig=799, aug=1598)
2026-05-01 00:19:01 | INFO     | evaluate | Test accuracy: 66.50%
2026-05-01 00:19:01 | INFO     | evaluate | Model saved   → /home/keerthanss/Projects/CMPE257ML/final/scripts/outputs/runs/2026-05-01_00-17-59_knn/models/knn_raw_aug_final.joblib
2026-05-01 00:19:01 | INFO     | evaluate | Scaler saved  → /home/keerthanss/Projects/CMPE257ML/final/scripts/outputs/runs/2026-05-01_00-17-59_knn/models/knn_raw_aug_scaler.joblib
2026-05-01 00:19:02 | INFO     | models | Saved → /home/keerthanss/Projects/CMPE257ML/final/scripts/outputs/runs/2026-05-01_00-17-59_knn/plots/models/final_knn_raw_aug.png
2026-05-01 00:19:02 | INFO     | evaluate | ────────────────────────────────────────────────────────────
2026-05-01 00:19:02 | INFO     | evaluate |   KNN [raw, no-aug]
2026-05-01 00:19:02 | INFO     | evaluate | ────────────────────────────────────────────────────────────
2026-05-01 00:19:02 | INFO     | evaluate | Best params: {'n_neighbors': 10}
2026-05-01 00:19:02 | DEBUG    | reduction | Scaler fitted on 799 samples, 166 features
2026-05-01 00:19:02 | INFO     | evaluate | Final training set: 799 (original only)
2026-05-01 00:19:02 | INFO     | evaluate | Test accuracy: 63.00%
2026-05-01 00:19:02 | INFO     | evaluate | Model saved   → /home/keerthanss/Projects/CMPE257ML/final/scripts/outputs/runs/2026-05-01_00-17-59_knn/models/knn_raw_no-aug_final.joblib
2026-05-01 00:19:02 | INFO     | evaluate | Scaler saved  → /home/keerthanss/Projects/CMPE257ML/final/scripts/outputs/runs/2026-05-01_00-17-59_knn/models/knn_raw_no-aug_scaler.joblib
2026-05-01 00:19:02 | INFO     | models | Saved → /home/keerthanss/Projects/CMPE257ML/final/scripts/outputs/runs/2026-05-01_00-17-59_knn/plots/models/final_knn_raw_no-aug.png
2026-05-01 00:19:02 | INFO     | evaluate | ────────────────────────────────────────────────────────────
2026-05-01 00:19:02 | INFO     | evaluate |   KNN [pca, aug]
2026-05-01 00:19:02 | INFO     | evaluate | ────────────────────────────────────────────────────────────
2026-05-01 00:19:02 | INFO     | evaluate | Best params: {'n_neighbors': 20}
2026-05-01 00:19:02 | DEBUG    | reduction | Scaler fitted on 799 samples, 166 features
2026-05-01 00:19:02 | DEBUG    | reduction | PCA: 166 → 84 components (95% var)
2026-05-01 00:19:02 | INFO     | evaluate | Final training set: 2397 (orig=799, aug=1598)
2026-05-01 00:19:02 | INFO     | evaluate | Test accuracy: 66.00%
2026-05-01 00:19:02 | INFO     | evaluate | Model saved   → /home/keerthanss/Projects/CMPE257ML/final/scripts/outputs/runs/2026-05-01_00-17-59_knn/models/knn_pca_aug_final.joblib
2026-05-01 00:19:02 | INFO     | evaluate | Scaler saved  → /home/keerthanss/Projects/CMPE257ML/final/scripts/outputs/runs/2026-05-01_00-17-59_knn/models/knn_pca_aug_scaler.joblib
2026-05-01 00:19:02 | INFO     | evaluate | Reducer saved → /home/keerthanss/Projects/CMPE257ML/final/scripts/outputs/runs/2026-05-01_00-17-59_knn/models/knn_pca_aug_reducer.joblib
2026-05-01 00:19:03 | INFO     | models | Saved → /home/keerthanss/Projects/CMPE257ML/final/scripts/outputs/runs/2026-05-01_00-17-59_knn/plots/models/final_knn_pca_aug.png
2026-05-01 00:19:03 | INFO     | evaluate | ────────────────────────────────────────────────────────────
2026-05-01 00:19:03 | INFO     | evaluate |   KNN [pca, no-aug]
2026-05-01 00:19:03 | INFO     | evaluate | ────────────────────────────────────────────────────────────
2026-05-01 00:19:03 | INFO     | evaluate | Best params: {'n_neighbors': 13}
2026-05-01 00:19:03 | DEBUG    | reduction | Scaler fitted on 799 samples, 166 features
2026-05-01 00:19:03 | DEBUG    | reduction | PCA: 166 → 84 components (95% var)
2026-05-01 00:19:03 | INFO     | evaluate | Final training set: 799 (original only)
2026-05-01 00:19:03 | INFO     | evaluate | Test accuracy: 67.00%
2026-05-01 00:19:03 | INFO     | evaluate | Model saved   → /home/keerthanss/Projects/CMPE257ML/final/scripts/outputs/runs/2026-05-01_00-17-59_knn/models/knn_pca_no-aug_final.joblib
2026-05-01 00:19:03 | INFO     | evaluate | Scaler saved  → /home/keerthanss/Projects/CMPE257ML/final/scripts/outputs/runs/2026-05-01_00-17-59_knn/models/knn_pca_no-aug_scaler.joblib
2026-05-01 00:19:03 | INFO     | evaluate | Reducer saved → /home/keerthanss/Projects/CMPE257ML/final/scripts/outputs/runs/2026-05-01_00-17-59_knn/models/knn_pca_no-aug_reducer.joblib
2026-05-01 00:19:03 | INFO     | models | Saved → /home/keerthanss/Projects/CMPE257ML/final/scripts/outputs/runs/2026-05-01_00-17-59_knn/plots/models/final_knn_pca_no-aug.png
2026-05-01 00:19:03 | INFO     | evaluate | ────────────────────────────────────────────────────────────
2026-05-01 00:19:03 | INFO     | evaluate |   KNN [lda, aug]
2026-05-01 00:19:03 | INFO     | evaluate | ────────────────────────────────────────────────────────────
2026-05-01 00:19:03 | INFO     | evaluate | Best params: {'n_neighbors': 18}
2026-05-01 00:19:03 | DEBUG    | reduction | Scaler fitted on 799 samples, 166 features
2026-05-01 00:19:03 | DEBUG    | reduction | LDA: 166 → 9 discriminant components
2026-05-01 00:19:03 | INFO     | evaluate | Final training set: 2397 (orig=799, aug=1598)
2026-05-01 00:19:03 | INFO     | evaluate | Test accuracy: 79.50%
2026-05-01 00:19:03 | INFO     | evaluate | Model saved   → /home/keerthanss/Projects/CMPE257ML/final/scripts/outputs/runs/2026-05-01_00-17-59_knn/models/knn_lda_aug_final.joblib
2026-05-01 00:19:03 | INFO     | evaluate | Scaler saved  → /home/keerthanss/Projects/CMPE257ML/final/scripts/outputs/runs/2026-05-01_00-17-59_knn/models/knn_lda_aug_scaler.joblib
2026-05-01 00:19:03 | INFO     | evaluate | Reducer saved → /home/keerthanss/Projects/CMPE257ML/final/scripts/outputs/runs/2026-05-01_00-17-59_knn/models/knn_lda_aug_reducer.joblib
2026-05-01 00:19:04 | INFO     | models | Saved → /home/keerthanss/Projects/CMPE257ML/final/scripts/outputs/runs/2026-05-01_00-17-59_knn/plots/models/final_knn_lda_aug.png
2026-05-01 00:19:04 | INFO     | evaluate | ────────────────────────────────────────────────────────────
2026-05-01 00:19:04 | INFO     | evaluate |   KNN [lda, no-aug]
2026-05-01 00:19:04 | INFO     | evaluate | ────────────────────────────────────────────────────────────
2026-05-01 00:19:04 | INFO     | evaluate | Best params: {'n_neighbors': 17}
2026-05-01 00:19:04 | DEBUG    | reduction | Scaler fitted on 799 samples, 166 features
2026-05-01 00:19:04 | DEBUG    | reduction | LDA: 166 → 9 discriminant components
2026-05-01 00:19:04 | INFO     | evaluate | Final training set: 799 (original only)
2026-05-01 00:19:04 | INFO     | evaluate | Test accuracy: 80.00%
2026-05-01 00:19:04 | INFO     | evaluate | Model saved   → /home/keerthanss/Projects/CMPE257ML/final/scripts/outputs/runs/2026-05-01_00-17-59_knn/models/knn_lda_no-aug_final.joblib
2026-05-01 00:19:04 | INFO     | evaluate | Scaler saved  → /home/keerthanss/Projects/CMPE257ML/final/scripts/outputs/runs/2026-05-01_00-17-59_knn/models/knn_lda_no-aug_scaler.joblib
2026-05-01 00:19:04 | INFO     | evaluate | Reducer saved → /home/keerthanss/Projects/CMPE257ML/final/scripts/outputs/runs/2026-05-01_00-17-59_knn/models/knn_lda_no-aug_reducer.joblib
2026-05-01 00:19:04 | INFO     | models | Saved → /home/keerthanss/Projects/CMPE257ML/final/scripts/outputs/runs/2026-05-01_00-17-59_knn/plots/models/final_knn_lda_no-aug.png
2026-05-01 00:19:04 | INFO     | evaluate | ────────────────────────────────────────────────────────────
2026-05-01 00:19:04 | INFO     | evaluate |   KNN [skb, aug]
2026-05-01 00:19:04 | INFO     | evaluate | ────────────────────────────────────────────────────────────
2026-05-01 00:19:04 | INFO     | evaluate | Best params: {'n_neighbors': 7}
2026-05-01 00:19:04 | DEBUG    | reduction | Scaler fitted on 799 samples, 166 features
2026-05-01 00:19:04 | DEBUG    | reduction | SelectKBest: 166 → 80 features
2026-05-01 00:19:04 | INFO     | evaluate | Final training set: 2397 (orig=799, aug=1598)
2026-05-01 00:19:04 | INFO     | evaluate | Test accuracy: 73.50%
2026-05-01 00:19:04 | INFO     | evaluate | Model saved   → /home/keerthanss/Projects/CMPE257ML/final/scripts/outputs/runs/2026-05-01_00-17-59_knn/models/knn_skb_aug_final.joblib
2026-05-01 00:19:04 | INFO     | evaluate | Scaler saved  → /home/keerthanss/Projects/CMPE257ML/final/scripts/outputs/runs/2026-05-01_00-17-59_knn/models/knn_skb_aug_scaler.joblib
2026-05-01 00:19:04 | INFO     | evaluate | Reducer saved → /home/keerthanss/Projects/CMPE257ML/final/scripts/outputs/runs/2026-05-01_00-17-59_knn/models/knn_skb_aug_reducer.joblib
2026-05-01 00:19:05 | INFO     | models | Saved → /home/keerthanss/Projects/CMPE257ML/final/scripts/outputs/runs/2026-05-01_00-17-59_knn/plots/models/final_knn_skb_aug.png
2026-05-01 00:19:05 | INFO     | evaluate | ────────────────────────────────────────────────────────────
2026-05-01 00:19:05 | INFO     | evaluate |   KNN [skb, no-aug]
2026-05-01 00:19:05 | INFO     | evaluate | ────────────────────────────────────────────────────────────
2026-05-01 00:19:05 | INFO     | evaluate | Best params: {'n_neighbors': 1}
2026-05-01 00:19:05 | DEBUG    | reduction | Scaler fitted on 799 samples, 166 features
2026-05-01 00:19:05 | DEBUG    | reduction | SelectKBest: 166 → 80 features
2026-05-01 00:19:05 | INFO     | evaluate | Final training set: 799 (original only)
2026-05-01 00:19:05 | INFO     | evaluate | Test accuracy: 70.00%
2026-05-01 00:19:05 | INFO     | evaluate | Model saved   → /home/keerthanss/Projects/CMPE257ML/final/scripts/outputs/runs/2026-05-01_00-17-59_knn/models/knn_skb_no-aug_final.joblib
2026-05-01 00:19:05 | INFO     | evaluate | Scaler saved  → /home/keerthanss/Projects/CMPE257ML/final/scripts/outputs/runs/2026-05-01_00-17-59_knn/models/knn_skb_no-aug_scaler.joblib
2026-05-01 00:19:05 | INFO     | evaluate | Reducer saved → /home/keerthanss/Projects/CMPE257ML/final/scripts/outputs/runs/2026-05-01_00-17-59_knn/models/knn_skb_no-aug_reducer.joblib
2026-05-01 00:19:08 | INFO     | models | Saved → /home/keerthanss/Projects/CMPE257ML/final/scripts/outputs/runs/2026-05-01_00-17-59_knn/plots/models/final_knn_skb_no-aug.png
2026-05-01 00:19:08 | INFO     | evaluate | 
Final results saved → /home/keerthanss/Projects/CMPE257ML/final/scripts/outputs/runs/2026-05-01_00-17-59_knn/results/final_results.csv
2026-05-01 00:19:08 | INFO     | evaluate | 
Final Results Summary:
2026-05-01 00:19:08 | INFO     | evaluate | 
model feat_space  augmented  cv_mean   cv_std  test_acc
  KNN        lda      False 0.747209 0.026170     0.800
  KNN        lda       True 0.748459 0.028960     0.795
  KNN        skb       True 0.730881 0.030674     0.735
  KNN        skb      False 0.718325 0.052604     0.700
  KNN        pca      False 0.640810 0.014873     0.670
  KNN        raw       True 0.668341 0.019652     0.665
  KNN        pca       True 0.649568 0.024591     0.660
  KNN        raw      False 0.660825 0.028056     0.630
2026-05-01 00:19:08 | INFO     | evaluate | ============================================================
2026-05-01 00:19:08 | INFO     | evaluate |   BEST MODEL    : KNN [lda, no-aug]
2026-05-01 00:19:08 | INFO     | evaluate |   TEST ACCURACY : 80.00%
2026-05-01 00:19:08 | INFO     | evaluate | ============================================================
2026-05-01 00:19:08 | INFO     | models | Saved → /home/keerthanss/Projects/CMPE257ML/final/scripts/outputs/runs/2026-05-01_00-17-59_knn/plots/models/final_cv_vs_test.png
2026-05-01 00:19:08 | INFO     | evaluate | ✓ final_evaluation finished in 4.2s
2026-05-01 00:19:08 | INFO     | main | ============================================================
2026-05-01 00:19:08 | INFO     | main |   PIPELINE COMPLETE
2026-05-01 00:19:08 | INFO     | main |   Total elapsed: 1m 03.8s
2026-05-01 00:19:08 | INFO     | main |   Run directory: /home/keerthanss/Projects/CMPE257ML/final/scripts/outputs/runs/2026-05-01_00-17-59_knn
2026-05-01 00:19:08 | INFO     | main | ============================================================
