2026-04-30 23:15:27 | INFO     | main | → run_pipeline started
2026-04-30 23:15:27 | INFO     | main | ────────────────────────────────────────────────────────────
2026-04-30 23:15:27 | INFO     | main |   GTZAN Genre Classification — Full Pipeline
2026-04-30 23:15:27 | INFO     | main | ────────────────────────────────────────────────────────────
2026-04-30 23:15:27 | INFO     | main | Skipping EDA (--skip-eda)
2026-04-30 23:15:27 | INFO     | main | ────────────────────────────────────────────────────────────
2026-04-30 23:15:27 | INFO     | main |   Stage 2 — Feature Extraction (original tracks)
2026-04-30 23:15:27 | INFO     | main | ────────────────────────────────────────────────────────────
2026-04-30 23:15:27 | INFO     | main | Valid tracks: 999
2026-04-30 23:15:27 | INFO     | features | → extract_all_features started
2026-04-30 23:15:27 | INFO     | features | Cache hit: /home/keerthanss/Projects/CMPE257ML/final/scripts/outputs/cache/features.csv (use --force to recompute)
2026-04-30 23:15:27 | INFO     | features |   999 samples, 166 features
2026-04-30 23:15:27 | INFO     | features | ✓ extract_all_features finished in 0.0s
2026-04-30 23:15:27 | INFO     | main | ────────────────────────────────────────────────────────────
2026-04-30 23:15:27 | INFO     | main |   Stage 3 — Train/Test Split
2026-04-30 23:15:27 | INFO     | main | ────────────────────────────────────────────────────────────
2026-04-30 23:15:27 | INFO     | main | Training tracks (for augmentation): 799
2026-04-30 23:15:27 | INFO     | main | ────────────────────────────────────────────────────────────
2026-04-30 23:15:27 | INFO     | main |   Stage 4 — Augmented Feature Extraction
2026-04-30 23:15:27 | INFO     | main | ────────────────────────────────────────────────────────────
2026-04-30 23:15:27 | INFO     | features | → extract_augmented_features started
2026-04-30 23:15:27 | INFO     | features | Cache hit: /home/keerthanss/Projects/CMPE257ML/final/scripts/outputs/cache/augmented_features.csv (use --force to recompute)
2026-04-30 23:15:27 | INFO     | features |   1598 augmented samples
2026-04-30 23:15:27 | INFO     | features | ✓ extract_augmented_features finished in 0.0s
2026-04-30 23:15:27 | INFO     | main | ────────────────────────────────────────────────────────────
2026-04-30 23:15:27 | INFO     | main |   Stage 5 — Cross-Validation & Grid Search
2026-04-30 23:15:27 | INFO     | main | ────────────────────────────────────────────────────────────
2026-04-30 23:15:27 | INFO     | cross_validation | ────────────────────────────────────────────────────────────
2026-04-30 23:15:27 | INFO     | cross_validation |   Loading cached features and splitting data
2026-04-30 23:15:27 | INFO     | cross_validation | ────────────────────────────────────────────────────────────
2026-04-30 23:15:27 | INFO     | cross_validation | Loaded features: 999 original, 1598 augmented samples
2026-04-30 23:15:27 | INFO     | cross_validation | Feature columns: 166
2026-04-30 23:15:27 | INFO     | cross_validation | Train split saved → /home/keerthanss/Projects/CMPE257ML/final/scripts/outputs/splits/train.csv  (799 samples)
2026-04-30 23:15:27 | INFO     | cross_validation | Test split saved  → /home/keerthanss/Projects/CMPE257ML/final/scripts/outputs/splits/test.csv   (200 samples)
2026-04-30 23:15:27 | INFO     | cross_validation | Classes: ['blues', 'classical', 'country', 'disco', 'hiphop', 'jazz', 'metal', 'pop', 'reggae', 'rock']
2026-04-30 23:15:27 | INFO     | main | ────────────────────────────────────────────────────────────
2026-04-30 23:15:27 | INFO     | main |   Gaussian NB [raw]
2026-04-30 23:15:27 | INFO     | main | ────────────────────────────────────────────────────────────
2026-04-30 23:15:27 | INFO     | cross_validation | → grid_search_cv started
2026-04-30 23:15:27 | INFO     | cross_validation | No hyperparameters to tune — running single CV pass
2026-04-30 23:15:27 | INFO     | cross_validation |   Fold 1/5: train=1917 (orig=639, aug=1278), val=160, acc=60.00%  [0.0s]
2026-04-30 23:15:27 | INFO     | cross_validation |   Fold 2/5: train=1917 (orig=639, aug=1278), val=160, acc=56.25%  [0.0s]
2026-04-30 23:15:27 | INFO     | cross_validation |   Fold 3/5: train=1917 (orig=639, aug=1278), val=160, acc=58.13%  [0.0s]
2026-04-30 23:15:27 | INFO     | cross_validation |   Fold 4/5: train=1917 (orig=639, aug=1278), val=160, acc=58.75%  [0.0s]
2026-04-30 23:15:27 | INFO     | cross_validation |   Fold 5/5: train=1920 (orig=640, aug=1280), val=159, acc=58.49%  [0.0s]
2026-04-30 23:15:27 | INFO     | cross_validation |   CV result: 58.32% ± 1.21%
2026-04-30 23:15:27 | INFO     | cross_validation | ✓ grid_search_cv finished in 0.1s
2026-04-30 23:15:27 | INFO     | main | ────────────────────────────────────────────────────────────
2026-04-30 23:15:27 | INFO     | main |   Gaussian NB [pca]
2026-04-30 23:15:27 | INFO     | main | ────────────────────────────────────────────────────────────
2026-04-30 23:15:27 | INFO     | cross_validation | → grid_search_cv started
2026-04-30 23:15:27 | INFO     | cross_validation | No hyperparameters to tune — running single CV pass
2026-04-30 23:15:27 | INFO     | cross_validation |   Fold 1/5: train=1917 (orig=639, aug=1278), val=160, acc=51.25%  [0.1s]
2026-04-30 23:15:27 | INFO     | cross_validation |   Fold 2/5: train=1917 (orig=639, aug=1278), val=160, acc=58.13%  [0.1s]
2026-04-30 23:15:27 | INFO     | cross_validation |   Fold 3/5: train=1917 (orig=639, aug=1278), val=160, acc=51.25%  [0.1s]
2026-04-30 23:15:28 | INFO     | cross_validation |   Fold 4/5: train=1917 (orig=639, aug=1278), val=160, acc=55.00%  [0.1s]
2026-04-30 23:15:28 | INFO     | cross_validation |   Fold 5/5: train=1920 (orig=640, aug=1280), val=159, acc=43.40%  [0.1s]
2026-04-30 23:15:28 | INFO     | cross_validation |   CV result: 51.80% ± 4.93%
2026-04-30 23:15:28 | INFO     | cross_validation | ✓ grid_search_cv finished in 0.6s
2026-04-30 23:15:28 | INFO     | main | ────────────────────────────────────────────────────────────
2026-04-30 23:15:28 | INFO     | main |   Gaussian NB [lda]
2026-04-30 23:15:28 | INFO     | main | ────────────────────────────────────────────────────────────
2026-04-30 23:15:28 | INFO     | cross_validation | → grid_search_cv started
2026-04-30 23:15:28 | INFO     | cross_validation | No hyperparameters to tune — running single CV pass
2026-04-30 23:15:28 | INFO     | cross_validation |   Fold 1/5: train=1917 (orig=639, aug=1278), val=160, acc=66.25%  [0.1s]
2026-04-30 23:15:28 | INFO     | cross_validation |   Fold 2/5: train=1917 (orig=639, aug=1278), val=160, acc=68.12%  [0.1s]
2026-04-30 23:15:28 | INFO     | cross_validation |   Fold 3/5: train=1917 (orig=639, aug=1278), val=160, acc=66.25%  [0.1s]
2026-04-30 23:15:28 | INFO     | cross_validation |   Fold 4/5: train=1917 (orig=639, aug=1278), val=160, acc=68.12%  [0.1s]
2026-04-30 23:15:28 | INFO     | cross_validation |   Fold 5/5: train=1920 (orig=640, aug=1280), val=159, acc=39.62%  [0.1s]
2026-04-30 23:15:28 | INFO     | cross_validation |   CV result: 61.67% ± 11.06%
2026-04-30 23:15:28 | INFO     | cross_validation | ✓ grid_search_cv finished in 0.6s
2026-04-30 23:15:28 | INFO     | main | ────────────────────────────────────────────────────────────
2026-04-30 23:15:28 | INFO     | main |   Gaussian NB [skb]
2026-04-30 23:15:28 | INFO     | main | ────────────────────────────────────────────────────────────
2026-04-30 23:15:28 | INFO     | cross_validation | → grid_search_cv started
2026-04-30 23:15:28 | INFO     | cross_validation | No hyperparameters to tune — running single CV pass
2026-04-30 23:15:28 | INFO     | cross_validation |   Fold 1/5: train=1917 (orig=639, aug=1278), val=160, acc=60.00%  [0.0s]
2026-04-30 23:15:28 | INFO     | cross_validation |   Fold 2/5: train=1917 (orig=639, aug=1278), val=160, acc=53.75%  [0.0s]
2026-04-30 23:15:28 | INFO     | cross_validation |   Fold 3/5: train=1917 (orig=639, aug=1278), val=160, acc=54.37%  [0.0s]
2026-04-30 23:15:28 | INFO     | cross_validation |   Fold 4/5: train=1917 (orig=639, aug=1278), val=160, acc=58.75%  [0.0s]
2026-04-30 23:15:28 | INFO     | cross_validation |   Fold 5/5: train=1920 (orig=640, aug=1280), val=159, acc=58.49%  [0.0s]
2026-04-30 23:15:28 | INFO     | cross_validation |   CV result: 57.07% ± 2.52%
2026-04-30 23:15:28 | INFO     | cross_validation | ✓ grid_search_cv finished in 0.1s
2026-04-30 23:15:28 | INFO     | main | ────────────────────────────────────────────────────────────
2026-04-30 23:15:28 | INFO     | main |   KNN [raw]
2026-04-30 23:15:28 | INFO     | main | ────────────────────────────────────────────────────────────
2026-04-30 23:15:28 | INFO     | cross_validation | → grid_search_cv started
2026-04-30 23:15:28 | INFO     | cross_validation | Grid search: 20 parameter combinations × 5 folds
2026-04-30 23:15:28 | INFO     | cross_validation |   Combo 1/20: {'n_neighbors': 1}
2026-04-30 23:15:28 | INFO     | cross_validation |   Fold 1/5: train=1917 (orig=639, aug=1278), val=160, acc=61.25%  [0.0s]
2026-04-30 23:15:28 | INFO     | cross_validation |   Fold 2/5: train=1917 (orig=639, aug=1278), val=160, acc=65.00%  [0.0s]
2026-04-30 23:15:28 | INFO     | cross_validation |   Fold 3/5: train=1917 (orig=639, aug=1278), val=160, acc=63.12%  [0.0s]
2026-04-30 23:15:28 | INFO     | cross_validation |   Fold 4/5: train=1917 (orig=639, aug=1278), val=160, acc=62.50%  [0.0s]
2026-04-30 23:15:28 | INFO     | cross_validation |   Fold 5/5: train=1920 (orig=640, aug=1280), val=159, acc=61.01%  [0.0s]
2026-04-30 23:15:28 | INFO     | cross_validation |   CV result: 62.58% ± 1.44%
2026-04-30 23:15:28 | INFO     | cross_validation |   Combo 2/20: {'n_neighbors': 2}
2026-04-30 23:15:28 | INFO     | cross_validation |   Fold 1/5: train=1917 (orig=639, aug=1278), val=160, acc=64.38%  [0.0s]
2026-04-30 23:15:28 | INFO     | cross_validation |   Fold 2/5: train=1917 (orig=639, aug=1278), val=160, acc=63.75%  [0.0s]
2026-04-30 23:15:29 | INFO     | cross_validation |   Fold 3/5: train=1917 (orig=639, aug=1278), val=160, acc=65.62%  [0.0s]
2026-04-30 23:15:29 | INFO     | cross_validation |   Fold 4/5: train=1917 (orig=639, aug=1278), val=160, acc=64.38%  [0.0s]
2026-04-30 23:15:29 | INFO     | cross_validation |   Fold 5/5: train=1920 (orig=640, aug=1280), val=159, acc=58.49%  [0.0s]
2026-04-30 23:15:29 | INFO     | cross_validation |   CV result: 63.32% ± 2.49%
2026-04-30 23:15:29 | INFO     | cross_validation |   Combo 3/20: {'n_neighbors': 3}
2026-04-30 23:15:29 | INFO     | cross_validation |   Fold 1/5: train=1917 (orig=639, aug=1278), val=160, acc=62.50%  [0.0s]
2026-04-30 23:15:29 | INFO     | cross_validation |   Fold 2/5: train=1917 (orig=639, aug=1278), val=160, acc=63.75%  [0.0s]
2026-04-30 23:15:29 | INFO     | cross_validation |   Fold 3/5: train=1917 (orig=639, aug=1278), val=160, acc=70.62%  [0.0s]
2026-04-30 23:15:29 | INFO     | cross_validation |   Fold 4/5: train=1917 (orig=639, aug=1278), val=160, acc=59.38%  [0.0s]
2026-04-30 23:15:29 | INFO     | cross_validation |   Fold 5/5: train=1920 (orig=640, aug=1280), val=159, acc=59.12%  [0.0s]
2026-04-30 23:15:29 | INFO     | cross_validation |   CV result: 63.07% ± 4.17%
2026-04-30 23:15:29 | INFO     | cross_validation |   Combo 4/20: {'n_neighbors': 4}
2026-04-30 23:15:29 | INFO     | cross_validation |   Fold 1/5: train=1917 (orig=639, aug=1278), val=160, acc=58.75%  [0.0s]
2026-04-30 23:15:29 | INFO     | cross_validation |   Fold 2/5: train=1917 (orig=639, aug=1278), val=160, acc=65.00%  [0.0s]
2026-04-30 23:15:29 | INFO     | cross_validation |   Fold 3/5: train=1917 (orig=639, aug=1278), val=160, acc=66.25%  [0.0s]
2026-04-30 23:15:29 | INFO     | cross_validation |   Fold 4/5: train=1917 (orig=639, aug=1278), val=160, acc=61.25%  [0.0s]
2026-04-30 23:15:29 | INFO     | cross_validation |   Fold 5/5: train=1920 (orig=640, aug=1280), val=159, acc=62.26%  [0.0s]
2026-04-30 23:15:29 | INFO     | cross_validation |   CV result: 62.70% ± 2.68%
2026-04-30 23:15:29 | INFO     | cross_validation |   Combo 5/20: {'n_neighbors': 5}
2026-04-30 23:15:29 | INFO     | cross_validation |   Fold 1/5: train=1917 (orig=639, aug=1278), val=160, acc=61.25%  [0.0s]
2026-04-30 23:15:29 | INFO     | cross_validation |   Fold 2/5: train=1917 (orig=639, aug=1278), val=160, acc=63.75%  [0.0s]
2026-04-30 23:15:29 | INFO     | cross_validation |   Fold 3/5: train=1917 (orig=639, aug=1278), val=160, acc=64.38%  [0.0s]
2026-04-30 23:15:29 | INFO     | cross_validation |   Fold 4/5: train=1917 (orig=639, aug=1278), val=160, acc=61.88%  [0.0s]
2026-04-30 23:15:29 | INFO     | cross_validation |   Fold 5/5: train=1920 (orig=640, aug=1280), val=159, acc=64.15%  [0.0s]
2026-04-30 23:15:29 | INFO     | cross_validation |   CV result: 63.08% ± 1.27%
2026-04-30 23:15:29 | INFO     | cross_validation |   Combo 6/20: {'n_neighbors': 6}
2026-04-30 23:15:29 | INFO     | cross_validation |   Fold 1/5: train=1917 (orig=639, aug=1278), val=160, acc=64.38%  [0.0s]
2026-04-30 23:15:29 | INFO     | cross_validation |   Fold 2/5: train=1917 (orig=639, aug=1278), val=160, acc=64.38%  [0.0s]
2026-04-30 23:15:29 | INFO     | cross_validation |   Fold 3/5: train=1917 (orig=639, aug=1278), val=160, acc=70.00%  [0.0s]
2026-04-30 23:15:29 | INFO     | cross_validation |   Fold 4/5: train=1917 (orig=639, aug=1278), val=160, acc=60.00%  [0.0s]
2026-04-30 23:15:29 | INFO     | cross_validation |   Fold 5/5: train=1920 (orig=640, aug=1280), val=159, acc=61.01%  [0.0s]
2026-04-30 23:15:29 | INFO     | cross_validation |   CV result: 63.95% ± 3.50%
2026-04-30 23:15:29 | INFO     | cross_validation |   Combo 7/20: {'n_neighbors': 7}
2026-04-30 23:15:29 | INFO     | cross_validation |   Fold 1/5: train=1917 (orig=639, aug=1278), val=160, acc=64.38%  [0.0s]
2026-04-30 23:15:29 | INFO     | cross_validation |   Fold 2/5: train=1917 (orig=639, aug=1278), val=160, acc=64.38%  [0.0s]
2026-04-30 23:15:29 | INFO     | cross_validation |   Fold 3/5: train=1917 (orig=639, aug=1278), val=160, acc=66.88%  [0.0s]
2026-04-30 23:15:29 | INFO     | cross_validation |   Fold 4/5: train=1917 (orig=639, aug=1278), val=160, acc=58.75%  [0.0s]
2026-04-30 23:15:29 | INFO     | cross_validation |   Fold 5/5: train=1920 (orig=640, aug=1280), val=159, acc=62.89%  [0.0s]
2026-04-30 23:15:29 | INFO     | cross_validation |   CV result: 63.45% ± 2.68%
2026-04-30 23:15:29 | INFO     | cross_validation |   Combo 8/20: {'n_neighbors': 8}
2026-04-30 23:15:29 | INFO     | cross_validation |   Fold 1/5: train=1917 (orig=639, aug=1278), val=160, acc=64.38%  [0.0s]
2026-04-30 23:15:29 | INFO     | cross_validation |   Fold 2/5: train=1917 (orig=639, aug=1278), val=160, acc=67.50%  [0.0s]
2026-04-30 23:15:29 | INFO     | cross_validation |   Fold 3/5: train=1917 (orig=639, aug=1278), val=160, acc=68.75%  [0.0s]
2026-04-30 23:15:29 | INFO     | cross_validation |   Fold 4/5: train=1917 (orig=639, aug=1278), val=160, acc=59.38%  [0.0s]
2026-04-30 23:15:29 | INFO     | cross_validation |   Fold 5/5: train=1920 (orig=640, aug=1280), val=159, acc=62.89%  [0.0s]
2026-04-30 23:15:29 | INFO     | cross_validation |   CV result: 64.58% ± 3.34%
2026-04-30 23:15:29 | INFO     | cross_validation |   Combo 9/20: {'n_neighbors': 9}
2026-04-30 23:15:29 | INFO     | cross_validation |   Fold 1/5: train=1917 (orig=639, aug=1278), val=160, acc=63.12%  [0.0s]
2026-04-30 23:15:29 | INFO     | cross_validation |   Fold 2/5: train=1917 (orig=639, aug=1278), val=160, acc=68.75%  [0.0s]
2026-04-30 23:15:29 | INFO     | cross_validation |   Fold 3/5: train=1917 (orig=639, aug=1278), val=160, acc=65.62%  [0.0s]
2026-04-30 23:15:29 | INFO     | cross_validation |   Fold 4/5: train=1917 (orig=639, aug=1278), val=160, acc=58.75%  [0.0s]
2026-04-30 23:15:29 | INFO     | cross_validation |   Fold 5/5: train=1920 (orig=640, aug=1280), val=159, acc=59.75%  [0.0s]
2026-04-30 23:15:29 | INFO     | cross_validation |   CV result: 63.20% ± 3.70%
2026-04-30 23:15:29 | INFO     | cross_validation |   Combo 10/20: {'n_neighbors': 10}
2026-04-30 23:15:29 | INFO     | cross_validation |   Fold 1/5: train=1917 (orig=639, aug=1278), val=160, acc=62.50%  [0.0s]
2026-04-30 23:15:29 | INFO     | cross_validation |   Fold 2/5: train=1917 (orig=639, aug=1278), val=160, acc=66.88%  [0.0s]
2026-04-30 23:15:29 | INFO     | cross_validation |   Fold 3/5: train=1917 (orig=639, aug=1278), val=160, acc=67.50%  [0.0s]
2026-04-30 23:15:29 | INFO     | cross_validation |   Fold 4/5: train=1917 (orig=639, aug=1278), val=160, acc=58.75%  [0.0s]
2026-04-30 23:15:29 | INFO     | cross_validation |   Fold 5/5: train=1920 (orig=640, aug=1280), val=159, acc=60.38%  [0.0s]
2026-04-30 23:15:29 | INFO     | cross_validation |   CV result: 63.20% ± 3.47%
2026-04-30 23:15:29 | INFO     | cross_validation |   Combo 11/20: {'n_neighbors': 11}
2026-04-30 23:15:29 | INFO     | cross_validation |   Fold 1/5: train=1917 (orig=639, aug=1278), val=160, acc=60.62%  [0.0s]
2026-04-30 23:15:29 | INFO     | cross_validation |   Fold 2/5: train=1917 (orig=639, aug=1278), val=160, acc=66.88%  [0.1s]
2026-04-30 23:15:29 | INFO     | cross_validation |   Fold 3/5: train=1917 (orig=639, aug=1278), val=160, acc=66.88%  [0.0s]
2026-04-30 23:15:29 | INFO     | cross_validation |   Fold 4/5: train=1917 (orig=639, aug=1278), val=160, acc=58.13%  [0.0s]
2026-04-30 23:15:29 | INFO     | cross_validation |   Fold 5/5: train=1920 (orig=640, aug=1280), val=159, acc=65.41%  [0.0s]
2026-04-30 23:15:29 | INFO     | cross_validation |   CV result: 63.58% ± 3.57%
2026-04-30 23:15:29 | INFO     | cross_validation |   Combo 12/20: {'n_neighbors': 12}
2026-04-30 23:15:29 | INFO     | cross_validation |   Fold 1/5: train=1917 (orig=639, aug=1278), val=160, acc=64.38%  [0.0s]
2026-04-30 23:15:29 | INFO     | cross_validation |   Fold 2/5: train=1917 (orig=639, aug=1278), val=160, acc=65.62%  [0.0s]
2026-04-30 23:15:29 | INFO     | cross_validation |   Fold 3/5: train=1917 (orig=639, aug=1278), val=160, acc=68.12%  [0.0s]
2026-04-30 23:15:29 | INFO     | cross_validation |   Fold 4/5: train=1917 (orig=639, aug=1278), val=160, acc=58.13%  [0.0s]
2026-04-30 23:15:29 | INFO     | cross_validation |   Fold 5/5: train=1920 (orig=640, aug=1280), val=159, acc=67.30%  [0.0s]
2026-04-30 23:15:29 | INFO     | cross_validation |   CV result: 64.71% ± 3.54%
2026-04-30 23:15:29 | INFO     | cross_validation |   Combo 13/20: {'n_neighbors': 13}
2026-04-30 23:15:29 | INFO     | cross_validation |   Fold 1/5: train=1917 (orig=639, aug=1278), val=160, acc=61.88%  [0.0s]
2026-04-30 23:15:29 | INFO     | cross_validation |   Fold 2/5: train=1917 (orig=639, aug=1278), val=160, acc=65.62%  [0.0s]
2026-04-30 23:15:29 | INFO     | cross_validation |   Fold 3/5: train=1917 (orig=639, aug=1278), val=160, acc=69.38%  [0.0s]
2026-04-30 23:15:29 | INFO     | cross_validation |   Fold 4/5: train=1917 (orig=639, aug=1278), val=160, acc=63.12%  [0.0s]
2026-04-30 23:15:29 | INFO     | cross_validation |   Fold 5/5: train=1920 (orig=640, aug=1280), val=159, acc=62.89%  [0.0s]
2026-04-30 23:15:29 | INFO     | cross_validation |   CV result: 64.58% ± 2.70%
2026-04-30 23:15:29 | INFO     | cross_validation |   Combo 14/20: {'n_neighbors': 14}
2026-04-30 23:15:29 | INFO     | cross_validation |   Fold 1/5: train=1917 (orig=639, aug=1278), val=160, acc=63.75%  [0.0s]
2026-04-30 23:15:29 | INFO     | cross_validation |   Fold 2/5: train=1917 (orig=639, aug=1278), val=160, acc=64.38%  [0.0s]
2026-04-30 23:15:29 | INFO     | cross_validation |   Fold 3/5: train=1917 (orig=639, aug=1278), val=160, acc=66.88%  [0.0s]
2026-04-30 23:15:30 | INFO     | cross_validation |   Fold 4/5: train=1917 (orig=639, aug=1278), val=160, acc=64.38%  [0.0s]
2026-04-30 23:15:30 | INFO     | cross_validation |   Fold 5/5: train=1920 (orig=640, aug=1280), val=159, acc=64.78%  [0.0s]
2026-04-30 23:15:30 | INFO     | cross_validation |   CV result: 64.83% ± 1.07%
2026-04-30 23:15:30 | INFO     | cross_validation |   Combo 15/20: {'n_neighbors': 15}
2026-04-30 23:15:30 | INFO     | cross_validation |   Fold 1/5: train=1917 (orig=639, aug=1278), val=160, acc=64.38%  [0.0s]
2026-04-30 23:15:30 | INFO     | cross_validation |   Fold 2/5: train=1917 (orig=639, aug=1278), val=160, acc=66.88%  [0.0s]
2026-04-30 23:15:30 | INFO     | cross_validation |   Fold 3/5: train=1917 (orig=639, aug=1278), val=160, acc=67.50%  [0.0s]
2026-04-30 23:15:30 | INFO     | cross_validation |   Fold 4/5: train=1917 (orig=639, aug=1278), val=160, acc=63.75%  [0.0s]
2026-04-30 23:15:30 | INFO     | cross_validation |   Fold 5/5: train=1920 (orig=640, aug=1280), val=159, acc=66.04%  [0.0s]
2026-04-30 23:15:30 | INFO     | cross_validation |   CV result: 65.71% ± 1.43%
2026-04-30 23:15:30 | INFO     | cross_validation |   Combo 16/20: {'n_neighbors': 16}
2026-04-30 23:15:30 | INFO     | cross_validation |   Fold 1/5: train=1917 (orig=639, aug=1278), val=160, acc=65.00%  [0.0s]
2026-04-30 23:15:30 | INFO     | cross_validation |   Fold 2/5: train=1917 (orig=639, aug=1278), val=160, acc=66.25%  [0.0s]
2026-04-30 23:15:30 | INFO     | cross_validation |   Fold 3/5: train=1917 (orig=639, aug=1278), val=160, acc=66.88%  [0.0s]
2026-04-30 23:15:30 | INFO     | cross_validation |   Fold 4/5: train=1917 (orig=639, aug=1278), val=160, acc=63.75%  [0.0s]
2026-04-30 23:15:30 | INFO     | cross_validation |   Fold 5/5: train=1920 (orig=640, aug=1280), val=159, acc=64.78%  [0.0s]
2026-04-30 23:15:30 | INFO     | cross_validation |   CV result: 65.33% ± 1.11%
2026-04-30 23:15:30 | INFO     | cross_validation |   Combo 17/20: {'n_neighbors': 17}
2026-04-30 23:15:30 | INFO     | cross_validation |   Fold 1/5: train=1917 (orig=639, aug=1278), val=160, acc=65.62%  [0.0s]
2026-04-30 23:15:30 | INFO     | cross_validation |   Fold 2/5: train=1917 (orig=639, aug=1278), val=160, acc=68.12%  [0.0s]
2026-04-30 23:15:30 | INFO     | cross_validation |   Fold 3/5: train=1917 (orig=639, aug=1278), val=160, acc=69.38%  [0.0s]
2026-04-30 23:15:30 | INFO     | cross_validation |   Fold 4/5: train=1917 (orig=639, aug=1278), val=160, acc=62.50%  [0.0s]
2026-04-30 23:15:30 | INFO     | cross_validation |   Fold 5/5: train=1920 (orig=640, aug=1280), val=159, acc=65.41%  [0.0s]
2026-04-30 23:15:30 | INFO     | cross_validation |   CV result: 66.21% ± 2.38%
2026-04-30 23:15:30 | INFO     | cross_validation |   Combo 18/20: {'n_neighbors': 18}
2026-04-30 23:15:30 | INFO     | cross_validation |   Fold 1/5: train=1917 (orig=639, aug=1278), val=160, acc=65.62%  [0.0s]
2026-04-30 23:15:30 | INFO     | cross_validation |   Fold 2/5: train=1917 (orig=639, aug=1278), val=160, acc=68.12%  [0.0s]
2026-04-30 23:15:30 | INFO     | cross_validation |   Fold 3/5: train=1917 (orig=639, aug=1278), val=160, acc=69.38%  [0.0s]
2026-04-30 23:15:30 | INFO     | cross_validation |   Fold 4/5: train=1917 (orig=639, aug=1278), val=160, acc=63.75%  [0.0s]
2026-04-30 23:15:30 | INFO     | cross_validation |   Fold 5/5: train=1920 (orig=640, aug=1280), val=159, acc=67.30%  [0.0s]
2026-04-30 23:15:30 | INFO     | cross_validation |   CV result: 66.83% ± 1.97%
2026-04-30 23:15:30 | INFO     | cross_validation |   Combo 19/20: {'n_neighbors': 19}
2026-04-30 23:15:30 | INFO     | cross_validation |   Fold 1/5: train=1917 (orig=639, aug=1278), val=160, acc=67.50%  [0.0s]
2026-04-30 23:15:30 | INFO     | cross_validation |   Fold 2/5: train=1917 (orig=639, aug=1278), val=160, acc=68.12%  [0.0s]
2026-04-30 23:15:30 | INFO     | cross_validation |   Fold 3/5: train=1917 (orig=639, aug=1278), val=160, acc=68.12%  [0.0s]
2026-04-30 23:15:30 | INFO     | cross_validation |   Fold 4/5: train=1917 (orig=639, aug=1278), val=160, acc=62.50%  [0.0s]
2026-04-30 23:15:30 | INFO     | cross_validation |   Fold 5/5: train=1920 (orig=640, aug=1280), val=159, acc=67.30%  [0.0s]
2026-04-30 23:15:30 | INFO     | cross_validation |   CV result: 66.71% ± 2.13%
2026-04-30 23:15:30 | INFO     | cross_validation |   Combo 20/20: {'n_neighbors': 20}
2026-04-30 23:15:30 | INFO     | cross_validation |   Fold 1/5: train=1917 (orig=639, aug=1278), val=160, acc=66.88%  [0.0s]
2026-04-30 23:15:30 | INFO     | cross_validation |   Fold 2/5: train=1917 (orig=639, aug=1278), val=160, acc=66.25%  [0.0s]
2026-04-30 23:15:30 | INFO     | cross_validation |   Fold 3/5: train=1917 (orig=639, aug=1278), val=160, acc=70.62%  [0.0s]
2026-04-30 23:15:30 | INFO     | cross_validation |   Fold 4/5: train=1917 (orig=639, aug=1278), val=160, acc=61.25%  [0.0s]
2026-04-30 23:15:30 | INFO     | cross_validation |   Fold 5/5: train=1920 (orig=640, aug=1280), val=159, acc=65.41%  [0.0s]
2026-04-30 23:15:30 | INFO     | cross_validation |   CV result: 66.08% ± 3.00%
2026-04-30 23:15:30 | INFO     | cross_validation |   Best params: {'n_neighbors': 18}
2026-04-30 23:15:30 | INFO     | cross_validation |   Best CV: 66.83% ± 1.97%
2026-04-30 23:15:30 | INFO     | cross_validation | ✓ grid_search_cv finished in 1.6s
2026-04-30 23:15:30 | INFO     | main | ────────────────────────────────────────────────────────────
2026-04-30 23:15:30 | INFO     | main |   KNN [pca]
2026-04-30 23:15:30 | INFO     | main | ────────────────────────────────────────────────────────────
2026-04-30 23:15:30 | INFO     | cross_validation | → grid_search_cv started
2026-04-30 23:15:30 | INFO     | cross_validation | Grid search: 20 parameter combinations × 5 folds
2026-04-30 23:15:30 | INFO     | cross_validation |   Combo 1/20: {'n_neighbors': 1}
2026-04-30 23:15:30 | INFO     | cross_validation |   Fold 1/5: train=1917 (orig=639, aug=1278), val=160, acc=56.88%  [0.2s]
2026-04-30 23:15:30 | INFO     | cross_validation |   Fold 2/5: train=1917 (orig=639, aug=1278), val=160, acc=60.62%  [0.2s]
2026-04-30 23:15:30 | INFO     | cross_validation |   Fold 3/5: train=1917 (orig=639, aug=1278), val=160, acc=61.88%  [0.2s]
2026-04-30 23:15:31 | INFO     | cross_validation |   Fold 4/5: train=1917 (orig=639, aug=1278), val=160, acc=57.50%  [0.2s]
2026-04-30 23:15:31 | INFO     | cross_validation |   Fold 5/5: train=1920 (orig=640, aug=1280), val=159, acc=54.72%  [0.2s]
2026-04-30 23:15:31 | INFO     | cross_validation |   CV result: 58.32% ± 2.60%
2026-04-30 23:15:31 | INFO     | cross_validation |   Combo 2/20: {'n_neighbors': 2}
2026-04-30 23:15:31 | INFO     | cross_validation |   Fold 1/5: train=1917 (orig=639, aug=1278), val=160, acc=58.75%  [0.1s]
2026-04-30 23:15:31 | INFO     | cross_validation |   Fold 2/5: train=1917 (orig=639, aug=1278), val=160, acc=60.62%  [0.2s]
2026-04-30 23:15:31 | INFO     | cross_validation |   Fold 3/5: train=1917 (orig=639, aug=1278), val=160, acc=63.12%  [0.2s]
2026-04-30 23:15:31 | INFO     | cross_validation |   Fold 4/5: train=1917 (orig=639, aug=1278), val=160, acc=61.88%  [0.2s]
2026-04-30 23:15:32 | INFO     | cross_validation |   Fold 5/5: train=1920 (orig=640, aug=1280), val=159, acc=57.86%  [0.1s]
2026-04-30 23:15:32 | INFO     | cross_validation |   CV result: 60.45% ± 1.94%
2026-04-30 23:15:32 | INFO     | cross_validation |   Combo 3/20: {'n_neighbors': 3}
2026-04-30 23:15:32 | INFO     | cross_validation |   Fold 1/5: train=1917 (orig=639, aug=1278), val=160, acc=61.88%  [0.2s]
2026-04-30 23:15:32 | INFO     | cross_validation |   Fold 2/5: train=1917 (orig=639, aug=1278), val=160, acc=62.50%  [0.2s]
2026-04-30 23:15:32 | INFO     | cross_validation |   Fold 3/5: train=1917 (orig=639, aug=1278), val=160, acc=64.38%  [0.2s]
2026-04-30 23:15:35 | INFO     | cross_validation |   Fold 4/5: train=1917 (orig=639, aug=1278), val=160, acc=54.37%  [0.2s]
2026-04-30 23:15:35 | INFO     | cross_validation |   Fold 5/5: train=1920 (orig=640, aug=1280), val=159, acc=61.01%  [0.1s]
2026-04-30 23:15:35 | INFO     | cross_validation |   CV result: 60.83% ± 3.41%
2026-04-30 23:15:35 | INFO     | cross_validation |   Combo 4/20: {'n_neighbors': 4}
2026-04-30 23:15:35 | INFO     | cross_validation |   Fold 1/5: train=1917 (orig=639, aug=1278), val=160, acc=62.50%  [0.1s]
2026-04-30 23:15:35 | INFO     | cross_validation |   Fold 2/5: train=1917 (orig=639, aug=1278), val=160, acc=63.75%  [0.2s]
2026-04-30 23:15:35 | INFO     | cross_validation |   Fold 3/5: train=1917 (orig=639, aug=1278), val=160, acc=67.50%  [0.2s]
2026-04-30 23:15:36 | INFO     | cross_validation |   Fold 4/5: train=1917 (orig=639, aug=1278), val=160, acc=55.62%  [0.2s]
2026-04-30 23:15:36 | INFO     | cross_validation |   Fold 5/5: train=1920 (orig=640, aug=1280), val=159, acc=62.89%  [0.2s]
2026-04-30 23:15:36 | INFO     | cross_validation |   CV result: 62.45% ± 3.85%
2026-04-30 23:15:36 | INFO     | cross_validation |   Combo 5/20: {'n_neighbors': 5}
2026-04-30 23:15:36 | INFO     | cross_validation |   Fold 1/5: train=1917 (orig=639, aug=1278), val=160, acc=59.38%  [0.2s]
2026-04-30 23:15:36 | INFO     | cross_validation |   Fold 2/5: train=1917 (orig=639, aug=1278), val=160, acc=63.75%  [0.2s]
2026-04-30 23:15:36 | INFO     | cross_validation |   Fold 3/5: train=1917 (orig=639, aug=1278), val=160, acc=65.00%  [0.1s]
2026-04-30 23:15:36 | INFO     | cross_validation |   Fold 4/5: train=1917 (orig=639, aug=1278), val=160, acc=56.25%  [0.2s]
2026-04-30 23:15:37 | INFO     | cross_validation |   Fold 5/5: train=1920 (orig=640, aug=1280), val=159, acc=64.15%  [0.1s]
2026-04-30 23:15:37 | INFO     | cross_validation |   CV result: 61.71% ± 3.35%
2026-04-30 23:15:37 | INFO     | cross_validation |   Combo 6/20: {'n_neighbors': 6}
2026-04-30 23:15:37 | INFO     | cross_validation |   Fold 1/5: train=1917 (orig=639, aug=1278), val=160, acc=60.00%  [0.2s]
2026-04-30 23:15:37 | INFO     | cross_validation |   Fold 2/5: train=1917 (orig=639, aug=1278), val=160, acc=63.75%  [0.2s]
2026-04-30 23:15:37 | INFO     | cross_validation |   Fold 3/5: train=1917 (orig=639, aug=1278), val=160, acc=65.00%  [0.2s]
2026-04-30 23:15:37 | INFO     | cross_validation |   Fold 4/5: train=1917 (orig=639, aug=1278), val=160, acc=57.50%  [0.2s]
2026-04-30 23:15:37 | INFO     | cross_validation |   Fold 5/5: train=1920 (orig=640, aug=1280), val=159, acc=61.64%  [0.1s]
2026-04-30 23:15:37 | INFO     | cross_validation |   CV result: 61.58% ± 2.67%
2026-04-30 23:15:37 | INFO     | cross_validation |   Combo 7/20: {'n_neighbors': 7}
2026-04-30 23:15:38 | INFO     | cross_validation |   Fold 1/5: train=1917 (orig=639, aug=1278), val=160, acc=58.75%  [0.2s]
2026-04-30 23:15:38 | INFO     | cross_validation |   Fold 2/5: train=1917 (orig=639, aug=1278), val=160, acc=66.88%  [0.1s]
2026-04-30 23:15:38 | INFO     | cross_validation |   Fold 3/5: train=1917 (orig=639, aug=1278), val=160, acc=63.12%  [0.2s]
2026-04-30 23:15:38 | INFO     | cross_validation |   Fold 4/5: train=1917 (orig=639, aug=1278), val=160, acc=53.12%  [0.2s]
2026-04-30 23:15:38 | INFO     | cross_validation |   Fold 5/5: train=1920 (orig=640, aug=1280), val=159, acc=61.64%  [0.2s]
2026-04-30 23:15:38 | INFO     | cross_validation |   CV result: 60.70% ± 4.61%
2026-04-30 23:15:38 | INFO     | cross_validation |   Combo 8/20: {'n_neighbors': 8}
2026-04-30 23:15:38 | INFO     | cross_validation |   Fold 1/5: train=1917 (orig=639, aug=1278), val=160, acc=58.75%  [0.1s]
2026-04-30 23:15:39 | INFO     | cross_validation |   Fold 2/5: train=1917 (orig=639, aug=1278), val=160, acc=63.75%  [0.2s]
2026-04-30 23:15:39 | INFO     | cross_validation |   Fold 3/5: train=1917 (orig=639, aug=1278), val=160, acc=63.75%  [0.2s]
2026-04-30 23:15:39 | INFO     | cross_validation |   Fold 4/5: train=1917 (orig=639, aug=1278), val=160, acc=57.50%  [0.2s]
2026-04-30 23:15:39 | INFO     | cross_validation |   Fold 5/5: train=1920 (orig=640, aug=1280), val=159, acc=59.75%  [0.1s]
2026-04-30 23:15:39 | INFO     | cross_validation |   CV result: 60.70% ± 2.59%
2026-04-30 23:15:39 | INFO     | cross_validation |   Combo 9/20: {'n_neighbors': 9}
2026-04-30 23:15:39 | INFO     | cross_validation |   Fold 1/5: train=1917 (orig=639, aug=1278), val=160, acc=58.75%  [0.2s]
2026-04-30 23:15:39 | INFO     | cross_validation |   Fold 2/5: train=1917 (orig=639, aug=1278), val=160, acc=64.38%  [0.2s]
2026-04-30 23:15:40 | INFO     | cross_validation |   Fold 3/5: train=1917 (orig=639, aug=1278), val=160, acc=63.75%  [0.2s]
2026-04-30 23:15:40 | INFO     | cross_validation |   Fold 4/5: train=1917 (orig=639, aug=1278), val=160, acc=59.38%  [0.2s]
2026-04-30 23:15:40 | INFO     | cross_validation |   Fold 5/5: train=1920 (orig=640, aug=1280), val=159, acc=62.26%  [0.2s]
2026-04-30 23:15:40 | INFO     | cross_validation |   CV result: 61.70% ± 2.27%
2026-04-30 23:15:40 | INFO     | cross_validation |   Combo 10/20: {'n_neighbors': 10}
2026-04-30 23:15:40 | INFO     | cross_validation |   Fold 1/5: train=1917 (orig=639, aug=1278), val=160, acc=61.88%  [0.2s]
2026-04-30 23:15:40 | INFO     | cross_validation |   Fold 2/5: train=1917 (orig=639, aug=1278), val=160, acc=66.88%  [0.2s]
2026-04-30 23:15:41 | INFO     | cross_validation |   Fold 3/5: train=1917 (orig=639, aug=1278), val=160, acc=66.25%  [0.2s]
2026-04-30 23:15:41 | INFO     | cross_validation |   Fold 4/5: train=1917 (orig=639, aug=1278), val=160, acc=58.75%  [0.2s]
2026-04-30 23:15:41 | INFO     | cross_validation |   Fold 5/5: train=1920 (orig=640, aug=1280), val=159, acc=62.89%  [0.2s]
2026-04-30 23:15:41 | INFO     | cross_validation |   CV result: 63.33% ± 2.98%
2026-04-30 23:15:41 | INFO     | cross_validation |   Combo 11/20: {'n_neighbors': 11}
2026-04-30 23:15:41 | INFO     | cross_validation |   Fold 1/5: train=1917 (orig=639, aug=1278), val=160, acc=63.12%  [0.1s]
2026-04-30 23:15:41 | INFO     | cross_validation |   Fold 2/5: train=1917 (orig=639, aug=1278), val=160, acc=66.88%  [0.2s]
2026-04-30 23:15:41 | INFO     | cross_validation |   Fold 3/5: train=1917 (orig=639, aug=1278), val=160, acc=65.62%  [0.2s]
2026-04-30 23:15:42 | INFO     | cross_validation |   Fold 4/5: train=1917 (orig=639, aug=1278), val=160, acc=58.75%  [0.2s]
2026-04-30 23:15:42 | INFO     | cross_validation |   Fold 5/5: train=1920 (orig=640, aug=1280), val=159, acc=63.52%  [0.1s]
2026-04-30 23:15:42 | INFO     | cross_validation |   CV result: 63.58% ± 2.78%
2026-04-30 23:15:42 | INFO     | cross_validation |   Combo 12/20: {'n_neighbors': 12}
2026-04-30 23:15:42 | INFO     | cross_validation |   Fold 1/5: train=1917 (orig=639, aug=1278), val=160, acc=68.75%  [0.2s]
2026-04-30 23:15:42 | INFO     | cross_validation |   Fold 2/5: train=1917 (orig=639, aug=1278), val=160, acc=64.38%  [0.2s]
2026-04-30 23:15:42 | INFO     | cross_validation |   Fold 3/5: train=1917 (orig=639, aug=1278), val=160, acc=68.12%  [0.2s]
2026-04-30 23:15:42 | INFO     | cross_validation |   Fold 4/5: train=1917 (orig=639, aug=1278), val=160, acc=57.50%  [0.2s]
2026-04-30 23:15:43 | INFO     | cross_validation |   Fold 5/5: train=1920 (orig=640, aug=1280), val=159, acc=64.78%  [0.2s]
2026-04-30 23:15:43 | INFO     | cross_validation |   CV result: 64.71% ± 4.00%
2026-04-30 23:15:43 | INFO     | cross_validation |   Combo 13/20: {'n_neighbors': 13}
2026-04-30 23:15:43 | INFO     | cross_validation |   Fold 1/5: train=1917 (orig=639, aug=1278), val=160, acc=65.62%  [0.2s]
2026-04-30 23:15:43 | INFO     | cross_validation |   Fold 2/5: train=1917 (orig=639, aug=1278), val=160, acc=66.25%  [0.2s]
2026-04-30 23:15:43 | INFO     | cross_validation |   Fold 3/5: train=1917 (orig=639, aug=1278), val=160, acc=69.38%  [0.2s]
2026-04-30 23:15:43 | INFO     | cross_validation |   Fold 4/5: train=1917 (orig=639, aug=1278), val=160, acc=56.25%  [0.2s]
2026-04-30 23:15:44 | INFO     | cross_validation |   Fold 5/5: train=1920 (orig=640, aug=1280), val=159, acc=65.41%  [0.2s]
2026-04-30 23:15:44 | INFO     | cross_validation |   CV result: 64.58% ± 4.40%
2026-04-30 23:15:44 | INFO     | cross_validation |   Combo 14/20: {'n_neighbors': 14}
2026-04-30 23:15:44 | INFO     | cross_validation |   Fold 1/5: train=1917 (orig=639, aug=1278), val=160, acc=63.75%  [0.1s]
2026-04-30 23:15:44 | INFO     | cross_validation |   Fold 2/5: train=1917 (orig=639, aug=1278), val=160, acc=65.00%  [0.1s]
2026-04-30 23:15:44 | INFO     | cross_validation |   Fold 3/5: train=1917 (orig=639, aug=1278), val=160, acc=68.75%  [0.2s]
2026-04-30 23:15:44 | INFO     | cross_validation |   Fold 4/5: train=1917 (orig=639, aug=1278), val=160, acc=58.75%  [0.2s]
2026-04-30 23:15:44 | INFO     | cross_validation |   Fold 5/5: train=1920 (orig=640, aug=1280), val=159, acc=66.04%  [0.2s]
2026-04-30 23:15:44 | INFO     | cross_validation |   CV result: 64.46% ± 3.30%
2026-04-30 23:15:44 | INFO     | cross_validation |   Combo 15/20: {'n_neighbors': 15}
2026-04-30 23:15:44 | INFO     | cross_validation |   Fold 1/5: train=1917 (orig=639, aug=1278), val=160, acc=63.75%  [0.2s]
2026-04-30 23:15:45 | INFO     | cross_validation |   Fold 2/5: train=1917 (orig=639, aug=1278), val=160, acc=64.38%  [0.1s]
2026-04-30 23:15:45 | INFO     | cross_validation |   Fold 3/5: train=1917 (orig=639, aug=1278), val=160, acc=65.00%  [0.1s]
2026-04-30 23:15:45 | INFO     | cross_validation |   Fold 4/5: train=1917 (orig=639, aug=1278), val=160, acc=57.50%  [0.1s]
2026-04-30 23:15:45 | INFO     | cross_validation |   Fold 5/5: train=1920 (orig=640, aug=1280), val=159, acc=65.41%  [0.3s]
2026-04-30 23:15:45 | INFO     | cross_validation |   CV result: 63.21% ± 2.91%
2026-04-30 23:15:45 | INFO     | cross_validation |   Combo 16/20: {'n_neighbors': 16}
2026-04-30 23:15:45 | INFO     | cross_validation |   Fold 1/5: train=1917 (orig=639, aug=1278), val=160, acc=65.62%  [0.1s]
2026-04-30 23:15:45 | INFO     | cross_validation |   Fold 2/5: train=1917 (orig=639, aug=1278), val=160, acc=63.12%  [0.1s]
2026-04-30 23:15:46 | INFO     | cross_validation |   Fold 3/5: train=1917 (orig=639, aug=1278), val=160, acc=66.25%  [0.2s]
2026-04-30 23:15:46 | INFO     | cross_validation |   Fold 4/5: train=1917 (orig=639, aug=1278), val=160, acc=56.88%  [0.1s]
2026-04-30 23:15:46 | INFO     | cross_validation |   Fold 5/5: train=1920 (orig=640, aug=1280), val=159, acc=64.15%  [0.1s]
2026-04-30 23:15:46 | INFO     | cross_validation |   CV result: 63.21% ± 3.35%
2026-04-30 23:15:46 | INFO     | cross_validation |   Combo 17/20: {'n_neighbors': 17}
2026-04-30 23:15:46 | INFO     | cross_validation |   Fold 1/5: train=1917 (orig=639, aug=1278), val=160, acc=63.75%  [0.1s]
2026-04-30 23:15:46 | INFO     | cross_validation |   Fold 2/5: train=1917 (orig=639, aug=1278), val=160, acc=64.38%  [0.2s]
2026-04-30 23:15:46 | INFO     | cross_validation |   Fold 3/5: train=1917 (orig=639, aug=1278), val=160, acc=66.25%  [0.1s]
2026-04-30 23:15:47 | INFO     | cross_validation |   Fold 4/5: train=1917 (orig=639, aug=1278), val=160, acc=58.75%  [0.2s]
2026-04-30 23:15:47 | INFO     | cross_validation |   Fold 5/5: train=1920 (orig=640, aug=1280), val=159, acc=63.52%  [0.1s]
2026-04-30 23:15:47 | INFO     | cross_validation |   CV result: 63.33% ± 2.48%
2026-04-30 23:15:47 | INFO     | cross_validation |   Combo 18/20: {'n_neighbors': 18}
2026-04-30 23:15:47 | INFO     | cross_validation |   Fold 1/5: train=1917 (orig=639, aug=1278), val=160, acc=65.00%  [0.1s]
2026-04-30 23:15:47 | INFO     | cross_validation |   Fold 2/5: train=1917 (orig=639, aug=1278), val=160, acc=65.00%  [0.3s]
2026-04-30 23:15:47 | INFO     | cross_validation |   Fold 3/5: train=1917 (orig=639, aug=1278), val=160, acc=66.88%  [0.2s]
2026-04-30 23:15:47 | INFO     | cross_validation |   Fold 4/5: train=1917 (orig=639, aug=1278), val=160, acc=60.00%  [0.2s]
2026-04-30 23:15:48 | INFO     | cross_validation |   Fold 5/5: train=1920 (orig=640, aug=1280), val=159, acc=63.52%  [0.2s]
2026-04-30 23:15:48 | INFO     | cross_validation |   CV result: 64.08% ± 2.30%
2026-04-30 23:15:48 | INFO     | cross_validation |   Combo 19/20: {'n_neighbors': 19}
2026-04-30 23:15:48 | INFO     | cross_validation |   Fold 1/5: train=1917 (orig=639, aug=1278), val=160, acc=64.38%  [0.2s]
2026-04-30 23:15:48 | INFO     | cross_validation |   Fold 2/5: train=1917 (orig=639, aug=1278), val=160, acc=66.25%  [0.2s]
2026-04-30 23:15:48 | INFO     | cross_validation |   Fold 3/5: train=1917 (orig=639, aug=1278), val=160, acc=65.62%  [0.1s]
2026-04-30 23:15:48 | INFO     | cross_validation |   Fold 4/5: train=1917 (orig=639, aug=1278), val=160, acc=61.88%  [0.2s]
2026-04-30 23:15:48 | INFO     | cross_validation |   Fold 5/5: train=1920 (orig=640, aug=1280), val=159, acc=64.15%  [0.1s]
2026-04-30 23:15:48 | INFO     | cross_validation |   CV result: 64.46% ± 1.51%
2026-04-30 23:15:48 | INFO     | cross_validation |   Combo 20/20: {'n_neighbors': 20}
2026-04-30 23:15:49 | INFO     | cross_validation |   Fold 1/5: train=1917 (orig=639, aug=1278), val=160, acc=63.75%  [0.2s]
2026-04-30 23:15:49 | INFO     | cross_validation |   Fold 2/5: train=1917 (orig=639, aug=1278), val=160, acc=65.62%  [0.2s]
2026-04-30 23:15:49 | INFO     | cross_validation |   Fold 3/5: train=1917 (orig=639, aug=1278), val=160, acc=68.75%  [0.2s]
2026-04-30 23:15:49 | INFO     | cross_validation |   Fold 4/5: train=1917 (orig=639, aug=1278), val=160, acc=61.25%  [0.1s]
2026-04-30 23:15:49 | INFO     | cross_validation |   Fold 5/5: train=1920 (orig=640, aug=1280), val=159, acc=65.41%  [0.2s]
2026-04-30 23:15:49 | INFO     | cross_validation |   CV result: 64.96% ± 2.46%
2026-04-30 23:15:49 | INFO     | cross_validation |   Best params: {'n_neighbors': 20}
2026-04-30 23:15:49 | INFO     | cross_validation |   Best CV: 64.96% ± 2.46%
2026-04-30 23:15:49 | INFO     | cross_validation | ✓ grid_search_cv finished in 16.6s
2026-04-30 23:15:49 | INFO     | main | ────────────────────────────────────────────────────────────
2026-04-30 23:15:49 | INFO     | main |   KNN [lda]
2026-04-30 23:15:49 | INFO     | main | ────────────────────────────────────────────────────────────
2026-04-30 23:15:49 | INFO     | cross_validation | → grid_search_cv started
2026-04-30 23:15:49 | INFO     | cross_validation | Grid search: 20 parameter combinations × 5 folds
2026-04-30 23:15:49 | INFO     | cross_validation |   Combo 1/20: {'n_neighbors': 1}
2026-04-30 23:15:49 | INFO     | cross_validation |   Fold 1/5: train=1917 (orig=639, aug=1278), val=160, acc=68.12%  [0.1s]
2026-04-30 23:15:49 | INFO     | cross_validation |   Fold 2/5: train=1917 (orig=639, aug=1278), val=160, acc=66.25%  [0.1s]
2026-04-30 23:15:49 | INFO     | cross_validation |   Fold 3/5: train=1917 (orig=639, aug=1278), val=160, acc=68.12%  [0.1s]
2026-04-30 23:15:50 | INFO     | cross_validation |   Fold 4/5: train=1917 (orig=639, aug=1278), val=160, acc=72.50%  [0.1s]
2026-04-30 23:15:50 | INFO     | cross_validation |   Fold 5/5: train=1920 (orig=640, aug=1280), val=159, acc=71.70%  [0.1s]
2026-04-30 23:15:50 | INFO     | cross_validation |   CV result: 69.34% ± 2.37%
2026-04-30 23:15:50 | INFO     | cross_validation |   Combo 2/20: {'n_neighbors': 2}
2026-04-30 23:15:50 | INFO     | cross_validation |   Fold 1/5: train=1917 (orig=639, aug=1278), val=160, acc=64.38%  [0.1s]
2026-04-30 23:15:50 | INFO     | cross_validation |   Fold 2/5: train=1917 (orig=639, aug=1278), val=160, acc=65.62%  [0.1s]
2026-04-30 23:15:50 | INFO     | cross_validation |   Fold 3/5: train=1917 (orig=639, aug=1278), val=160, acc=71.88%  [0.1s]
2026-04-30 23:15:50 | INFO     | cross_validation |   Fold 4/5: train=1917 (orig=639, aug=1278), val=160, acc=71.25%  [0.1s]
2026-04-30 23:15:50 | INFO     | cross_validation |   Fold 5/5: train=1920 (orig=640, aug=1280), val=159, acc=71.07%  [0.1s]
2026-04-30 23:15:50 | INFO     | cross_validation |   CV result: 68.84% ± 3.17%
2026-04-30 23:15:50 | INFO     | cross_validation |   Combo 3/20: {'n_neighbors': 3}
2026-04-30 23:15:50 | INFO     | cross_validation |   Fold 1/5: train=1917 (orig=639, aug=1278), val=160, acc=68.12%  [0.1s]
2026-04-30 23:15:50 | INFO     | cross_validation |   Fold 2/5: train=1917 (orig=639, aug=1278), val=160, acc=66.25%  [0.1s]
2026-04-30 23:15:51 | INFO     | cross_validation |   Fold 3/5: train=1917 (orig=639, aug=1278), val=160, acc=71.88%  [0.1s]
2026-04-30 23:15:51 | INFO     | cross_validation |   Fold 4/5: train=1917 (orig=639, aug=1278), val=160, acc=75.62%  [0.1s]
2026-04-30 23:15:51 | INFO     | cross_validation |   Fold 5/5: train=1920 (orig=640, aug=1280), val=159, acc=72.33%  [0.1s]
2026-04-30 23:15:51 | INFO     | cross_validation |   CV result: 70.84% ± 3.31%
2026-04-30 23:15:51 | INFO     | cross_validation |   Combo 4/20: {'n_neighbors': 4}
2026-04-30 23:15:51 | INFO     | cross_validation |   Fold 1/5: train=1917 (orig=639, aug=1278), val=160, acc=65.00%  [0.1s]
2026-04-30 23:15:51 | INFO     | cross_validation |   Fold 2/5: train=1917 (orig=639, aug=1278), val=160, acc=68.75%  [0.1s]
2026-04-30 23:15:51 | INFO     | cross_validation |   Fold 3/5: train=1917 (orig=639, aug=1278), val=160, acc=73.12%  [0.1s]
2026-04-30 23:15:51 | INFO     | cross_validation |   Fold 4/5: train=1917 (orig=639, aug=1278), val=160, acc=73.12%  [0.1s]
2026-04-30 23:15:51 | INFO     | cross_validation |   Fold 5/5: train=1920 (orig=640, aug=1280), val=159, acc=72.96%  [0.1s]
2026-04-30 23:15:51 | INFO     | cross_validation |   CV result: 70.59% ± 3.26%
2026-04-30 23:15:51 | INFO     | cross_validation |   Combo 5/20: {'n_neighbors': 5}
2026-04-30 23:15:52 | INFO     | cross_validation |   Fold 1/5: train=1917 (orig=639, aug=1278), val=160, acc=66.25%  [0.1s]
2026-04-30 23:15:52 | INFO     | cross_validation |   Fold 2/5: train=1917 (orig=639, aug=1278), val=160, acc=70.00%  [0.1s]
2026-04-30 23:15:52 | INFO     | cross_validation |   Fold 3/5: train=1917 (orig=639, aug=1278), val=160, acc=75.00%  [0.1s]
2026-04-30 23:15:52 | INFO     | cross_validation |   Fold 4/5: train=1917 (orig=639, aug=1278), val=160, acc=73.75%  [0.1s]
2026-04-30 23:15:52 | INFO     | cross_validation |   Fold 5/5: train=1920 (orig=640, aug=1280), val=159, acc=72.33%  [0.1s]
2026-04-30 23:15:52 | INFO     | cross_validation |   CV result: 71.47% ± 3.09%
2026-04-30 23:15:52 | INFO     | cross_validation |   Combo 6/20: {'n_neighbors': 6}
2026-04-30 23:15:52 | INFO     | cross_validation |   Fold 1/5: train=1917 (orig=639, aug=1278), val=160, acc=66.88%  [0.1s]
2026-04-30 23:15:52 | INFO     | cross_validation |   Fold 2/5: train=1917 (orig=639, aug=1278), val=160, acc=70.00%  [0.1s]
2026-04-30 23:15:52 | INFO     | cross_validation |   Fold 3/5: train=1917 (orig=639, aug=1278), val=160, acc=75.00%  [0.1s]
2026-04-30 23:15:52 | INFO     | cross_validation |   Fold 4/5: train=1917 (orig=639, aug=1278), val=160, acc=75.00%  [0.1s]
2026-04-30 23:15:53 | INFO     | cross_validation |   Fold 5/5: train=1920 (orig=640, aug=1280), val=159, acc=73.58%  [0.1s]
2026-04-30 23:15:53 | INFO     | cross_validation |   CV result: 72.09% ± 3.19%
2026-04-30 23:15:53 | INFO     | cross_validation |   Combo 7/20: {'n_neighbors': 7}
2026-04-30 23:15:53 | INFO     | cross_validation |   Fold 1/5: train=1917 (orig=639, aug=1278), val=160, acc=68.75%  [0.1s]
2026-04-30 23:15:53 | INFO     | cross_validation |   Fold 2/5: train=1917 (orig=639, aug=1278), val=160, acc=68.75%  [0.1s]
2026-04-30 23:15:53 | INFO     | cross_validation |   Fold 3/5: train=1917 (orig=639, aug=1278), val=160, acc=76.88%  [0.1s]
2026-04-30 23:15:53 | INFO     | cross_validation |   Fold 4/5: train=1917 (orig=639, aug=1278), val=160, acc=74.38%  [0.1s]
2026-04-30 23:15:53 | INFO     | cross_validation |   Fold 5/5: train=1920 (orig=640, aug=1280), val=159, acc=72.96%  [0.1s]
2026-04-30 23:15:53 | INFO     | cross_validation |   CV result: 72.34% ± 3.19%
2026-04-30 23:15:53 | INFO     | cross_validation |   Combo 8/20: {'n_neighbors': 8}
2026-04-30 23:15:53 | INFO     | cross_validation |   Fold 1/5: train=1917 (orig=639, aug=1278), val=160, acc=69.38%  [0.1s]
2026-04-30 23:15:53 | INFO     | cross_validation |   Fold 2/5: train=1917 (orig=639, aug=1278), val=160, acc=70.00%  [0.1s]
2026-04-30 23:15:54 | INFO     | cross_validation |   Fold 3/5: train=1917 (orig=639, aug=1278), val=160, acc=77.50%  [0.1s]
2026-04-30 23:15:54 | INFO     | cross_validation |   Fold 4/5: train=1917 (orig=639, aug=1278), val=160, acc=73.12%  [0.1s]
2026-04-30 23:15:54 | INFO     | cross_validation |   Fold 5/5: train=1920 (orig=640, aug=1280), val=159, acc=76.10%  [0.1s]
2026-04-30 23:15:54 | INFO     | cross_validation |   CV result: 73.22% ± 3.22%
2026-04-30 23:15:54 | INFO     | cross_validation |   Combo 9/20: {'n_neighbors': 9}
2026-04-30 23:15:54 | INFO     | cross_validation |   Fold 1/5: train=1917 (orig=639, aug=1278), val=160, acc=68.75%  [0.1s]
2026-04-30 23:15:54 | INFO     | cross_validation |   Fold 2/5: train=1917 (orig=639, aug=1278), val=160, acc=69.38%  [0.1s]
2026-04-30 23:15:54 | INFO     | cross_validation |   Fold 3/5: train=1917 (orig=639, aug=1278), val=160, acc=76.25%  [0.1s]
2026-04-30 23:15:54 | INFO     | cross_validation |   Fold 4/5: train=1917 (orig=639, aug=1278), val=160, acc=75.62%  [0.1s]
2026-04-30 23:15:54 | INFO     | cross_validation |   Fold 5/5: train=1920 (orig=640, aug=1280), val=159, acc=76.10%  [0.1s]
2026-04-30 23:15:54 | INFO     | cross_validation |   CV result: 73.22% ± 3.41%
2026-04-30 23:15:54 | INFO     | cross_validation |   Combo 10/20: {'n_neighbors': 10}
2026-04-30 23:15:54 | INFO     | cross_validation |   Fold 1/5: train=1917 (orig=639, aug=1278), val=160, acc=69.38%  [0.1s]
2026-04-30 23:15:55 | INFO     | cross_validation |   Fold 2/5: train=1917 (orig=639, aug=1278), val=160, acc=70.62%  [0.1s]
2026-04-30 23:15:55 | INFO     | cross_validation |   Fold 3/5: train=1917 (orig=639, aug=1278), val=160, acc=75.62%  [0.1s]
2026-04-30 23:15:55 | INFO     | cross_validation |   Fold 4/5: train=1917 (orig=639, aug=1278), val=160, acc=74.38%  [0.1s]
2026-04-30 23:15:55 | INFO     | cross_validation |   Fold 5/5: train=1920 (orig=640, aug=1280), val=159, acc=74.21%  [0.1s]
2026-04-30 23:15:55 | INFO     | cross_validation |   CV result: 72.84% ± 2.40%
2026-04-30 23:15:55 | INFO     | cross_validation |   Combo 11/20: {'n_neighbors': 11}
2026-04-30 23:15:55 | INFO     | cross_validation |   Fold 1/5: train=1917 (orig=639, aug=1278), val=160, acc=69.38%  [0.1s]
2026-04-30 23:15:55 | INFO     | cross_validation |   Fold 2/5: train=1917 (orig=639, aug=1278), val=160, acc=71.88%  [0.1s]
2026-04-30 23:15:55 | INFO     | cross_validation |   Fold 3/5: train=1917 (orig=639, aug=1278), val=160, acc=76.25%  [0.1s]
2026-04-30 23:15:55 | INFO     | cross_validation |   Fold 4/5: train=1917 (orig=639, aug=1278), val=160, acc=75.00%  [0.1s]
2026-04-30 23:15:55 | INFO     | cross_validation |   Fold 5/5: train=1920 (orig=640, aug=1280), val=159, acc=74.21%  [0.1s]
2026-04-30 23:15:55 | INFO     | cross_validation |   CV result: 73.34% ± 2.44%
2026-04-30 23:15:55 | INFO     | cross_validation |   Combo 12/20: {'n_neighbors': 12}
2026-04-30 23:15:55 | INFO     | cross_validation |   Fold 1/5: train=1917 (orig=639, aug=1278), val=160, acc=70.00%  [0.1s]
2026-04-30 23:15:56 | INFO     | cross_validation |   Fold 2/5: train=1917 (orig=639, aug=1278), val=160, acc=71.25%  [0.1s]
2026-04-30 23:15:56 | INFO     | cross_validation |   Fold 3/5: train=1917 (orig=639, aug=1278), val=160, acc=77.50%  [0.1s]
2026-04-30 23:15:56 | INFO     | cross_validation |   Fold 4/5: train=1917 (orig=639, aug=1278), val=160, acc=75.00%  [0.1s]
2026-04-30 23:15:56 | INFO     | cross_validation |   Fold 5/5: train=1920 (orig=640, aug=1280), val=159, acc=73.58%  [0.1s]
2026-04-30 23:15:56 | INFO     | cross_validation |   CV result: 73.47% ± 2.67%
2026-04-30 23:15:56 | INFO     | cross_validation |   Combo 13/20: {'n_neighbors': 13}
2026-04-30 23:15:56 | INFO     | cross_validation |   Fold 1/5: train=1917 (orig=639, aug=1278), val=160, acc=71.25%  [0.1s]
2026-04-30 23:15:56 | INFO     | cross_validation |   Fold 2/5: train=1917 (orig=639, aug=1278), val=160, acc=71.25%  [0.1s]
2026-04-30 23:15:56 | INFO     | cross_validation |   Fold 3/5: train=1917 (orig=639, aug=1278), val=160, acc=77.50%  [0.1s]
2026-04-30 23:15:56 | INFO     | cross_validation |   Fold 4/5: train=1917 (orig=639, aug=1278), val=160, acc=75.00%  [0.1s]
2026-04-30 23:15:56 | INFO     | cross_validation |   Fold 5/5: train=1920 (orig=640, aug=1280), val=159, acc=75.47%  [0.1s]
2026-04-30 23:15:56 | INFO     | cross_validation |   CV result: 74.09% ± 2.47%
2026-04-30 23:15:56 | INFO     | cross_validation |   Combo 14/20: {'n_neighbors': 14}
2026-04-30 23:15:57 | INFO     | cross_validation |   Fold 1/5: train=1917 (orig=639, aug=1278), val=160, acc=72.50%  [0.1s]
2026-04-30 23:15:57 | INFO     | cross_validation |   Fold 2/5: train=1917 (orig=639, aug=1278), val=160, acc=71.25%  [0.1s]
2026-04-30 23:15:57 | INFO     | cross_validation |   Fold 3/5: train=1917 (orig=639, aug=1278), val=160, acc=76.25%  [0.1s]
2026-04-30 23:15:57 | INFO     | cross_validation |   Fold 4/5: train=1917 (orig=639, aug=1278), val=160, acc=74.38%  [0.1s]
2026-04-30 23:15:57 | INFO     | cross_validation |   Fold 5/5: train=1920 (orig=640, aug=1280), val=159, acc=76.10%  [0.1s]
2026-04-30 23:15:57 | INFO     | cross_validation |   CV result: 74.10% ± 1.97%
2026-04-30 23:15:57 | INFO     | cross_validation |   Combo 15/20: {'n_neighbors': 15}
2026-04-30 23:15:57 | INFO     | cross_validation |   Fold 1/5: train=1917 (orig=639, aug=1278), val=160, acc=71.25%  [0.1s]
2026-04-30 23:15:57 | INFO     | cross_validation |   Fold 2/5: train=1917 (orig=639, aug=1278), val=160, acc=73.12%  [0.1s]
2026-04-30 23:15:57 | INFO     | cross_validation |   Fold 3/5: train=1917 (orig=639, aug=1278), val=160, acc=74.38%  [0.1s]
2026-04-30 23:15:57 | INFO     | cross_validation |   Fold 4/5: train=1917 (orig=639, aug=1278), val=160, acc=74.38%  [0.1s]
2026-04-30 23:15:58 | INFO     | cross_validation |   Fold 5/5: train=1920 (orig=640, aug=1280), val=159, acc=75.47%  [0.1s]
2026-04-30 23:15:58 | INFO     | cross_validation |   CV result: 73.72% ± 1.44%
2026-04-30 23:15:58 | INFO     | cross_validation |   Combo 16/20: {'n_neighbors': 16}
2026-04-30 23:15:58 | INFO     | cross_validation |   Fold 1/5: train=1917 (orig=639, aug=1278), val=160, acc=70.00%  [0.1s]
2026-04-30 23:15:58 | INFO     | cross_validation |   Fold 2/5: train=1917 (orig=639, aug=1278), val=160, acc=71.88%  [0.1s]
2026-04-30 23:15:58 | INFO     | cross_validation |   Fold 3/5: train=1917 (orig=639, aug=1278), val=160, acc=76.25%  [0.1s]
2026-04-30 23:15:58 | INFO     | cross_validation |   Fold 4/5: train=1917 (orig=639, aug=1278), val=160, acc=73.12%  [0.1s]
2026-04-30 23:15:58 | INFO     | cross_validation |   Fold 5/5: train=1920 (orig=640, aug=1280), val=159, acc=76.73%  [0.1s]
2026-04-30 23:15:58 | INFO     | cross_validation |   CV result: 73.60% ± 2.57%
2026-04-30 23:15:58 | INFO     | cross_validation |   Combo 17/20: {'n_neighbors': 17}
2026-04-30 23:15:58 | INFO     | cross_validation |   Fold 1/5: train=1917 (orig=639, aug=1278), val=160, acc=71.88%  [0.1s]
2026-04-30 23:15:58 | INFO     | cross_validation |   Fold 2/5: train=1917 (orig=639, aug=1278), val=160, acc=71.88%  [0.1s]
2026-04-30 23:15:58 | INFO     | cross_validation |   Fold 3/5: train=1917 (orig=639, aug=1278), val=160, acc=75.62%  [0.0s]
2026-04-30 23:15:59 | INFO     | cross_validation |   Fold 4/5: train=1917 (orig=639, aug=1278), val=160, acc=75.00%  [0.1s]
2026-04-30 23:15:59 | INFO     | cross_validation |   Fold 5/5: train=1920 (orig=640, aug=1280), val=159, acc=76.10%  [0.1s]
2026-04-30 23:15:59 | INFO     | cross_validation |   CV result: 74.10% ± 1.85%
2026-04-30 23:15:59 | INFO     | cross_validation |   Combo 18/20: {'n_neighbors': 18}
2026-04-30 23:15:59 | INFO     | cross_validation |   Fold 1/5: train=1917 (orig=639, aug=1278), val=160, acc=71.88%  [0.1s]
2026-04-30 23:15:59 | INFO     | cross_validation |   Fold 2/5: train=1917 (orig=639, aug=1278), val=160, acc=71.88%  [0.1s]
2026-04-30 23:15:59 | INFO     | cross_validation |   Fold 3/5: train=1917 (orig=639, aug=1278), val=160, acc=79.38%  [0.1s]
2026-04-30 23:15:59 | INFO     | cross_validation |   Fold 4/5: train=1917 (orig=639, aug=1278), val=160, acc=74.38%  [0.1s]
2026-04-30 23:15:59 | INFO     | cross_validation |   Fold 5/5: train=1920 (orig=640, aug=1280), val=159, acc=76.73%  [0.1s]
2026-04-30 23:15:59 | INFO     | cross_validation |   CV result: 74.85% ± 2.90%
2026-04-30 23:15:59 | INFO     | cross_validation |   Combo 19/20: {'n_neighbors': 19}
2026-04-30 23:15:59 | INFO     | cross_validation |   Fold 1/5: train=1917 (orig=639, aug=1278), val=160, acc=71.88%  [0.1s]
2026-04-30 23:15:59 | INFO     | cross_validation |   Fold 2/5: train=1917 (orig=639, aug=1278), val=160, acc=71.25%  [0.1s]
2026-04-30 23:16:00 | INFO     | cross_validation |   Fold 3/5: train=1917 (orig=639, aug=1278), val=160, acc=77.50%  [0.1s]
2026-04-30 23:16:00 | INFO     | cross_validation |   Fold 4/5: train=1917 (orig=639, aug=1278), val=160, acc=75.62%  [0.1s]
2026-04-30 23:16:00 | INFO     | cross_validation |   Fold 5/5: train=1920 (orig=640, aug=1280), val=159, acc=76.73%  [0.1s]
2026-04-30 23:16:00 | INFO     | cross_validation |   CV result: 74.60% ± 2.56%
2026-04-30 23:16:00 | INFO     | cross_validation |   Combo 20/20: {'n_neighbors': 20}
2026-04-30 23:16:00 | INFO     | cross_validation |   Fold 1/5: train=1917 (orig=639, aug=1278), val=160, acc=71.25%  [0.1s]
2026-04-30 23:16:00 | INFO     | cross_validation |   Fold 2/5: train=1917 (orig=639, aug=1278), val=160, acc=70.62%  [0.1s]
2026-04-30 23:16:00 | INFO     | cross_validation |   Fold 3/5: train=1917 (orig=639, aug=1278), val=160, acc=76.25%  [0.1s]
2026-04-30 23:16:00 | INFO     | cross_validation |   Fold 4/5: train=1917 (orig=639, aug=1278), val=160, acc=73.75%  [0.1s]
2026-04-30 23:16:00 | INFO     | cross_validation |   Fold 5/5: train=1920 (orig=640, aug=1280), val=159, acc=75.47%  [0.1s]
2026-04-30 23:16:00 | INFO     | cross_validation |   CV result: 73.47% ± 2.23%
2026-04-30 23:16:00 | INFO     | cross_validation |   Best params: {'n_neighbors': 18}
2026-04-30 23:16:00 | INFO     | cross_validation |   Best CV: 74.85% ± 2.90%
2026-04-30 23:16:00 | INFO     | cross_validation | ✓ grid_search_cv finished in 11.1s
2026-04-30 23:16:00 | INFO     | main | ────────────────────────────────────────────────────────────
2026-04-30 23:16:00 | INFO     | main |   KNN [skb]
2026-04-30 23:16:00 | INFO     | main | ────────────────────────────────────────────────────────────
2026-04-30 23:16:00 | INFO     | cross_validation | → grid_search_cv started
2026-04-30 23:16:00 | INFO     | cross_validation | Grid search: 20 parameter combinations × 5 folds
2026-04-30 23:16:00 | INFO     | cross_validation |   Combo 1/20: {'n_neighbors': 1}
2026-04-30 23:16:00 | INFO     | cross_validation |   Fold 1/5: train=1917 (orig=639, aug=1278), val=160, acc=67.50%  [0.1s]
2026-04-30 23:16:00 | INFO     | cross_validation |   Fold 2/5: train=1917 (orig=639, aug=1278), val=160, acc=68.12%  [0.0s]
2026-04-30 23:16:00 | INFO     | cross_validation |   Fold 3/5: train=1917 (orig=639, aug=1278), val=160, acc=76.88%  [0.1s]
2026-04-30 23:16:00 | INFO     | cross_validation |   Fold 4/5: train=1917 (orig=639, aug=1278), val=160, acc=78.12%  [0.0s]
2026-04-30 23:16:01 | INFO     | cross_validation |   Fold 5/5: train=1920 (orig=640, aug=1280), val=159, acc=65.41%  [0.0s]
2026-04-30 23:16:01 | INFO     | cross_validation |   CV result: 71.21% ± 5.23%
2026-04-30 23:16:01 | INFO     | cross_validation |   Combo 2/20: {'n_neighbors': 2}
2026-04-30 23:16:01 | INFO     | cross_validation |   Fold 1/5: train=1917 (orig=639, aug=1278), val=160, acc=65.00%  [0.0s]
2026-04-30 23:16:01 | INFO     | cross_validation |   Fold 2/5: train=1917 (orig=639, aug=1278), val=160, acc=68.12%  [0.0s]
2026-04-30 23:16:01 | INFO     | cross_validation |   Fold 3/5: train=1917 (orig=639, aug=1278), val=160, acc=76.25%  [0.0s]
2026-04-30 23:16:01 | INFO     | cross_validation |   Fold 4/5: train=1917 (orig=639, aug=1278), val=160, acc=71.25%  [0.0s]
2026-04-30 23:16:01 | INFO     | cross_validation |   Fold 5/5: train=1920 (orig=640, aug=1280), val=159, acc=65.41%  [0.0s]
2026-04-30 23:16:01 | INFO     | cross_validation |   CV result: 69.21% ± 4.17%
2026-04-30 23:16:01 | INFO     | cross_validation |   Combo 3/20: {'n_neighbors': 3}
2026-04-30 23:16:01 | INFO     | cross_validation |   Fold 1/5: train=1917 (orig=639, aug=1278), val=160, acc=70.00%  [0.0s]
2026-04-30 23:16:01 | INFO     | cross_validation |   Fold 2/5: train=1917 (orig=639, aug=1278), val=160, acc=71.25%  [0.0s]
2026-04-30 23:16:01 | INFO     | cross_validation |   Fold 3/5: train=1917 (orig=639, aug=1278), val=160, acc=72.50%  [0.0s]
2026-04-30 23:16:01 | INFO     | cross_validation |   Fold 4/5: train=1917 (orig=639, aug=1278), val=160, acc=69.38%  [0.0s]
2026-04-30 23:16:01 | INFO     | cross_validation |   Fold 5/5: train=1920 (orig=640, aug=1280), val=159, acc=67.30%  [0.0s]
2026-04-30 23:16:01 | INFO     | cross_validation |   CV result: 70.08% ± 1.76%
2026-04-30 23:16:01 | INFO     | cross_validation |   Combo 4/20: {'n_neighbors': 4}
2026-04-30 23:16:01 | INFO     | cross_validation |   Fold 1/5: train=1917 (orig=639, aug=1278), val=160, acc=71.88%  [0.0s]
2026-04-30 23:16:01 | INFO     | cross_validation |   Fold 2/5: train=1917 (orig=639, aug=1278), val=160, acc=70.62%  [0.0s]
2026-04-30 23:16:01 | INFO     | cross_validation |   Fold 3/5: train=1917 (orig=639, aug=1278), val=160, acc=75.62%  [0.0s]
2026-04-30 23:16:01 | INFO     | cross_validation |   Fold 4/5: train=1917 (orig=639, aug=1278), val=160, acc=70.62%  [0.0s]
2026-04-30 23:16:01 | INFO     | cross_validation |   Fold 5/5: train=1920 (orig=640, aug=1280), val=159, acc=66.67%  [0.0s]
2026-04-30 23:16:01 | INFO     | cross_validation |   CV result: 71.08% ± 2.87%
2026-04-30 23:16:01 | INFO     | cross_validation |   Combo 5/20: {'n_neighbors': 5}
2026-04-30 23:16:01 | INFO     | cross_validation |   Fold 1/5: train=1917 (orig=639, aug=1278), val=160, acc=71.25%  [0.0s]
2026-04-30 23:16:01 | INFO     | cross_validation |   Fold 2/5: train=1917 (orig=639, aug=1278), val=160, acc=72.50%  [0.0s]
2026-04-30 23:16:01 | INFO     | cross_validation |   Fold 3/5: train=1917 (orig=639, aug=1278), val=160, acc=78.12%  [0.0s]
2026-04-30 23:16:01 | INFO     | cross_validation |   Fold 4/5: train=1917 (orig=639, aug=1278), val=160, acc=70.62%  [0.0s]
2026-04-30 23:16:01 | INFO     | cross_validation |   Fold 5/5: train=1920 (orig=640, aug=1280), val=159, acc=66.67%  [0.0s]
2026-04-30 23:16:01 | INFO     | cross_validation |   CV result: 71.83% ± 3.70%
2026-04-30 23:16:01 | INFO     | cross_validation |   Combo 6/20: {'n_neighbors': 6}
2026-04-30 23:16:01 | INFO     | cross_validation |   Fold 1/5: train=1917 (orig=639, aug=1278), val=160, acc=69.38%  [0.0s]
2026-04-30 23:16:01 | INFO     | cross_validation |   Fold 2/5: train=1917 (orig=639, aug=1278), val=160, acc=70.00%  [0.0s]
2026-04-30 23:16:01 | INFO     | cross_validation |   Fold 3/5: train=1917 (orig=639, aug=1278), val=160, acc=79.38%  [0.0s]
2026-04-30 23:16:01 | INFO     | cross_validation |   Fold 4/5: train=1917 (orig=639, aug=1278), val=160, acc=71.25%  [0.0s]
2026-04-30 23:16:01 | INFO     | cross_validation |   Fold 5/5: train=1920 (orig=640, aug=1280), val=159, acc=67.92%  [0.0s]
2026-04-30 23:16:01 | INFO     | cross_validation |   CV result: 71.58% ± 4.04%
2026-04-30 23:16:01 | INFO     | cross_validation |   Combo 7/20: {'n_neighbors': 7}
2026-04-30 23:16:01 | INFO     | cross_validation |   Fold 1/5: train=1917 (orig=639, aug=1278), val=160, acc=71.88%  [0.0s]
2026-04-30 23:16:01 | INFO     | cross_validation |   Fold 2/5: train=1917 (orig=639, aug=1278), val=160, acc=75.00%  [0.0s]
2026-04-30 23:16:01 | INFO     | cross_validation |   Fold 3/5: train=1917 (orig=639, aug=1278), val=160, acc=78.12%  [0.0s]
2026-04-30 23:16:01 | INFO     | cross_validation |   Fold 4/5: train=1917 (orig=639, aug=1278), val=160, acc=70.00%  [0.0s]
2026-04-30 23:16:01 | INFO     | cross_validation |   Fold 5/5: train=1920 (orig=640, aug=1280), val=159, acc=70.44%  [0.0s]
2026-04-30 23:16:01 | INFO     | cross_validation |   CV result: 73.09% ± 3.07%
2026-04-30 23:16:01 | INFO     | cross_validation |   Combo 8/20: {'n_neighbors': 8}
2026-04-30 23:16:01 | INFO     | cross_validation |   Fold 1/5: train=1917 (orig=639, aug=1278), val=160, acc=73.12%  [0.0s]
2026-04-30 23:16:01 | INFO     | cross_validation |   Fold 2/5: train=1917 (orig=639, aug=1278), val=160, acc=72.50%  [0.0s]
2026-04-30 23:16:01 | INFO     | cross_validation |   Fold 3/5: train=1917 (orig=639, aug=1278), val=160, acc=78.75%  [0.0s]
2026-04-30 23:16:01 | INFO     | cross_validation |   Fold 4/5: train=1917 (orig=639, aug=1278), val=160, acc=68.12%  [0.0s]
2026-04-30 23:16:01 | INFO     | cross_validation |   Fold 5/5: train=1920 (orig=640, aug=1280), val=159, acc=70.44%  [0.0s]
2026-04-30 23:16:01 | INFO     | cross_validation |   CV result: 72.59% ± 3.54%
2026-04-30 23:16:01 | INFO     | cross_validation |   Combo 9/20: {'n_neighbors': 9}
2026-04-30 23:16:01 | INFO     | cross_validation |   Fold 1/5: train=1917 (orig=639, aug=1278), val=160, acc=73.12%  [0.0s]
2026-04-30 23:16:01 | INFO     | cross_validation |   Fold 2/5: train=1917 (orig=639, aug=1278), val=160, acc=73.12%  [0.0s]
2026-04-30 23:16:01 | INFO     | cross_validation |   Fold 3/5: train=1917 (orig=639, aug=1278), val=160, acc=77.50%  [0.0s]
2026-04-30 23:16:01 | INFO     | cross_validation |   Fold 4/5: train=1917 (orig=639, aug=1278), val=160, acc=70.00%  [0.0s]
2026-04-30 23:16:01 | INFO     | cross_validation |   Fold 5/5: train=1920 (orig=640, aug=1280), val=159, acc=70.44%  [0.0s]
2026-04-30 23:16:01 | INFO     | cross_validation |   CV result: 72.84% ± 2.67%
2026-04-30 23:16:01 | INFO     | cross_validation |   Combo 10/20: {'n_neighbors': 10}
2026-04-30 23:16:01 | INFO     | cross_validation |   Fold 1/5: train=1917 (orig=639, aug=1278), val=160, acc=70.62%  [0.0s]
2026-04-30 23:16:01 | INFO     | cross_validation |   Fold 2/5: train=1917 (orig=639, aug=1278), val=160, acc=68.75%  [0.0s]
2026-04-30 23:16:01 | INFO     | cross_validation |   Fold 3/5: train=1917 (orig=639, aug=1278), val=160, acc=80.62%  [0.0s]
2026-04-30 23:16:01 | INFO     | cross_validation |   Fold 4/5: train=1917 (orig=639, aug=1278), val=160, acc=68.75%  [0.0s]
2026-04-30 23:16:01 | INFO     | cross_validation |   Fold 5/5: train=1920 (orig=640, aug=1280), val=159, acc=73.58%  [0.0s]
2026-04-30 23:16:01 | INFO     | cross_validation |   CV result: 72.47% ± 4.45%
2026-04-30 23:16:01 | INFO     | cross_validation |   Combo 11/20: {'n_neighbors': 11}
2026-04-30 23:16:01 | INFO     | cross_validation |   Fold 1/5: train=1917 (orig=639, aug=1278), val=160, acc=72.50%  [0.0s]
2026-04-30 23:16:01 | INFO     | cross_validation |   Fold 2/5: train=1917 (orig=639, aug=1278), val=160, acc=68.75%  [0.0s]
2026-04-30 23:16:01 | INFO     | cross_validation |   Fold 3/5: train=1917 (orig=639, aug=1278), val=160, acc=80.00%  [0.0s]
2026-04-30 23:16:01 | INFO     | cross_validation |   Fold 4/5: train=1917 (orig=639, aug=1278), val=160, acc=68.75%  [0.0s]
2026-04-30 23:16:01 | INFO     | cross_validation |   Fold 5/5: train=1920 (orig=640, aug=1280), val=159, acc=72.96%  [0.0s]
2026-04-30 23:16:01 | INFO     | cross_validation |   CV result: 72.59% ± 4.11%
2026-04-30 23:16:01 | INFO     | cross_validation |   Combo 12/20: {'n_neighbors': 12}
2026-04-30 23:16:01 | INFO     | cross_validation |   Fold 1/5: train=1917 (orig=639, aug=1278), val=160, acc=70.62%  [0.0s]
2026-04-30 23:16:01 | INFO     | cross_validation |   Fold 2/5: train=1917 (orig=639, aug=1278), val=160, acc=68.12%  [0.0s]
2026-04-30 23:16:01 | INFO     | cross_validation |   Fold 3/5: train=1917 (orig=639, aug=1278), val=160, acc=78.75%  [0.0s]
2026-04-30 23:16:01 | INFO     | cross_validation |   Fold 4/5: train=1917 (orig=639, aug=1278), val=160, acc=69.38%  [0.0s]
2026-04-30 23:16:01 | INFO     | cross_validation |   Fold 5/5: train=1920 (orig=640, aug=1280), val=159, acc=73.58%  [0.0s]
2026-04-30 23:16:01 | INFO     | cross_validation |   CV result: 72.09% ± 3.79%
2026-04-30 23:16:01 | INFO     | cross_validation |   Combo 13/20: {'n_neighbors': 13}
2026-04-30 23:16:01 | INFO     | cross_validation |   Fold 1/5: train=1917 (orig=639, aug=1278), val=160, acc=73.12%  [0.0s]
2026-04-30 23:16:02 | INFO     | cross_validation |   Fold 2/5: train=1917 (orig=639, aug=1278), val=160, acc=69.38%  [0.0s]
2026-04-30 23:16:02 | INFO     | cross_validation |   Fold 3/5: train=1917 (orig=639, aug=1278), val=160, acc=78.75%  [0.0s]
2026-04-30 23:16:02 | INFO     | cross_validation |   Fold 4/5: train=1917 (orig=639, aug=1278), val=160, acc=70.00%  [0.0s]
2026-04-30 23:16:02 | INFO     | cross_validation |   Fold 5/5: train=1920 (orig=640, aug=1280), val=159, acc=71.70%  [0.0s]
2026-04-30 23:16:02 | INFO     | cross_validation |   CV result: 72.59% ± 3.35%
2026-04-30 23:16:02 | INFO     | cross_validation |   Combo 14/20: {'n_neighbors': 14}
2026-04-30 23:16:02 | INFO     | cross_validation |   Fold 1/5: train=1917 (orig=639, aug=1278), val=160, acc=70.62%  [0.0s]
2026-04-30 23:16:02 | INFO     | cross_validation |   Fold 2/5: train=1917 (orig=639, aug=1278), val=160, acc=68.12%  [0.0s]
2026-04-30 23:16:02 | INFO     | cross_validation |   Fold 3/5: train=1917 (orig=639, aug=1278), val=160, acc=80.00%  [0.0s]
2026-04-30 23:16:02 | INFO     | cross_validation |   Fold 4/5: train=1917 (orig=639, aug=1278), val=160, acc=70.62%  [0.0s]
2026-04-30 23:16:02 | INFO     | cross_validation |   Fold 5/5: train=1920 (orig=640, aug=1280), val=159, acc=71.07%  [0.0s]
2026-04-30 23:16:02 | INFO     | cross_validation |   CV result: 72.09% ± 4.09%
2026-04-30 23:16:02 | INFO     | cross_validation |   Combo 15/20: {'n_neighbors': 15}
2026-04-30 23:16:02 | INFO     | cross_validation |   Fold 1/5: train=1917 (orig=639, aug=1278), val=160, acc=71.88%  [0.0s]
2026-04-30 23:16:02 | INFO     | cross_validation |   Fold 2/5: train=1917 (orig=639, aug=1278), val=160, acc=67.50%  [0.0s]
2026-04-30 23:16:02 | INFO     | cross_validation |   Fold 3/5: train=1917 (orig=639, aug=1278), val=160, acc=77.50%  [0.0s]
2026-04-30 23:16:02 | INFO     | cross_validation |   Fold 4/5: train=1917 (orig=639, aug=1278), val=160, acc=68.75%  [0.0s]
2026-04-30 23:16:02 | INFO     | cross_validation |   Fold 5/5: train=1920 (orig=640, aug=1280), val=159, acc=69.81%  [0.0s]
2026-04-30 23:16:02 | INFO     | cross_validation |   CV result: 71.09% ± 3.51%
2026-04-30 23:16:02 | INFO     | cross_validation |   Combo 16/20: {'n_neighbors': 16}
2026-04-30 23:16:02 | INFO     | cross_validation |   Fold 1/5: train=1917 (orig=639, aug=1278), val=160, acc=71.25%  [0.0s]
2026-04-30 23:16:02 | INFO     | cross_validation |   Fold 2/5: train=1917 (orig=639, aug=1278), val=160, acc=68.12%  [0.0s]
2026-04-30 23:16:02 | INFO     | cross_validation |   Fold 3/5: train=1917 (orig=639, aug=1278), val=160, acc=75.00%  [0.0s]
2026-04-30 23:16:02 | INFO     | cross_validation |   Fold 4/5: train=1917 (orig=639, aug=1278), val=160, acc=69.38%  [0.0s]
2026-04-30 23:16:02 | INFO     | cross_validation |   Fold 5/5: train=1920 (orig=640, aug=1280), val=159, acc=69.81%  [0.0s]
2026-04-30 23:16:02 | INFO     | cross_validation |   CV result: 70.71% ± 2.37%
2026-04-30 23:16:02 | INFO     | cross_validation |   Combo 17/20: {'n_neighbors': 17}
2026-04-30 23:16:02 | INFO     | cross_validation |   Fold 1/5: train=1917 (orig=639, aug=1278), val=160, acc=70.62%  [0.0s]
2026-04-30 23:16:02 | INFO     | cross_validation |   Fold 2/5: train=1917 (orig=639, aug=1278), val=160, acc=67.50%  [0.0s]
2026-04-30 23:16:02 | INFO     | cross_validation |   Fold 3/5: train=1917 (orig=639, aug=1278), val=160, acc=74.38%  [0.0s]
2026-04-30 23:16:02 | INFO     | cross_validation |   Fold 4/5: train=1917 (orig=639, aug=1278), val=160, acc=69.38%  [0.0s]
2026-04-30 23:16:02 | INFO     | cross_validation |   Fold 5/5: train=1920 (orig=640, aug=1280), val=159, acc=70.44%  [0.0s]
2026-04-30 23:16:02 | INFO     | cross_validation |   CV result: 70.46% ± 2.25%
2026-04-30 23:16:02 | INFO     | cross_validation |   Combo 18/20: {'n_neighbors': 18}
2026-04-30 23:16:02 | INFO     | cross_validation |   Fold 1/5: train=1917 (orig=639, aug=1278), val=160, acc=70.62%  [0.0s]
2026-04-30 23:16:02 | INFO     | cross_validation |   Fold 2/5: train=1917 (orig=639, aug=1278), val=160, acc=69.38%  [0.0s]
2026-04-30 23:16:02 | INFO     | cross_validation |   Fold 3/5: train=1917 (orig=639, aug=1278), val=160, acc=72.50%  [0.0s]
2026-04-30 23:16:02 | INFO     | cross_validation |   Fold 4/5: train=1917 (orig=639, aug=1278), val=160, acc=69.38%  [0.0s]
2026-04-30 23:16:02 | INFO     | cross_validation |   Fold 5/5: train=1920 (orig=640, aug=1280), val=159, acc=69.81%  [0.0s]
2026-04-30 23:16:02 | INFO     | cross_validation |   CV result: 70.34% ± 1.17%
2026-04-30 23:16:02 | INFO     | cross_validation |   Combo 19/20: {'n_neighbors': 19}
2026-04-30 23:16:02 | INFO     | cross_validation |   Fold 1/5: train=1917 (orig=639, aug=1278), val=160, acc=70.62%  [0.0s]
2026-04-30 23:16:02 | INFO     | cross_validation |   Fold 2/5: train=1917 (orig=639, aug=1278), val=160, acc=68.75%  [0.0s]
2026-04-30 23:16:02 | INFO     | cross_validation |   Fold 3/5: train=1917 (orig=639, aug=1278), val=160, acc=74.38%  [0.0s]
2026-04-30 23:16:02 | INFO     | cross_validation |   Fold 4/5: train=1917 (orig=639, aug=1278), val=160, acc=69.38%  [0.0s]
2026-04-30 23:16:02 | INFO     | cross_validation |   Fold 5/5: train=1920 (orig=640, aug=1280), val=159, acc=71.07%  [0.0s]
2026-04-30 23:16:02 | INFO     | cross_validation |   CV result: 70.84% ± 1.95%
2026-04-30 23:16:02 | INFO     | cross_validation |   Combo 20/20: {'n_neighbors': 20}
2026-04-30 23:16:02 | INFO     | cross_validation |   Fold 1/5: train=1917 (orig=639, aug=1278), val=160, acc=73.12%  [0.0s]
2026-04-30 23:16:02 | INFO     | cross_validation |   Fold 2/5: train=1917 (orig=639, aug=1278), val=160, acc=67.50%  [0.0s]
2026-04-30 23:16:02 | INFO     | cross_validation |   Fold 3/5: train=1917 (orig=639, aug=1278), val=160, acc=73.75%  [0.0s]
2026-04-30 23:16:02 | INFO     | cross_validation |   Fold 4/5: train=1917 (orig=639, aug=1278), val=160, acc=70.00%  [0.0s]
2026-04-30 23:16:02 | INFO     | cross_validation |   Fold 5/5: train=1920 (orig=640, aug=1280), val=159, acc=71.07%  [0.0s]
2026-04-30 23:16:02 | INFO     | cross_validation |   CV result: 71.09% ± 2.25%
2026-04-30 23:16:02 | INFO     | cross_validation |   Best params: {'n_neighbors': 7}
2026-04-30 23:16:02 | INFO     | cross_validation |   Best CV: 73.09% ± 3.07%
2026-04-30 23:16:02 | INFO     | cross_validation | ✓ grid_search_cv finished in 1.9s
2026-04-30 23:16:02 | INFO     | main | ────────────────────────────────────────────────────────────
2026-04-30 23:16:02 | INFO     | main |   SVM (RBF) [raw]
2026-04-30 23:16:02 | INFO     | main | ────────────────────────────────────────────────────────────
2026-04-30 23:16:02 | INFO     | cross_validation | → grid_search_cv started
2026-04-30 23:16:02 | INFO     | cross_validation | Grid search: 8 parameter combinations × 5 folds
2026-04-30 23:16:02 | INFO     | cross_validation |   Combo 1/8: {'C': 0.1, 'gamma': 'scale'}
2026-04-30 23:16:02 | INFO     | cross_validation |   Fold 1/5: train=1917 (orig=639, aug=1278), val=160, acc=61.88%  [0.3s]
2026-04-30 23:16:03 | INFO     | cross_validation |   Fold 2/5: train=1917 (orig=639, aug=1278), val=160, acc=55.00%  [0.3s]
2026-04-30 23:16:03 | INFO     | cross_validation |   Fold 3/5: train=1917 (orig=639, aug=1278), val=160, acc=56.25%  [0.3s]
2026-04-30 23:16:03 | INFO     | cross_validation |   Fold 4/5: train=1917 (orig=639, aug=1278), val=160, acc=60.00%  [0.3s]
2026-04-30 23:16:04 | INFO     | cross_validation |   Fold 5/5: train=1920 (orig=640, aug=1280), val=159, acc=52.83%  [0.3s]
2026-04-30 23:16:04 | INFO     | cross_validation |   CV result: 57.19% ± 3.30%
2026-04-30 23:16:04 | INFO     | cross_validation |   Combo 2/8: {'C': 0.1, 'gamma': 'auto'}
2026-04-30 23:16:04 | INFO     | cross_validation |   Fold 1/5: train=1917 (orig=639, aug=1278), val=160, acc=61.25%  [0.3s]
2026-04-30 23:16:04 | INFO     | cross_validation |   Fold 2/5: train=1917 (orig=639, aug=1278), val=160, acc=54.37%  [0.3s]
2026-04-30 23:16:05 | INFO     | cross_validation |   Fold 3/5: train=1917 (orig=639, aug=1278), val=160, acc=55.00%  [0.3s]
2026-04-30 23:16:05 | INFO     | cross_validation |   Fold 4/5: train=1917 (orig=639, aug=1278), val=160, acc=58.75%  [0.3s]
2026-04-30 23:16:05 | INFO     | cross_validation |   Fold 5/5: train=1920 (orig=640, aug=1280), val=159, acc=54.72%  [0.3s]
2026-04-30 23:16:05 | INFO     | cross_validation |   CV result: 56.82% ± 2.72%
2026-04-30 23:16:05 | INFO     | cross_validation |   Combo 3/8: {'C': 1, 'gamma': 'scale'}
2026-04-30 23:16:05 | INFO     | cross_validation |   Fold 1/5: train=1917 (orig=639, aug=1278), val=160, acc=73.75%  [0.2s]
2026-04-30 23:16:06 | INFO     | cross_validation |   Fold 2/5: train=1917 (orig=639, aug=1278), val=160, acc=74.38%  [0.2s]
2026-04-30 23:16:06 | INFO     | cross_validation |   Fold 3/5: train=1917 (orig=639, aug=1278), val=160, acc=76.25%  [0.2s]
2026-04-30 23:16:06 | INFO     | cross_validation |   Fold 4/5: train=1917 (orig=639, aug=1278), val=160, acc=69.38%  [0.2s]
2026-04-30 23:16:06 | INFO     | cross_validation |   Fold 5/5: train=1920 (orig=640, aug=1280), val=159, acc=71.07%  [0.2s]
2026-04-30 23:16:06 | INFO     | cross_validation |   CV result: 72.96% ± 2.44%
2026-04-30 23:16:06 | INFO     | cross_validation |   Combo 4/8: {'C': 1, 'gamma': 'auto'}
2026-04-30 23:16:07 | INFO     | cross_validation |   Fold 1/5: train=1917 (orig=639, aug=1278), val=160, acc=75.00%  [0.2s]
2026-04-30 23:16:07 | INFO     | cross_validation |   Fold 2/5: train=1917 (orig=639, aug=1278), val=160, acc=70.62%  [0.2s]
2026-04-30 23:16:07 | INFO     | cross_validation |   Fold 3/5: train=1917 (orig=639, aug=1278), val=160, acc=76.88%  [0.2s]
2026-04-30 23:16:10 | INFO     | cross_validation |   Fold 4/5: train=1917 (orig=639, aug=1278), val=160, acc=70.62%  [0.2s]
2026-04-30 23:16:10 | INFO     | cross_validation |   Fold 5/5: train=1920 (orig=640, aug=1280), val=159, acc=73.58%  [0.2s]
2026-04-30 23:16:10 | INFO     | cross_validation |   CV result: 73.34% ± 2.45%
2026-04-30 23:16:10 | INFO     | cross_validation |   Combo 5/8: {'C': 10, 'gamma': 'scale'}
2026-04-30 23:16:10 | INFO     | cross_validation |   Fold 1/5: train=1917 (orig=639, aug=1278), val=160, acc=74.38%  [0.2s]
2026-04-30 23:16:11 | INFO     | cross_validation |   Fold 2/5: train=1917 (orig=639, aug=1278), val=160, acc=75.00%  [0.2s]
2026-04-30 23:16:11 | INFO     | cross_validation |   Fold 3/5: train=1917 (orig=639, aug=1278), val=160, acc=74.38%  [0.2s]
2026-04-30 23:16:11 | INFO     | cross_validation |   Fold 4/5: train=1917 (orig=639, aug=1278), val=160, acc=71.25%  [0.2s]
2026-04-30 23:16:11 | INFO     | cross_validation |   Fold 5/5: train=1920 (orig=640, aug=1280), val=159, acc=67.92%  [0.2s]
2026-04-30 23:16:11 | INFO     | cross_validation |   CV result: 72.58% ± 2.67%
2026-04-30 23:16:11 | INFO     | cross_validation |   Combo 6/8: {'C': 10, 'gamma': 'auto'}
2026-04-30 23:16:11 | INFO     | cross_validation |   Fold 1/5: train=1917 (orig=639, aug=1278), val=160, acc=73.75%  [0.3s]
2026-04-30 23:16:12 | INFO     | cross_validation |   Fold 2/5: train=1917 (orig=639, aug=1278), val=160, acc=72.50%  [0.3s]
2026-04-30 23:16:12 | INFO     | cross_validation |   Fold 3/5: train=1917 (orig=639, aug=1278), val=160, acc=76.25%  [0.3s]
2026-04-30 23:16:12 | INFO     | cross_validation |   Fold 4/5: train=1917 (orig=639, aug=1278), val=160, acc=70.00%  [0.3s]
2026-04-30 23:16:13 | INFO     | cross_validation |   Fold 5/5: train=1920 (orig=640, aug=1280), val=159, acc=71.70%  [0.3s]
2026-04-30 23:16:13 | INFO     | cross_validation |   CV result: 72.84% ± 2.09%
2026-04-30 23:16:13 | INFO     | cross_validation |   Combo 7/8: {'C': 100, 'gamma': 'scale'}
2026-04-30 23:16:13 | INFO     | cross_validation |   Fold 1/5: train=1917 (orig=639, aug=1278), val=160, acc=74.38%  [0.2s]
2026-04-30 23:16:13 | INFO     | cross_validation |   Fold 2/5: train=1917 (orig=639, aug=1278), val=160, acc=74.38%  [0.3s]
2026-04-30 23:16:13 | INFO     | cross_validation |   Fold 3/5: train=1917 (orig=639, aug=1278), val=160, acc=74.38%  [0.2s]
2026-04-30 23:16:14 | INFO     | cross_validation |   Fold 4/5: train=1917 (orig=639, aug=1278), val=160, acc=71.25%  [0.2s]
2026-04-30 23:16:14 | INFO     | cross_validation |   Fold 5/5: train=1920 (orig=640, aug=1280), val=159, acc=69.18%  [0.2s]
2026-04-30 23:16:14 | INFO     | cross_validation |   CV result: 72.71% ± 2.14%
2026-04-30 23:16:14 | INFO     | cross_validation |   Combo 8/8: {'C': 100, 'gamma': 'auto'}
2026-04-30 23:16:14 | INFO     | cross_validation |   Fold 1/5: train=1917 (orig=639, aug=1278), val=160, acc=73.75%  [0.3s]
2026-04-30 23:16:14 | INFO     | cross_validation |   Fold 2/5: train=1917 (orig=639, aug=1278), val=160, acc=72.50%  [0.3s]
2026-04-30 23:16:15 | INFO     | cross_validation |   Fold 3/5: train=1917 (orig=639, aug=1278), val=160, acc=76.25%  [0.3s]
2026-04-30 23:16:15 | INFO     | cross_validation |   Fold 4/5: train=1917 (orig=639, aug=1278), val=160, acc=70.00%  [0.3s]
2026-04-30 23:16:15 | INFO     | cross_validation |   Fold 5/5: train=1920 (orig=640, aug=1280), val=159, acc=71.70%  [0.3s]
2026-04-30 23:16:15 | INFO     | cross_validation |   CV result: 72.84% ± 2.09%
2026-04-30 23:16:15 | INFO     | cross_validation |   Best params: {'C': 1, 'gamma': 'auto'}
2026-04-30 23:16:15 | INFO     | cross_validation |   Best CV: 73.34% ± 2.45%
2026-04-30 23:16:15 | INFO     | cross_validation | ✓ grid_search_cv finished in 10.3s
2026-04-30 23:16:15 | INFO     | main | ────────────────────────────────────────────────────────────
2026-04-30 23:16:15 | INFO     | main |   SVM (RBF) [pca]
2026-04-30 23:16:15 | INFO     | main | ────────────────────────────────────────────────────────────
2026-04-30 23:16:15 | INFO     | cross_validation | → grid_search_cv started
2026-04-30 23:16:15 | INFO     | cross_validation | Grid search: 8 parameter combinations × 5 folds
2026-04-30 23:16:15 | INFO     | cross_validation |   Combo 1/8: {'C': 0.1, 'gamma': 'scale'}
2026-04-30 23:16:15 | INFO     | cross_validation |   Fold 1/5: train=1917 (orig=639, aug=1278), val=160, acc=60.62%  [0.3s]
2026-04-30 23:16:16 | INFO     | cross_validation |   Fold 2/5: train=1917 (orig=639, aug=1278), val=160, acc=55.62%  [0.3s]
2026-04-30 23:16:16 | INFO     | cross_validation |   Fold 3/5: train=1917 (orig=639, aug=1278), val=160, acc=55.62%  [0.3s]
2026-04-30 23:16:16 | INFO     | cross_validation |   Fold 4/5: train=1917 (orig=639, aug=1278), val=160, acc=60.62%  [0.3s]
2026-04-30 23:16:16 | INFO     | cross_validation |   Fold 5/5: train=1920 (orig=640, aug=1280), val=159, acc=54.09%  [0.3s]
2026-04-30 23:16:16 | INFO     | cross_validation |   CV result: 57.32% ± 2.76%
2026-04-30 23:16:16 | INFO     | cross_validation |   Combo 2/8: {'C': 0.1, 'gamma': 'auto'}
2026-04-30 23:16:17 | INFO     | cross_validation |   Fold 1/5: train=1917 (orig=639, aug=1278), val=160, acc=54.37%  [0.3s]
2026-04-30 23:16:17 | INFO     | cross_validation |   Fold 2/5: train=1917 (orig=639, aug=1278), val=160, acc=51.88%  [0.3s]
2026-04-30 23:16:17 | INFO     | cross_validation |   Fold 3/5: train=1917 (orig=639, aug=1278), val=160, acc=49.38%  [0.3s]
2026-04-30 23:16:18 | INFO     | cross_validation |   Fold 4/5: train=1917 (orig=639, aug=1278), val=160, acc=56.88%  [0.3s]
2026-04-30 23:16:18 | INFO     | cross_validation |   Fold 5/5: train=1920 (orig=640, aug=1280), val=159, acc=49.06%  [0.3s]
2026-04-30 23:16:18 | INFO     | cross_validation |   CV result: 52.31% ± 2.98%
2026-04-30 23:16:18 | INFO     | cross_validation |   Combo 3/8: {'C': 1, 'gamma': 'scale'}
2026-04-30 23:16:18 | INFO     | cross_validation |   Fold 1/5: train=1917 (orig=639, aug=1278), val=160, acc=73.75%  [0.2s]
2026-04-30 23:16:18 | INFO     | cross_validation |   Fold 2/5: train=1917 (orig=639, aug=1278), val=160, acc=72.50%  [0.2s]
2026-04-30 23:16:18 | INFO     | cross_validation |   Fold 3/5: train=1917 (orig=639, aug=1278), val=160, acc=73.12%  [0.2s]
2026-04-30 23:16:19 | INFO     | cross_validation |   Fold 4/5: train=1917 (orig=639, aug=1278), val=160, acc=68.75%  [0.2s]
2026-04-30 23:16:19 | INFO     | cross_validation |   Fold 5/5: train=1920 (orig=640, aug=1280), val=159, acc=74.21%  [0.2s]
2026-04-30 23:16:19 | INFO     | cross_validation |   CV result: 72.47% ± 1.95%
2026-04-30 23:16:19 | INFO     | cross_validation |   Combo 4/8: {'C': 1, 'gamma': 'auto'}
2026-04-30 23:16:19 | INFO     | cross_validation |   Fold 1/5: train=1917 (orig=639, aug=1278), val=160, acc=72.50%  [0.3s]
2026-04-30 23:16:19 | INFO     | cross_validation |   Fold 2/5: train=1917 (orig=639, aug=1278), val=160, acc=66.88%  [0.3s]
2026-04-30 23:16:20 | INFO     | cross_validation |   Fold 3/5: train=1917 (orig=639, aug=1278), val=160, acc=70.62%  [0.3s]
2026-04-30 23:16:20 | INFO     | cross_validation |   Fold 4/5: train=1917 (orig=639, aug=1278), val=160, acc=70.62%  [0.3s]
2026-04-30 23:16:20 | INFO     | cross_validation |   Fold 5/5: train=1920 (orig=640, aug=1280), val=159, acc=71.70%  [0.3s]
2026-04-30 23:16:20 | INFO     | cross_validation |   CV result: 70.46% ± 1.93%
2026-04-30 23:16:20 | INFO     | cross_validation |   Combo 5/8: {'C': 10, 'gamma': 'scale'}
2026-04-30 23:16:21 | INFO     | cross_validation |   Fold 1/5: train=1917 (orig=639, aug=1278), val=160, acc=71.25%  [0.2s]
2026-04-30 23:16:21 | INFO     | cross_validation |   Fold 2/5: train=1917 (orig=639, aug=1278), val=160, acc=69.38%  [0.2s]
2026-04-30 23:16:21 | INFO     | cross_validation |   Fold 3/5: train=1917 (orig=639, aug=1278), val=160, acc=73.12%  [0.2s]
2026-04-30 23:16:21 | INFO     | cross_validation |   Fold 4/5: train=1917 (orig=639, aug=1278), val=160, acc=68.75%  [0.2s]
2026-04-30 23:16:21 | INFO     | cross_validation |   Fold 5/5: train=1920 (orig=640, aug=1280), val=159, acc=66.67%  [0.2s]
2026-04-30 23:16:21 | INFO     | cross_validation |   CV result: 69.83% ± 2.20%
2026-04-30 23:16:21 | INFO     | cross_validation |   Combo 6/8: {'C': 10, 'gamma': 'auto'}
2026-04-30 23:16:22 | INFO     | cross_validation |   Fold 1/5: train=1917 (orig=639, aug=1278), val=160, acc=73.75%  [0.3s]
2026-04-30 23:16:22 | INFO     | cross_validation |   Fold 2/5: train=1917 (orig=639, aug=1278), val=160, acc=66.25%  [0.3s]
2026-04-30 23:16:22 | INFO     | cross_validation |   Fold 3/5: train=1917 (orig=639, aug=1278), val=160, acc=73.75%  [0.3s]
2026-04-30 23:16:23 | INFO     | cross_validation |   Fold 4/5: train=1917 (orig=639, aug=1278), val=160, acc=70.62%  [0.3s]
2026-04-30 23:16:23 | INFO     | cross_validation |   Fold 5/5: train=1920 (orig=640, aug=1280), val=159, acc=70.44%  [0.3s]
2026-04-30 23:16:23 | INFO     | cross_validation |   CV result: 70.96% ± 2.76%
2026-04-30 23:16:23 | INFO     | cross_validation |   Combo 7/8: {'C': 100, 'gamma': 'scale'}
2026-04-30 23:16:23 | INFO     | cross_validation |   Fold 1/5: train=1917 (orig=639, aug=1278), val=160, acc=71.25%  [0.2s]
2026-04-30 23:16:23 | INFO     | cross_validation |   Fold 2/5: train=1917 (orig=639, aug=1278), val=160, acc=70.00%  [0.2s]
2026-04-30 23:16:23 | INFO     | cross_validation |   Fold 3/5: train=1917 (orig=639, aug=1278), val=160, acc=73.12%  [0.2s]
2026-04-30 23:16:24 | INFO     | cross_validation |   Fold 4/5: train=1917 (orig=639, aug=1278), val=160, acc=68.75%  [0.2s]
2026-04-30 23:16:24 | INFO     | cross_validation |   Fold 5/5: train=1920 (orig=640, aug=1280), val=159, acc=67.30%  [0.2s]
2026-04-30 23:16:24 | INFO     | cross_validation |   CV result: 70.08% ± 2.01%
2026-04-30 23:16:24 | INFO     | cross_validation |   Combo 8/8: {'C': 100, 'gamma': 'auto'}
2026-04-30 23:16:24 | INFO     | cross_validation |   Fold 1/5: train=1917 (orig=639, aug=1278), val=160, acc=73.75%  [0.3s]
2026-04-30 23:16:24 | INFO     | cross_validation |   Fold 2/5: train=1917 (orig=639, aug=1278), val=160, acc=66.25%  [0.3s]
2026-04-30 23:16:25 | INFO     | cross_validation |   Fold 3/5: train=1917 (orig=639, aug=1278), val=160, acc=73.75%  [0.3s]
2026-04-30 23:16:25 | INFO     | cross_validation |   Fold 4/5: train=1917 (orig=639, aug=1278), val=160, acc=70.62%  [0.3s]
2026-04-30 23:16:25 | INFO     | cross_validation |   Fold 5/5: train=1920 (orig=640, aug=1280), val=159, acc=70.44%  [0.3s]
2026-04-30 23:16:25 | INFO     | cross_validation |   CV result: 70.96% ± 2.76%
2026-04-30 23:16:25 | INFO     | cross_validation |   Best params: {'C': 1, 'gamma': 'scale'}
2026-04-30 23:16:25 | INFO     | cross_validation |   Best CV: 72.47% ± 1.95%
2026-04-30 23:16:25 | INFO     | cross_validation | ✓ grid_search_cv finished in 10.3s
2026-04-30 23:16:25 | INFO     | main | ────────────────────────────────────────────────────────────
2026-04-30 23:16:25 | INFO     | main |   SVM (RBF) [lda]
2026-04-30 23:16:25 | INFO     | main | ────────────────────────────────────────────────────────────
2026-04-30 23:16:25 | INFO     | cross_validation | → grid_search_cv started
2026-04-30 23:16:25 | INFO     | cross_validation | Grid search: 8 parameter combinations × 5 folds
2026-04-30 23:16:25 | INFO     | cross_validation |   Combo 1/8: {'C': 0.1, 'gamma': 'scale'}
2026-04-30 23:16:26 | INFO     | cross_validation |   Fold 1/5: train=1917 (orig=639, aug=1278), val=160, acc=68.12%  [0.2s]
2026-04-30 23:16:26 | INFO     | cross_validation |   Fold 2/5: train=1917 (orig=639, aug=1278), val=160, acc=73.12%  [0.3s]
2026-04-30 23:16:26 | INFO     | cross_validation |   Fold 3/5: train=1917 (orig=639, aug=1278), val=160, acc=72.50%  [0.2s]
2026-04-30 23:16:26 | INFO     | cross_validation |   Fold 4/5: train=1917 (orig=639, aug=1278), val=160, acc=73.75%  [0.2s]
2026-04-30 23:16:26 | INFO     | cross_validation |   Fold 5/5: train=1920 (orig=640, aug=1280), val=159, acc=73.58%  [0.2s]
2026-04-30 23:16:26 | INFO     | cross_validation |   CV result: 72.22% ± 2.09%
2026-04-30 23:16:26 | INFO     | cross_validation |   Combo 2/8: {'C': 0.1, 'gamma': 'auto'}
2026-04-30 23:16:27 | INFO     | cross_validation |   Fold 1/5: train=1917 (orig=639, aug=1278), val=160, acc=68.75%  [0.3s]
2026-04-30 23:16:27 | INFO     | cross_validation |   Fold 2/5: train=1917 (orig=639, aug=1278), val=160, acc=68.12%  [0.3s]
2026-04-30 23:16:27 | INFO     | cross_validation |   Fold 3/5: train=1917 (orig=639, aug=1278), val=160, acc=66.25%  [0.3s]
2026-04-30 23:16:28 | INFO     | cross_validation |   Fold 4/5: train=1917 (orig=639, aug=1278), val=160, acc=71.88%  [0.3s]
2026-04-30 23:16:28 | INFO     | cross_validation |   Fold 5/5: train=1920 (orig=640, aug=1280), val=159, acc=71.07%  [0.3s]
2026-04-30 23:16:28 | INFO     | cross_validation |   CV result: 69.21% ± 2.04%
2026-04-30 23:16:28 | INFO     | cross_validation |   Combo 3/8: {'C': 1, 'gamma': 'scale'}
2026-04-30 23:16:28 | INFO     | cross_validation |   Fold 1/5: train=1917 (orig=639, aug=1278), val=160, acc=70.62%  [0.1s]
2026-04-30 23:16:28 | INFO     | cross_validation |   Fold 2/5: train=1917 (orig=639, aug=1278), val=160, acc=71.88%  [0.1s]
2026-04-30 23:16:28 | INFO     | cross_validation |   Fold 3/5: train=1917 (orig=639, aug=1278), val=160, acc=70.62%  [0.1s]
2026-04-30 23:16:28 | INFO     | cross_validation |   Fold 4/5: train=1917 (orig=639, aug=1278), val=160, acc=76.25%  [0.1s]
2026-04-30 23:16:29 | INFO     | cross_validation |   Fold 5/5: train=1920 (orig=640, aug=1280), val=159, acc=75.47%  [0.2s]
2026-04-30 23:16:29 | INFO     | cross_validation |   CV result: 72.97% ± 2.42%
2026-04-30 23:16:29 | INFO     | cross_validation |   Combo 4/8: {'C': 1, 'gamma': 'auto'}
2026-04-30 23:16:29 | INFO     | cross_validation |   Fold 1/5: train=1917 (orig=639, aug=1278), val=160, acc=70.00%  [0.2s]
2026-04-30 23:16:29 | INFO     | cross_validation |   Fold 2/5: train=1917 (orig=639, aug=1278), val=160, acc=67.50%  [0.2s]
2026-04-30 23:16:29 | INFO     | cross_validation |   Fold 3/5: train=1917 (orig=639, aug=1278), val=160, acc=70.00%  [0.2s]
2026-04-30 23:16:30 | INFO     | cross_validation |   Fold 4/5: train=1917 (orig=639, aug=1278), val=160, acc=72.50%  [0.2s]
2026-04-30 23:16:30 | INFO     | cross_validation |   Fold 5/5: train=1920 (orig=640, aug=1280), val=159, acc=72.33%  [0.3s]
2026-04-30 23:16:30 | INFO     | cross_validation |   CV result: 70.47% ± 1.83%
2026-04-30 23:16:30 | INFO     | cross_validation |   Combo 5/8: {'C': 10, 'gamma': 'scale'}
2026-04-30 23:16:30 | INFO     | cross_validation |   Fold 1/5: train=1917 (orig=639, aug=1278), val=160, acc=70.62%  [0.1s]
2026-04-30 23:16:30 | INFO     | cross_validation |   Fold 2/5: train=1917 (orig=639, aug=1278), val=160, acc=67.50%  [0.1s]
2026-04-30 23:16:30 | INFO     | cross_validation |   Fold 3/5: train=1917 (orig=639, aug=1278), val=160, acc=71.88%  [0.1s]
2026-04-30 23:16:30 | INFO     | cross_validation |   Fold 4/5: train=1917 (orig=639, aug=1278), val=160, acc=72.50%  [0.1s]
2026-04-30 23:16:31 | INFO     | cross_validation |   Fold 5/5: train=1920 (orig=640, aug=1280), val=159, acc=74.21%  [0.2s]
2026-04-30 23:16:31 | INFO     | cross_validation |   CV result: 71.34% ± 2.24%
2026-04-30 23:16:31 | INFO     | cross_validation |   Combo 6/8: {'C': 10, 'gamma': 'auto'}
2026-04-30 23:16:31 | INFO     | cross_validation |   Fold 1/5: train=1917 (orig=639, aug=1278), val=160, acc=69.38%  [0.3s]
2026-04-30 23:16:31 | INFO     | cross_validation |   Fold 2/5: train=1917 (orig=639, aug=1278), val=160, acc=63.75%  [0.2s]
2026-04-30 23:16:31 | INFO     | cross_validation |   Fold 3/5: train=1917 (orig=639, aug=1278), val=160, acc=66.88%  [0.3s]
2026-04-30 23:16:32 | INFO     | cross_validation |   Fold 4/5: train=1917 (orig=639, aug=1278), val=160, acc=69.38%  [0.3s]
2026-04-30 23:16:32 | INFO     | cross_validation |   Fold 5/5: train=1920 (orig=640, aug=1280), val=159, acc=71.07%  [0.3s]
2026-04-30 23:16:32 | INFO     | cross_validation |   CV result: 68.09% ± 2.55%
2026-04-30 23:16:32 | INFO     | cross_validation |   Combo 7/8: {'C': 100, 'gamma': 'scale'}
2026-04-30 23:16:32 | INFO     | cross_validation |   Fold 1/5: train=1917 (orig=639, aug=1278), val=160, acc=63.12%  [0.1s]
2026-04-30 23:16:32 | INFO     | cross_validation |   Fold 2/5: train=1917 (orig=639, aug=1278), val=160, acc=65.00%  [0.1s]
2026-04-30 23:16:32 | INFO     | cross_validation |   Fold 3/5: train=1917 (orig=639, aug=1278), val=160, acc=68.75%  [0.1s]
2026-04-30 23:16:33 | INFO     | cross_validation |   Fold 4/5: train=1917 (orig=639, aug=1278), val=160, acc=71.88%  [0.1s]
2026-04-30 23:16:33 | INFO     | cross_validation |   Fold 5/5: train=1920 (orig=640, aug=1280), val=159, acc=72.33%  [0.1s]
2026-04-30 23:16:33 | INFO     | cross_validation |   CV result: 68.22% ± 3.66%
2026-04-30 23:16:33 | INFO     | cross_validation |   Combo 8/8: {'C': 100, 'gamma': 'auto'}
2026-04-30 23:16:33 | INFO     | cross_validation |   Fold 1/5: train=1917 (orig=639, aug=1278), val=160, acc=70.00%  [0.3s]
2026-04-30 23:16:33 | INFO     | cross_validation |   Fold 2/5: train=1917 (orig=639, aug=1278), val=160, acc=63.75%  [0.3s]
2026-04-30 23:16:33 | INFO     | cross_validation |   Fold 3/5: train=1917 (orig=639, aug=1278), val=160, acc=66.25%  [0.3s]
2026-04-30 23:16:34 | INFO     | cross_validation |   Fold 4/5: train=1917 (orig=639, aug=1278), val=160, acc=70.00%  [0.3s]
2026-04-30 23:16:34 | INFO     | cross_validation |   Fold 5/5: train=1920 (orig=640, aug=1280), val=159, acc=71.07%  [0.3s]
2026-04-30 23:16:34 | INFO     | cross_validation |   CV result: 68.21% ± 2.77%
2026-04-30 23:16:34 | INFO     | cross_validation |   Best params: {'C': 1, 'gamma': 'scale'}
2026-04-30 23:16:34 | INFO     | cross_validation |   Best CV: 72.97% ± 2.42%
2026-04-30 23:16:34 | INFO     | cross_validation | ✓ grid_search_cv finished in 8.6s
2026-04-30 23:16:34 | INFO     | main | ────────────────────────────────────────────────────────────
2026-04-30 23:16:34 | INFO     | main |   SVM (RBF) [skb]
2026-04-30 23:16:34 | INFO     | main | ────────────────────────────────────────────────────────────
2026-04-30 23:16:34 | INFO     | cross_validation | → grid_search_cv started
2026-04-30 23:16:34 | INFO     | cross_validation | Grid search: 8 parameter combinations × 5 folds
2026-04-30 23:16:34 | INFO     | cross_validation |   Combo 1/8: {'C': 0.1, 'gamma': 'scale'}
2026-04-30 23:16:34 | INFO     | cross_validation |   Fold 1/5: train=1917 (orig=639, aug=1278), val=160, acc=67.50%  [0.2s]
2026-04-30 23:16:34 | INFO     | cross_validation |   Fold 2/5: train=1917 (orig=639, aug=1278), val=160, acc=56.88%  [0.2s]
2026-04-30 23:16:35 | INFO     | cross_validation |   Fold 3/5: train=1917 (orig=639, aug=1278), val=160, acc=65.00%  [0.2s]
2026-04-30 23:16:35 | INFO     | cross_validation |   Fold 4/5: train=1917 (orig=639, aug=1278), val=160, acc=66.88%  [0.2s]
2026-04-30 23:16:35 | INFO     | cross_validation |   Fold 5/5: train=1920 (orig=640, aug=1280), val=159, acc=58.49%  [0.2s]
2026-04-30 23:16:35 | INFO     | cross_validation |   CV result: 62.95% ± 4.41%
2026-04-30 23:16:35 | INFO     | cross_validation |   Combo 2/8: {'C': 0.1, 'gamma': 'auto'}
2026-04-30 23:16:35 | INFO     | cross_validation |   Fold 1/5: train=1917 (orig=639, aug=1278), val=160, acc=66.88%  [0.2s]
2026-04-30 23:16:35 | INFO     | cross_validation |   Fold 2/5: train=1917 (orig=639, aug=1278), val=160, acc=56.88%  [0.2s]
2026-04-30 23:16:35 | INFO     | cross_validation |   Fold 3/5: train=1917 (orig=639, aug=1278), val=160, acc=64.38%  [0.2s]
2026-04-30 23:16:36 | INFO     | cross_validation |   Fold 4/5: train=1917 (orig=639, aug=1278), val=160, acc=66.25%  [0.2s]
2026-04-30 23:16:36 | INFO     | cross_validation |   Fold 5/5: train=1920 (orig=640, aug=1280), val=159, acc=62.26%  [0.2s]
2026-04-30 23:16:36 | INFO     | cross_validation |   CV result: 63.33% ± 3.61%
2026-04-30 23:16:36 | INFO     | cross_validation |   Combo 3/8: {'C': 1, 'gamma': 'scale'}
2026-04-30 23:16:36 | INFO     | cross_validation |   Fold 1/5: train=1917 (orig=639, aug=1278), val=160, acc=78.75%  [0.1s]
2026-04-30 23:16:36 | INFO     | cross_validation |   Fold 2/5: train=1917 (orig=639, aug=1278), val=160, acc=74.38%  [0.1s]
2026-04-30 23:16:36 | INFO     | cross_validation |   Fold 3/5: train=1917 (orig=639, aug=1278), val=160, acc=83.75%  [0.1s]
2026-04-30 23:16:36 | INFO     | cross_validation |   Fold 4/5: train=1917 (orig=639, aug=1278), val=160, acc=78.75%  [0.1s]
2026-04-30 23:16:36 | INFO     | cross_validation |   Fold 5/5: train=1920 (orig=640, aug=1280), val=159, acc=72.33%  [0.1s]
2026-04-30 23:16:36 | INFO     | cross_validation |   CV result: 77.59% ± 3.97%
2026-04-30 23:16:36 | INFO     | cross_validation |   Combo 4/8: {'C': 1, 'gamma': 'auto'}
2026-04-30 23:16:36 | INFO     | cross_validation |   Fold 1/5: train=1917 (orig=639, aug=1278), val=160, acc=78.12%  [0.1s]
2026-04-30 23:16:37 | INFO     | cross_validation |   Fold 2/5: train=1917 (orig=639, aug=1278), val=160, acc=76.25%  [0.1s]
2026-04-30 23:16:37 | INFO     | cross_validation |   Fold 3/5: train=1917 (orig=639, aug=1278), val=160, acc=83.12%  [0.1s]
2026-04-30 23:16:37 | INFO     | cross_validation |   Fold 4/5: train=1917 (orig=639, aug=1278), val=160, acc=78.75%  [0.1s]
2026-04-30 23:16:37 | INFO     | cross_validation |   Fold 5/5: train=1920 (orig=640, aug=1280), val=159, acc=73.58%  [0.1s]
2026-04-30 23:16:37 | INFO     | cross_validation |   CV result: 77.97% ± 3.14%
2026-04-30 23:16:37 | INFO     | cross_validation |   Combo 5/8: {'C': 10, 'gamma': 'scale'}
2026-04-30 23:16:37 | INFO     | cross_validation |   Fold 1/5: train=1917 (orig=639, aug=1278), val=160, acc=78.12%  [0.1s]
2026-04-30 23:16:37 | INFO     | cross_validation |   Fold 2/5: train=1917 (orig=639, aug=1278), val=160, acc=73.12%  [0.1s]
2026-04-30 23:16:37 | INFO     | cross_validation |   Fold 3/5: train=1917 (orig=639, aug=1278), val=160, acc=78.75%  [0.1s]
2026-04-30 23:16:37 | INFO     | cross_validation |   Fold 4/5: train=1917 (orig=639, aug=1278), val=160, acc=77.50%  [0.1s]
2026-04-30 23:16:37 | INFO     | cross_validation |   Fold 5/5: train=1920 (orig=640, aug=1280), val=159, acc=75.47%  [0.1s]
2026-04-30 23:16:37 | INFO     | cross_validation |   CV result: 76.59% ± 2.05%
2026-04-30 23:16:37 | INFO     | cross_validation |   Combo 6/8: {'C': 10, 'gamma': 'auto'}
2026-04-30 23:16:38 | INFO     | cross_validation |   Fold 1/5: train=1917 (orig=639, aug=1278), val=160, acc=78.12%  [0.1s]
2026-04-30 23:16:38 | INFO     | cross_validation |   Fold 2/5: train=1917 (orig=639, aug=1278), val=160, acc=72.50%  [0.1s]
2026-04-30 23:16:38 | INFO     | cross_validation |   Fold 3/5: train=1917 (orig=639, aug=1278), val=160, acc=78.75%  [0.1s]
2026-04-30 23:16:38 | INFO     | cross_validation |   Fold 4/5: train=1917 (orig=639, aug=1278), val=160, acc=77.50%  [0.1s]
2026-04-30 23:16:38 | INFO     | cross_validation |   Fold 5/5: train=1920 (orig=640, aug=1280), val=159, acc=73.58%  [0.1s]
2026-04-30 23:16:38 | INFO     | cross_validation |   CV result: 76.09% ± 2.54%
2026-04-30 23:16:38 | INFO     | cross_validation |   Combo 7/8: {'C': 100, 'gamma': 'scale'}
2026-04-30 23:16:38 | INFO     | cross_validation |   Fold 1/5: train=1917 (orig=639, aug=1278), val=160, acc=76.88%  [0.1s]
2026-04-30 23:16:38 | INFO     | cross_validation |   Fold 2/5: train=1917 (orig=639, aug=1278), val=160, acc=72.50%  [0.1s]
2026-04-30 23:16:38 | INFO     | cross_validation |   Fold 3/5: train=1917 (orig=639, aug=1278), val=160, acc=80.62%  [0.1s]
2026-04-30 23:16:38 | INFO     | cross_validation |   Fold 4/5: train=1917 (orig=639, aug=1278), val=160, acc=76.88%  [0.1s]
2026-04-30 23:16:38 | INFO     | cross_validation |   Fold 5/5: train=1920 (orig=640, aug=1280), val=159, acc=75.47%  [0.1s]
2026-04-30 23:16:38 | INFO     | cross_validation |   CV result: 76.47% ± 2.62%
2026-04-30 23:16:38 | INFO     | cross_validation |   Combo 8/8: {'C': 100, 'gamma': 'auto'}
2026-04-30 23:16:39 | INFO     | cross_validation |   Fold 1/5: train=1917 (orig=639, aug=1278), val=160, acc=76.25%  [0.1s]
2026-04-30 23:16:39 | INFO     | cross_validation |   Fold 2/5: train=1917 (orig=639, aug=1278), val=160, acc=72.50%  [0.1s]
2026-04-30 23:16:39 | INFO     | cross_validation |   Fold 3/5: train=1917 (orig=639, aug=1278), val=160, acc=80.62%  [0.1s]
2026-04-30 23:16:39 | INFO     | cross_validation |   Fold 4/5: train=1917 (orig=639, aug=1278), val=160, acc=76.88%  [0.1s]
2026-04-30 23:16:39 | INFO     | cross_validation |   Fold 5/5: train=1920 (orig=640, aug=1280), val=159, acc=72.33%  [0.1s]
2026-04-30 23:16:39 | INFO     | cross_validation |   CV result: 75.72% ± 3.08%
2026-04-30 23:16:39 | INFO     | cross_validation |   Best params: {'C': 1, 'gamma': 'auto'}
2026-04-30 23:16:39 | INFO     | cross_validation |   Best CV: 77.97% ± 3.14%
2026-04-30 23:16:39 | INFO     | cross_validation | ✓ grid_search_cv finished in 5.0s
2026-04-30 23:16:39 | INFO     | main | ────────────────────────────────────────────────────────────
2026-04-30 23:16:39 | INFO     | main |   Random Forest [raw]
2026-04-30 23:16:39 | INFO     | main | ────────────────────────────────────────────────────────────
2026-04-30 23:16:39 | INFO     | cross_validation | → grid_search_cv started
2026-04-30 23:16:39 | INFO     | cross_validation | Grid search: 12 parameter combinations × 5 folds
2026-04-30 23:16:39 | INFO     | cross_validation |   Combo 1/12: {'max_features': 'sqrt', 'min_samples_split': 2, 'n_estimators': 100}
2026-04-30 23:16:39 | INFO     | cross_validation |   Fold 1/5: train=1917 (orig=639, aug=1278), val=160, acc=73.75%  [0.4s]
2026-04-30 23:16:40 | INFO     | cross_validation |   Fold 2/5: train=1917 (orig=639, aug=1278), val=160, acc=71.25%  [0.5s]
2026-04-30 23:16:40 | INFO     | cross_validation |   Fold 3/5: train=1917 (orig=639, aug=1278), val=160, acc=73.75%  [0.4s]
2026-04-30 23:16:41 | INFO     | cross_validation |   Fold 4/5: train=1917 (orig=639, aug=1278), val=160, acc=67.50%  [0.4s]
2026-04-30 23:16:41 | INFO     | cross_validation |   Fold 5/5: train=1920 (orig=640, aug=1280), val=159, acc=69.18%  [0.4s]
2026-04-30 23:16:41 | INFO     | cross_validation |   CV result: 71.09% ± 2.48%
2026-04-30 23:16:41 | INFO     | cross_validation |   Combo 2/12: {'max_features': 'sqrt', 'min_samples_split': 2, 'n_estimators': 300}
2026-04-30 23:16:45 | INFO     | cross_validation |   Fold 1/5: train=1917 (orig=639, aug=1278), val=160, acc=72.50%  [1.1s]
2026-04-30 23:16:46 | INFO     | cross_validation |   Fold 2/5: train=1917 (orig=639, aug=1278), val=160, acc=74.38%  [1.1s]
2026-04-30 23:16:47 | INFO     | cross_validation |   Fold 3/5: train=1917 (orig=639, aug=1278), val=160, acc=75.00%  [1.2s]
2026-04-30 23:16:48 | INFO     | cross_validation |   Fold 4/5: train=1917 (orig=639, aug=1278), val=160, acc=71.25%  [1.1s]
2026-04-30 23:16:49 | INFO     | cross_validation |   Fold 5/5: train=1920 (orig=640, aug=1280), val=159, acc=71.07%  [1.1s]
2026-04-30 23:16:49 | INFO     | cross_validation |   CV result: 72.84% ± 1.60%
2026-04-30 23:16:49 | INFO     | cross_validation |   Combo 3/12: {'max_features': 'sqrt', 'min_samples_split': 2, 'n_estimators': 500}
2026-04-30 23:16:51 | INFO     | cross_validation |   Fold 1/5: train=1917 (orig=639, aug=1278), val=160, acc=72.50%  [1.9s]
2026-04-30 23:16:53 | INFO     | cross_validation |   Fold 2/5: train=1917 (orig=639, aug=1278), val=160, acc=73.75%  [1.9s]
2026-04-30 23:16:55 | INFO     | cross_validation |   Fold 3/5: train=1917 (orig=639, aug=1278), val=160, acc=75.00%  [1.9s]
2026-04-30 23:16:57 | INFO     | cross_validation |   Fold 4/5: train=1917 (orig=639, aug=1278), val=160, acc=71.25%  [1.8s]
2026-04-30 23:16:59 | INFO     | cross_validation |   Fold 5/5: train=1920 (orig=640, aug=1280), val=159, acc=71.70%  [1.9s]
2026-04-30 23:16:59 | INFO     | cross_validation |   CV result: 72.84% ± 1.37%
2026-04-30 23:16:59 | INFO     | cross_validation |   Combo 4/12: {'max_features': 'sqrt', 'min_samples_split': 5, 'n_estimators': 100}
2026-04-30 23:16:59 | INFO     | cross_validation |   Fold 1/5: train=1917 (orig=639, aug=1278), val=160, acc=72.50%  [0.4s]
2026-04-30 23:17:00 | INFO     | cross_validation |   Fold 2/5: train=1917 (orig=639, aug=1278), val=160, acc=69.38%  [0.4s]
2026-04-30 23:17:00 | INFO     | cross_validation |   Fold 3/5: train=1917 (orig=639, aug=1278), val=160, acc=74.38%  [0.4s]
2026-04-30 23:17:00 | INFO     | cross_validation |   Fold 4/5: train=1917 (orig=639, aug=1278), val=160, acc=73.12%  [0.4s]
2026-04-30 23:17:01 | INFO     | cross_validation |   Fold 5/5: train=1920 (orig=640, aug=1280), val=159, acc=69.18%  [0.4s]
2026-04-30 23:17:01 | INFO     | cross_validation |   CV result: 71.71% ± 2.08%
2026-04-30 23:17:01 | INFO     | cross_validation |   Combo 5/12: {'max_features': 'sqrt', 'min_samples_split': 5, 'n_estimators': 300}
2026-04-30 23:17:02 | INFO     | cross_validation |   Fold 1/5: train=1917 (orig=639, aug=1278), val=160, acc=74.38%  [1.1s]
2026-04-30 23:17:03 | INFO     | cross_validation |   Fold 2/5: train=1917 (orig=639, aug=1278), val=160, acc=68.75%  [1.1s]
2026-04-30 23:17:04 | INFO     | cross_validation |   Fold 3/5: train=1917 (orig=639, aug=1278), val=160, acc=75.62%  [1.1s]
2026-04-30 23:17:05 | INFO     | cross_validation |   Fold 4/5: train=1917 (orig=639, aug=1278), val=160, acc=71.88%  [1.2s]
2026-04-30 23:17:06 | INFO     | cross_validation |   Fold 5/5: train=1920 (orig=640, aug=1280), val=159, acc=69.18%  [1.1s]
2026-04-30 23:17:06 | INFO     | cross_validation |   CV result: 71.96% ± 2.73%
2026-04-30 23:17:06 | INFO     | cross_validation |   Combo 6/12: {'max_features': 'sqrt', 'min_samples_split': 5, 'n_estimators': 500}
2026-04-30 23:17:08 | INFO     | cross_validation |   Fold 1/5: train=1917 (orig=639, aug=1278), val=160, acc=73.75%  [1.9s]
2026-04-30 23:17:10 | INFO     | cross_validation |   Fold 2/5: train=1917 (orig=639, aug=1278), val=160, acc=70.62%  [1.9s]
2026-04-30 23:17:12 | INFO     | cross_validation |   Fold 3/5: train=1917 (orig=639, aug=1278), val=160, acc=75.00%  [1.8s]
2026-04-30 23:17:14 | INFO     | cross_validation |   Fold 4/5: train=1917 (orig=639, aug=1278), val=160, acc=71.88%  [1.8s]
2026-04-30 23:17:16 | INFO     | cross_validation |   Fold 5/5: train=1920 (orig=640, aug=1280), val=159, acc=69.81%  [1.9s]
2026-04-30 23:17:16 | INFO     | cross_validation |   CV result: 72.21% ± 1.93%
2026-04-30 23:17:16 | INFO     | cross_validation |   Combo 7/12: {'max_features': 'log2', 'min_samples_split': 2, 'n_estimators': 100}
2026-04-30 23:17:16 | INFO     | cross_validation |   Fold 1/5: train=1917 (orig=639, aug=1278), val=160, acc=73.75%  [0.4s]
2026-04-30 23:17:20 | INFO     | cross_validation |   Fold 2/5: train=1917 (orig=639, aug=1278), val=160, acc=71.88%  [0.4s]
2026-04-30 23:17:20 | INFO     | cross_validation |   Fold 3/5: train=1917 (orig=639, aug=1278), val=160, acc=74.38%  [0.4s]
2026-04-30 23:17:20 | INFO     | cross_validation |   Fold 4/5: train=1917 (orig=639, aug=1278), val=160, acc=71.25%  [0.4s]
2026-04-30 23:17:21 | INFO     | cross_validation |   Fold 5/5: train=1920 (orig=640, aug=1280), val=159, acc=70.44%  [0.4s]
2026-04-30 23:17:21 | INFO     | cross_validation |   CV result: 72.34% ± 1.49%
2026-04-30 23:17:21 | INFO     | cross_validation |   Combo 8/12: {'max_features': 'log2', 'min_samples_split': 2, 'n_estimators': 300}
2026-04-30 23:17:22 | INFO     | cross_validation |   Fold 1/5: train=1917 (orig=639, aug=1278), val=160, acc=71.88%  [1.1s]
2026-04-30 23:17:23 | INFO     | cross_validation |   Fold 2/5: train=1917 (orig=639, aug=1278), val=160, acc=72.50%  [1.1s]
2026-04-30 23:17:24 | INFO     | cross_validation |   Fold 3/5: train=1917 (orig=639, aug=1278), val=160, acc=76.88%  [1.1s]
2026-04-30 23:17:25 | INFO     | cross_validation |   Fold 4/5: train=1917 (orig=639, aug=1278), val=160, acc=70.62%  [1.1s]
2026-04-30 23:17:26 | INFO     | cross_validation |   Fold 5/5: train=1920 (orig=640, aug=1280), val=159, acc=69.18%  [1.1s]
2026-04-30 23:17:26 | INFO     | cross_validation |   CV result: 72.21% ± 2.59%
2026-04-30 23:17:26 | INFO     | cross_validation |   Combo 9/12: {'max_features': 'log2', 'min_samples_split': 2, 'n_estimators': 500}
2026-04-30 23:17:28 | INFO     | cross_validation |   Fold 1/5: train=1917 (orig=639, aug=1278), val=160, acc=73.75%  [1.8s]
2026-04-30 23:17:30 | INFO     | cross_validation |   Fold 2/5: train=1917 (orig=639, aug=1278), val=160, acc=71.25%  [1.9s]
2026-04-30 23:17:32 | INFO     | cross_validation |   Fold 3/5: train=1917 (orig=639, aug=1278), val=160, acc=74.38%  [1.8s]
2026-04-30 23:17:34 | INFO     | cross_validation |   Fold 4/5: train=1917 (orig=639, aug=1278), val=160, acc=71.25%  [1.8s]
2026-04-30 23:17:36 | INFO     | cross_validation |   Fold 5/5: train=1920 (orig=640, aug=1280), val=159, acc=68.55%  [1.8s]
2026-04-30 23:17:36 | INFO     | cross_validation |   CV result: 71.84% ± 2.08%
2026-04-30 23:17:36 | INFO     | cross_validation |   Combo 10/12: {'max_features': 'log2', 'min_samples_split': 5, 'n_estimators': 100}
2026-04-30 23:17:36 | INFO     | cross_validation |   Fold 1/5: train=1917 (orig=639, aug=1278), val=160, acc=73.12%  [0.4s]
2026-04-30 23:17:36 | INFO     | cross_validation |   Fold 2/5: train=1917 (orig=639, aug=1278), val=160, acc=71.88%  [0.4s]
2026-04-30 23:17:37 | INFO     | cross_validation |   Fold 3/5: train=1917 (orig=639, aug=1278), val=160, acc=71.25%  [0.4s]
2026-04-30 23:17:37 | INFO     | cross_validation |   Fold 4/5: train=1917 (orig=639, aug=1278), val=160, acc=68.75%  [0.4s]
2026-04-30 23:17:38 | INFO     | cross_validation |   Fold 5/5: train=1920 (orig=640, aug=1280), val=159, acc=69.18%  [0.4s]
2026-04-30 23:17:38 | INFO     | cross_validation |   CV result: 70.84% ± 1.65%
2026-04-30 23:17:38 | INFO     | cross_validation |   Combo 11/12: {'max_features': 'log2', 'min_samples_split': 5, 'n_estimators': 300}
2026-04-30 23:17:39 | INFO     | cross_validation |   Fold 1/5: train=1917 (orig=639, aug=1278), val=160, acc=73.12%  [1.1s]
2026-04-30 23:17:40 | INFO     | cross_validation |   Fold 2/5: train=1917 (orig=639, aug=1278), val=160, acc=73.12%  [1.1s]
2026-04-30 23:17:41 | INFO     | cross_validation |   Fold 3/5: train=1917 (orig=639, aug=1278), val=160, acc=76.25%  [1.1s]
2026-04-30 23:17:42 | INFO     | cross_validation |   Fold 4/5: train=1917 (orig=639, aug=1278), val=160, acc=71.88%  [1.1s]
2026-04-30 23:17:43 | INFO     | cross_validation |   Fold 5/5: train=1920 (orig=640, aug=1280), val=159, acc=68.55%  [1.1s]
2026-04-30 23:17:43 | INFO     | cross_validation |   CV result: 72.59% ± 2.48%
2026-04-30 23:17:43 | INFO     | cross_validation |   Combo 12/12: {'max_features': 'log2', 'min_samples_split': 5, 'n_estimators': 500}
2026-04-30 23:17:45 | INFO     | cross_validation |   Fold 1/5: train=1917 (orig=639, aug=1278), val=160, acc=72.50%  [1.8s]
2026-04-30 23:17:47 | INFO     | cross_validation |   Fold 2/5: train=1917 (orig=639, aug=1278), val=160, acc=73.12%  [2.0s]
2026-04-30 23:17:49 | INFO     | cross_validation |   Fold 3/5: train=1917 (orig=639, aug=1278), val=160, acc=74.38%  [2.0s]
2026-04-30 23:17:51 | INFO     | cross_validation |   Fold 4/5: train=1917 (orig=639, aug=1278), val=160, acc=70.62%  [2.0s]
2026-04-30 23:17:56 | INFO     | cross_validation |   Fold 5/5: train=1920 (orig=640, aug=1280), val=159, acc=67.92%  [1.8s]
2026-04-30 23:17:56 | INFO     | cross_validation |   CV result: 71.71% ± 2.25%
2026-04-30 23:17:56 | INFO     | cross_validation |   Best params: {'max_features': 'sqrt', 'min_samples_split': 2, 'n_estimators': 500}
2026-04-30 23:17:56 | INFO     | cross_validation |   Best CV: 72.84% ± 1.37%
2026-04-30 23:17:56 | INFO     | cross_validation | ✓ grid_search_cv finished in 68.4s
2026-04-30 23:17:56 | INFO     | main | ────────────────────────────────────────────────────────────
2026-04-30 23:17:56 | INFO     | main |   Random Forest [pca]
2026-04-30 23:17:56 | INFO     | main | ────────────────────────────────────────────────────────────
2026-04-30 23:17:56 | INFO     | cross_validation | → grid_search_cv started
2026-04-30 23:17:56 | INFO     | cross_validation | Grid search: 12 parameter combinations × 5 folds
2026-04-30 23:17:56 | INFO     | cross_validation |   Combo 1/12: {'max_features': 'sqrt', 'min_samples_split': 2, 'n_estimators': 100}
2026-04-30 23:17:56 | INFO     | cross_validation |   Fold 1/5: train=1917 (orig=639, aug=1278), val=160, acc=61.88%  [0.5s]
2026-04-30 23:17:57 | INFO     | cross_validation |   Fold 2/5: train=1917 (orig=639, aug=1278), val=160, acc=62.50%  [0.6s]
2026-04-30 23:17:57 | INFO     | cross_validation |   Fold 3/5: train=1917 (orig=639, aug=1278), val=160, acc=62.50%  [0.5s]
2026-04-30 23:17:58 | INFO     | cross_validation |   Fold 4/5: train=1917 (orig=639, aug=1278), val=160, acc=60.62%  [0.5s]
2026-04-30 23:17:58 | INFO     | cross_validation |   Fold 5/5: train=1920 (orig=640, aug=1280), val=159, acc=61.01%  [0.5s]
2026-04-30 23:17:58 | INFO     | cross_validation |   CV result: 61.70% ± 0.77%
2026-04-30 23:17:58 | INFO     | cross_validation |   Combo 2/12: {'max_features': 'sqrt', 'min_samples_split': 2, 'n_estimators': 300}
2026-04-30 23:18:00 | INFO     | cross_validation |   Fold 1/5: train=1917 (orig=639, aug=1278), val=160, acc=65.62%  [1.2s]
2026-04-30 23:18:01 | INFO     | cross_validation |   Fold 2/5: train=1917 (orig=639, aug=1278), val=160, acc=66.25%  [1.2s]
2026-04-30 23:18:02 | INFO     | cross_validation |   Fold 3/5: train=1917 (orig=639, aug=1278), val=160, acc=63.75%  [1.2s]
2026-04-30 23:18:03 | INFO     | cross_validation |   Fold 4/5: train=1917 (orig=639, aug=1278), val=160, acc=61.88%  [1.2s]
2026-04-30 23:18:04 | INFO     | cross_validation |   Fold 5/5: train=1920 (orig=640, aug=1280), val=159, acc=62.89%  [1.2s]
2026-04-30 23:18:04 | INFO     | cross_validation |   CV result: 64.08% ± 1.64%
2026-04-30 23:18:04 | INFO     | cross_validation |   Combo 3/12: {'max_features': 'sqrt', 'min_samples_split': 2, 'n_estimators': 500}
2026-04-30 23:18:06 | INFO     | cross_validation |   Fold 1/5: train=1917 (orig=639, aug=1278), val=160, acc=64.38%  [1.9s]
2026-04-30 23:18:08 | INFO     | cross_validation |   Fold 2/5: train=1917 (orig=639, aug=1278), val=160, acc=66.25%  [1.9s]
2026-04-30 23:18:10 | INFO     | cross_validation |   Fold 3/5: train=1917 (orig=639, aug=1278), val=160, acc=65.62%  [1.9s]
2026-04-30 23:18:12 | INFO     | cross_validation |   Fold 4/5: train=1917 (orig=639, aug=1278), val=160, acc=65.00%  [1.9s]
2026-04-30 23:18:14 | INFO     | cross_validation |   Fold 5/5: train=1920 (orig=640, aug=1280), val=159, acc=61.64%  [2.0s]
2026-04-30 23:18:14 | INFO     | cross_validation |   CV result: 64.58% ± 1.60%
2026-04-30 23:18:14 | INFO     | cross_validation |   Combo 4/12: {'max_features': 'sqrt', 'min_samples_split': 5, 'n_estimators': 100}
2026-04-30 23:18:15 | INFO     | cross_validation |   Fold 1/5: train=1917 (orig=639, aug=1278), val=160, acc=61.88%  [0.5s]
2026-04-30 23:18:15 | INFO     | cross_validation |   Fold 2/5: train=1917 (orig=639, aug=1278), val=160, acc=63.12%  [0.5s]
2026-04-30 23:18:16 | INFO     | cross_validation |   Fold 3/5: train=1917 (orig=639, aug=1278), val=160, acc=63.12%  [0.5s]
2026-04-30 23:18:16 | INFO     | cross_validation |   Fold 4/5: train=1917 (orig=639, aug=1278), val=160, acc=62.50%  [0.5s]
2026-04-30 23:18:17 | INFO     | cross_validation |   Fold 5/5: train=1920 (orig=640, aug=1280), val=159, acc=59.75%  [0.5s]
2026-04-30 23:18:17 | INFO     | cross_validation |   CV result: 62.07% ± 1.25%
2026-04-30 23:18:17 | INFO     | cross_validation |   Combo 5/12: {'max_features': 'sqrt', 'min_samples_split': 5, 'n_estimators': 300}
2026-04-30 23:18:18 | INFO     | cross_validation |   Fold 1/5: train=1917 (orig=639, aug=1278), val=160, acc=64.38%  [1.2s]
2026-04-30 23:18:19 | INFO     | cross_validation |   Fold 2/5: train=1917 (orig=639, aug=1278), val=160, acc=63.12%  [1.3s]
2026-04-30 23:18:20 | INFO     | cross_validation |   Fold 3/5: train=1917 (orig=639, aug=1278), val=160, acc=63.75%  [1.2s]
2026-04-30 23:18:22 | INFO     | cross_validation |   Fold 4/5: train=1917 (orig=639, aug=1278), val=160, acc=66.25%  [1.2s]
2026-04-30 23:18:23 | INFO     | cross_validation |   Fold 5/5: train=1920 (orig=640, aug=1280), val=159, acc=62.26%  [1.2s]
2026-04-30 23:18:23 | INFO     | cross_validation |   CV result: 63.95% ± 1.34%
2026-04-30 23:18:23 | INFO     | cross_validation |   Combo 6/12: {'max_features': 'sqrt', 'min_samples_split': 5, 'n_estimators': 500}
2026-04-30 23:18:25 | INFO     | cross_validation |   Fold 1/5: train=1917 (orig=639, aug=1278), val=160, acc=67.50%  [1.9s]
2026-04-30 23:18:27 | INFO     | cross_validation |   Fold 2/5: train=1917 (orig=639, aug=1278), val=160, acc=68.12%  [1.9s]
2026-04-30 23:18:31 | INFO     | cross_validation |   Fold 3/5: train=1917 (orig=639, aug=1278), val=160, acc=63.75%  [2.0s]
2026-04-30 23:18:33 | INFO     | cross_validation |   Fold 4/5: train=1917 (orig=639, aug=1278), val=160, acc=65.00%  [2.0s]
2026-04-30 23:18:35 | INFO     | cross_validation |   Fold 5/5: train=1920 (orig=640, aug=1280), val=159, acc=63.52%  [1.9s]
2026-04-30 23:18:35 | INFO     | cross_validation |   CV result: 65.58% ± 1.90%
2026-04-30 23:18:35 | INFO     | cross_validation |   Combo 7/12: {'max_features': 'log2', 'min_samples_split': 2, 'n_estimators': 100}
2026-04-30 23:18:36 | INFO     | cross_validation |   Fold 1/5: train=1917 (orig=639, aug=1278), val=160, acc=61.25%  [0.5s]
2026-04-30 23:18:36 | INFO     | cross_validation |   Fold 2/5: train=1917 (orig=639, aug=1278), val=160, acc=63.75%  [0.5s]
2026-04-30 23:18:37 | INFO     | cross_validation |   Fold 3/5: train=1917 (orig=639, aug=1278), val=160, acc=58.13%  [0.5s]
2026-04-30 23:18:37 | INFO     | cross_validation |   Fold 4/5: train=1917 (orig=639, aug=1278), val=160, acc=61.88%  [0.5s]
2026-04-30 23:18:38 | INFO     | cross_validation |   Fold 5/5: train=1920 (orig=640, aug=1280), val=159, acc=63.52%  [0.5s]
2026-04-30 23:18:38 | INFO     | cross_validation |   CV result: 61.70% ± 2.03%
2026-04-30 23:18:38 | INFO     | cross_validation |   Combo 8/12: {'max_features': 'log2', 'min_samples_split': 2, 'n_estimators': 300}
2026-04-30 23:18:39 | INFO     | cross_validation |   Fold 1/5: train=1917 (orig=639, aug=1278), val=160, acc=63.75%  [1.2s]
2026-04-30 23:18:40 | INFO     | cross_validation |   Fold 2/5: train=1917 (orig=639, aug=1278), val=160, acc=65.62%  [1.2s]
2026-04-30 23:18:41 | INFO     | cross_validation |   Fold 3/5: train=1917 (orig=639, aug=1278), val=160, acc=64.38%  [1.2s]
2026-04-30 23:18:43 | INFO     | cross_validation |   Fold 4/5: train=1917 (orig=639, aug=1278), val=160, acc=63.12%  [1.2s]
2026-04-30 23:18:44 | INFO     | cross_validation |   Fold 5/5: train=1920 (orig=640, aug=1280), val=159, acc=66.04%  [1.2s]
2026-04-30 23:18:44 | INFO     | cross_validation |   CV result: 64.58% ± 1.10%
2026-04-30 23:18:44 | INFO     | cross_validation |   Combo 9/12: {'max_features': 'log2', 'min_samples_split': 2, 'n_estimators': 500}
2026-04-30 23:18:46 | INFO     | cross_validation |   Fold 1/5: train=1917 (orig=639, aug=1278), val=160, acc=66.25%  [1.9s]
2026-04-30 23:18:48 | INFO     | cross_validation |   Fold 2/5: train=1917 (orig=639, aug=1278), val=160, acc=65.00%  [1.9s]
2026-04-30 23:18:50 | INFO     | cross_validation |   Fold 3/5: train=1917 (orig=639, aug=1278), val=160, acc=65.62%  [1.9s]
2026-04-30 23:18:51 | INFO     | cross_validation |   Fold 4/5: train=1917 (orig=639, aug=1278), val=160, acc=68.12%  [1.9s]
2026-04-30 23:18:53 | INFO     | cross_validation |   Fold 5/5: train=1920 (orig=640, aug=1280), val=159, acc=64.78%  [1.9s]
2026-04-30 23:18:53 | INFO     | cross_validation |   CV result: 65.96% ± 1.20%
2026-04-30 23:18:53 | INFO     | cross_validation |   Combo 10/12: {'max_features': 'log2', 'min_samples_split': 5, 'n_estimators': 100}
2026-04-30 23:18:54 | INFO     | cross_validation |   Fold 1/5: train=1917 (orig=639, aug=1278), val=160, acc=66.25%  [0.5s]
2026-04-30 23:18:54 | INFO     | cross_validation |   Fold 2/5: train=1917 (orig=639, aug=1278), val=160, acc=61.88%  [0.5s]
2026-04-30 23:18:55 | INFO     | cross_validation |   Fold 3/5: train=1917 (orig=639, aug=1278), val=160, acc=61.25%  [0.5s]
2026-04-30 23:18:55 | INFO     | cross_validation |   Fold 4/5: train=1917 (orig=639, aug=1278), val=160, acc=65.00%  [0.5s]
2026-04-30 23:18:56 | INFO     | cross_validation |   Fold 5/5: train=1920 (orig=640, aug=1280), val=159, acc=55.97%  [0.5s]
2026-04-30 23:18:56 | INFO     | cross_validation |   CV result: 62.07% ± 3.58%
2026-04-30 23:18:56 | INFO     | cross_validation |   Combo 11/12: {'max_features': 'log2', 'min_samples_split': 5, 'n_estimators': 300}
2026-04-30 23:18:57 | INFO     | cross_validation |   Fold 1/5: train=1917 (orig=639, aug=1278), val=160, acc=67.50%  [1.2s]
2026-04-30 23:18:58 | INFO     | cross_validation |   Fold 2/5: train=1917 (orig=639, aug=1278), val=160, acc=62.50%  [1.2s]
2026-04-30 23:18:59 | INFO     | cross_validation |   Fold 3/5: train=1917 (orig=639, aug=1278), val=160, acc=62.50%  [1.2s]
2026-04-30 23:19:01 | INFO     | cross_validation |   Fold 4/5: train=1917 (orig=639, aug=1278), val=160, acc=67.50%  [1.2s]
2026-04-30 23:19:02 | INFO     | cross_validation |   Fold 5/5: train=1920 (orig=640, aug=1280), val=159, acc=61.64%  [1.2s]
2026-04-30 23:19:02 | INFO     | cross_validation |   CV result: 64.33% ± 2.61%
2026-04-30 23:19:02 | INFO     | cross_validation |   Combo 12/12: {'max_features': 'log2', 'min_samples_split': 5, 'n_estimators': 500}
2026-04-30 23:19:06 | INFO     | cross_validation |   Fold 1/5: train=1917 (orig=639, aug=1278), val=160, acc=67.50%  [1.9s]
2026-04-30 23:19:08 | INFO     | cross_validation |   Fold 2/5: train=1917 (orig=639, aug=1278), val=160, acc=67.50%  [1.9s]
2026-04-30 23:19:10 | INFO     | cross_validation |   Fold 3/5: train=1917 (orig=639, aug=1278), val=160, acc=63.75%  [1.9s]
2026-04-30 23:19:12 | INFO     | cross_validation |   Fold 4/5: train=1917 (orig=639, aug=1278), val=160, acc=65.00%  [1.9s]
2026-04-30 23:19:14 | INFO     | cross_validation |   Fold 5/5: train=1920 (orig=640, aug=1280), val=159, acc=61.64%  [1.9s]
2026-04-30 23:19:14 | INFO     | cross_validation |   CV result: 65.08% ± 2.25%
2026-04-30 23:19:14 | INFO     | cross_validation |   Best params: {'max_features': 'log2', 'min_samples_split': 2, 'n_estimators': 500}
2026-04-30 23:19:14 | INFO     | cross_validation |   Best CV: 65.96% ± 1.20%
2026-04-30 23:19:14 | INFO     | cross_validation | ✓ grid_search_cv finished in 72.5s
2026-04-30 23:19:14 | INFO     | main | ────────────────────────────────────────────────────────────
2026-04-30 23:19:14 | INFO     | main |   Random Forest [lda]
2026-04-30 23:19:14 | INFO     | main | ────────────────────────────────────────────────────────────
2026-04-30 23:19:14 | INFO     | cross_validation | → grid_search_cv started
2026-04-30 23:19:14 | INFO     | cross_validation | Grid search: 12 parameter combinations × 5 folds
2026-04-30 23:19:14 | INFO     | cross_validation |   Combo 1/12: {'max_features': 'sqrt', 'min_samples_split': 2, 'n_estimators': 100}
2026-04-30 23:19:15 | INFO     | cross_validation |   Fold 1/5: train=1917 (orig=639, aug=1278), val=160, acc=65.00%  [0.5s]
2026-04-30 23:19:15 | INFO     | cross_validation |   Fold 2/5: train=1917 (orig=639, aug=1278), val=160, acc=68.75%  [0.5s]
2026-04-30 23:19:15 | INFO     | cross_validation |   Fold 3/5: train=1917 (orig=639, aug=1278), val=160, acc=72.50%  [0.5s]
2026-04-30 23:19:16 | INFO     | cross_validation |   Fold 4/5: train=1917 (orig=639, aug=1278), val=160, acc=68.75%  [0.5s]
2026-04-30 23:19:16 | INFO     | cross_validation |   Fold 5/5: train=1920 (orig=640, aug=1280), val=159, acc=74.21%  [0.4s]
2026-04-30 23:19:16 | INFO     | cross_validation |   CV result: 69.84% ± 3.23%
2026-04-30 23:19:16 | INFO     | cross_validation |   Combo 2/12: {'max_features': 'sqrt', 'min_samples_split': 2, 'n_estimators': 300}
2026-04-30 23:19:18 | INFO     | cross_validation |   Fold 1/5: train=1917 (orig=639, aug=1278), val=160, acc=65.00%  [1.1s]
2026-04-30 23:19:19 | INFO     | cross_validation |   Fold 2/5: train=1917 (orig=639, aug=1278), val=160, acc=71.25%  [1.1s]
2026-04-30 23:19:20 | INFO     | cross_validation |   Fold 3/5: train=1917 (orig=639, aug=1278), val=160, acc=72.50%  [1.1s]
2026-04-30 23:19:21 | INFO     | cross_validation |   Fold 4/5: train=1917 (orig=639, aug=1278), val=160, acc=70.00%  [1.2s]
2026-04-30 23:19:22 | INFO     | cross_validation |   Fold 5/5: train=1920 (orig=640, aug=1280), val=159, acc=74.84%  [1.1s]
2026-04-30 23:19:22 | INFO     | cross_validation |   CV result: 70.72% ± 3.28%
2026-04-30 23:19:22 | INFO     | cross_validation |   Combo 3/12: {'max_features': 'sqrt', 'min_samples_split': 2, 'n_estimators': 500}
2026-04-30 23:19:24 | INFO     | cross_validation |   Fold 1/5: train=1917 (orig=639, aug=1278), val=160, acc=65.00%  [1.8s]
2026-04-30 23:19:26 | INFO     | cross_validation |   Fold 2/5: train=1917 (orig=639, aug=1278), val=160, acc=70.62%  [1.8s]
2026-04-30 23:19:28 | INFO     | cross_validation |   Fold 3/5: train=1917 (orig=639, aug=1278), val=160, acc=70.00%  [1.8s]
2026-04-30 23:19:29 | INFO     | cross_validation |   Fold 4/5: train=1917 (orig=639, aug=1278), val=160, acc=70.62%  [1.8s]
2026-04-30 23:19:31 | INFO     | cross_validation |   Fold 5/5: train=1920 (orig=640, aug=1280), val=159, acc=74.84%  [1.8s]
2026-04-30 23:19:31 | INFO     | cross_validation |   CV result: 70.22% ± 3.13%
2026-04-30 23:19:31 | INFO     | cross_validation |   Combo 4/12: {'max_features': 'sqrt', 'min_samples_split': 5, 'n_estimators': 100}
2026-04-30 23:19:32 | INFO     | cross_validation |   Fold 1/5: train=1917 (orig=639, aug=1278), val=160, acc=63.75%  [0.4s]
2026-04-30 23:19:32 | INFO     | cross_validation |   Fold 2/5: train=1917 (orig=639, aug=1278), val=160, acc=69.38%  [0.4s]
2026-04-30 23:19:33 | INFO     | cross_validation |   Fold 3/5: train=1917 (orig=639, aug=1278), val=160, acc=71.88%  [0.4s]
2026-04-30 23:19:33 | INFO     | cross_validation |   Fold 4/5: train=1917 (orig=639, aug=1278), val=160, acc=71.88%  [0.5s]
2026-04-30 23:19:33 | INFO     | cross_validation |   Fold 5/5: train=1920 (orig=640, aug=1280), val=159, acc=74.84%  [0.4s]
2026-04-30 23:19:33 | INFO     | cross_validation |   CV result: 70.34% ± 3.72%
2026-04-30 23:19:33 | INFO     | cross_validation |   Combo 5/12: {'max_features': 'sqrt', 'min_samples_split': 5, 'n_estimators': 300}
2026-04-30 23:19:35 | INFO     | cross_validation |   Fold 1/5: train=1917 (orig=639, aug=1278), val=160, acc=63.12%  [1.1s]
2026-04-30 23:19:36 | INFO     | cross_validation |   Fold 2/5: train=1917 (orig=639, aug=1278), val=160, acc=71.88%  [1.1s]
2026-04-30 23:19:37 | INFO     | cross_validation |   Fold 3/5: train=1917 (orig=639, aug=1278), val=160, acc=71.88%  [1.1s]
2026-04-30 23:19:41 | INFO     | cross_validation |   Fold 4/5: train=1917 (orig=639, aug=1278), val=160, acc=71.88%  [1.2s]
2026-04-30 23:19:42 | INFO     | cross_validation |   Fold 5/5: train=1920 (orig=640, aug=1280), val=159, acc=75.47%  [1.2s]
2026-04-30 23:19:42 | INFO     | cross_validation |   CV result: 70.84% ± 4.10%
2026-04-30 23:19:42 | INFO     | cross_validation |   Combo 6/12: {'max_features': 'sqrt', 'min_samples_split': 5, 'n_estimators': 500}
2026-04-30 23:19:44 | INFO     | cross_validation |   Fold 1/5: train=1917 (orig=639, aug=1278), val=160, acc=65.62%  [1.8s]
2026-04-30 23:19:46 | INFO     | cross_validation |   Fold 2/5: train=1917 (orig=639, aug=1278), val=160, acc=71.25%  [1.9s]
2026-04-30 23:19:48 | INFO     | cross_validation |   Fold 3/5: train=1917 (orig=639, aug=1278), val=160, acc=70.62%  [1.9s]
2026-04-30 23:19:50 | INFO     | cross_validation |   Fold 4/5: train=1917 (orig=639, aug=1278), val=160, acc=70.62%  [1.8s]
2026-04-30 23:19:51 | INFO     | cross_validation |   Fold 5/5: train=1920 (orig=640, aug=1280), val=159, acc=73.58%  [1.8s]
2026-04-30 23:19:51 | INFO     | cross_validation |   CV result: 70.34% ± 2.60%
2026-04-30 23:19:51 | INFO     | cross_validation |   Combo 7/12: {'max_features': 'log2', 'min_samples_split': 2, 'n_estimators': 100}
2026-04-30 23:19:52 | INFO     | cross_validation |   Fold 1/5: train=1917 (orig=639, aug=1278), val=160, acc=65.00%  [0.5s]
2026-04-30 23:19:52 | INFO     | cross_validation |   Fold 2/5: train=1917 (orig=639, aug=1278), val=160, acc=68.75%  [0.5s]
2026-04-30 23:19:53 | INFO     | cross_validation |   Fold 3/5: train=1917 (orig=639, aug=1278), val=160, acc=72.50%  [0.5s]
2026-04-30 23:19:53 | INFO     | cross_validation |   Fold 4/5: train=1917 (orig=639, aug=1278), val=160, acc=68.75%  [0.4s]
2026-04-30 23:19:54 | INFO     | cross_validation |   Fold 5/5: train=1920 (orig=640, aug=1280), val=159, acc=74.21%  [0.4s]
2026-04-30 23:19:54 | INFO     | cross_validation |   CV result: 69.84% ± 3.23%
2026-04-30 23:19:54 | INFO     | cross_validation |   Combo 8/12: {'max_features': 'log2', 'min_samples_split': 2, 'n_estimators': 300}
2026-04-30 23:19:55 | INFO     | cross_validation |   Fold 1/5: train=1917 (orig=639, aug=1278), val=160, acc=65.00%  [1.1s]
2026-04-30 23:19:56 | INFO     | cross_validation |   Fold 2/5: train=1917 (orig=639, aug=1278), val=160, acc=71.25%  [1.1s]
2026-04-30 23:19:57 | INFO     | cross_validation |   Fold 3/5: train=1917 (orig=639, aug=1278), val=160, acc=72.50%  [1.1s]
2026-04-30 23:19:58 | INFO     | cross_validation |   Fold 4/5: train=1917 (orig=639, aug=1278), val=160, acc=70.00%  [1.1s]
2026-04-30 23:19:59 | INFO     | cross_validation |   Fold 5/5: train=1920 (orig=640, aug=1280), val=159, acc=74.84%  [1.2s]
2026-04-30 23:19:59 | INFO     | cross_validation |   CV result: 70.72% ± 3.28%
2026-04-30 23:19:59 | INFO     | cross_validation |   Combo 9/12: {'max_features': 'log2', 'min_samples_split': 2, 'n_estimators': 500}
2026-04-30 23:20:01 | INFO     | cross_validation |   Fold 1/5: train=1917 (orig=639, aug=1278), val=160, acc=65.00%  [1.8s]
2026-04-30 23:20:03 | INFO     | cross_validation |   Fold 2/5: train=1917 (orig=639, aug=1278), val=160, acc=70.62%  [1.8s]
2026-04-30 23:20:05 | INFO     | cross_validation |   Fold 3/5: train=1917 (orig=639, aug=1278), val=160, acc=70.00%  [1.8s]
2026-04-30 23:20:07 | INFO     | cross_validation |   Fold 4/5: train=1917 (orig=639, aug=1278), val=160, acc=70.62%  [1.8s]
2026-04-30 23:20:09 | INFO     | cross_validation |   Fold 5/5: train=1920 (orig=640, aug=1280), val=159, acc=74.84%  [1.8s]
2026-04-30 23:20:09 | INFO     | cross_validation |   CV result: 70.22% ± 3.13%
2026-04-30 23:20:09 | INFO     | cross_validation |   Combo 10/12: {'max_features': 'log2', 'min_samples_split': 5, 'n_estimators': 100}
2026-04-30 23:20:09 | INFO     | cross_validation |   Fold 1/5: train=1917 (orig=639, aug=1278), val=160, acc=63.75%  [0.5s]
2026-04-30 23:20:09 | INFO     | cross_validation |   Fold 2/5: train=1917 (orig=639, aug=1278), val=160, acc=69.38%  [0.5s]
2026-04-30 23:20:10 | INFO     | cross_validation |   Fold 3/5: train=1917 (orig=639, aug=1278), val=160, acc=71.88%  [0.5s]
2026-04-30 23:20:10 | INFO     | cross_validation |   Fold 4/5: train=1917 (orig=639, aug=1278), val=160, acc=71.88%  [0.5s]
2026-04-30 23:20:11 | INFO     | cross_validation |   Fold 5/5: train=1920 (orig=640, aug=1280), val=159, acc=74.84%  [0.6s]
2026-04-30 23:20:11 | INFO     | cross_validation |   CV result: 70.34% ± 3.72%
2026-04-30 23:20:11 | INFO     | cross_validation |   Combo 11/12: {'max_features': 'log2', 'min_samples_split': 5, 'n_estimators': 300}
2026-04-30 23:20:12 | INFO     | cross_validation |   Fold 1/5: train=1917 (orig=639, aug=1278), val=160, acc=63.12%  [1.3s]
2026-04-30 23:20:16 | INFO     | cross_validation |   Fold 2/5: train=1917 (orig=639, aug=1278), val=160, acc=71.88%  [1.3s]
2026-04-30 23:20:18 | INFO     | cross_validation |   Fold 3/5: train=1917 (orig=639, aug=1278), val=160, acc=71.88%  [1.2s]
2026-04-30 23:20:19 | INFO     | cross_validation |   Fold 4/5: train=1917 (orig=639, aug=1278), val=160, acc=71.88%  [1.5s]
2026-04-30 23:20:20 | INFO     | cross_validation |   Fold 5/5: train=1920 (orig=640, aug=1280), val=159, acc=75.47%  [1.2s]
2026-04-30 23:20:20 | INFO     | cross_validation |   CV result: 70.84% ± 4.10%
2026-04-30 23:20:20 | INFO     | cross_validation |   Combo 12/12: {'max_features': 'log2', 'min_samples_split': 5, 'n_estimators': 500}
2026-04-30 23:20:22 | INFO     | cross_validation |   Fold 1/5: train=1917 (orig=639, aug=1278), val=160, acc=65.62%  [2.0s]
2026-04-30 23:20:24 | INFO     | cross_validation |   Fold 2/5: train=1917 (orig=639, aug=1278), val=160, acc=71.25%  [1.9s]
2026-04-30 23:20:26 | INFO     | cross_validation |   Fold 3/5: train=1917 (orig=639, aug=1278), val=160, acc=70.62%  [1.9s]
2026-04-30 23:20:28 | INFO     | cross_validation |   Fold 4/5: train=1917 (orig=639, aug=1278), val=160, acc=70.62%  [2.0s]
2026-04-30 23:20:30 | INFO     | cross_validation |   Fold 5/5: train=1920 (orig=640, aug=1280), val=159, acc=73.58%  [1.8s]
2026-04-30 23:20:30 | INFO     | cross_validation |   CV result: 70.34% ± 2.60%
2026-04-30 23:20:30 | INFO     | cross_validation |   Best params: {'max_features': 'sqrt', 'min_samples_split': 5, 'n_estimators': 300}
2026-04-30 23:20:30 | INFO     | cross_validation |   Best CV: 70.84% ± 4.10%
2026-04-30 23:20:30 | INFO     | cross_validation | ✓ grid_search_cv finished in 70.0s
2026-04-30 23:20:30 | INFO     | main | ────────────────────────────────────────────────────────────
2026-04-30 23:20:30 | INFO     | main |   Random Forest [skb]
2026-04-30 23:20:30 | INFO     | main | ────────────────────────────────────────────────────────────
2026-04-30 23:20:30 | INFO     | cross_validation | → grid_search_cv started
2026-04-30 23:20:30 | INFO     | cross_validation | Grid search: 12 parameter combinations × 5 folds
2026-04-30 23:20:30 | INFO     | cross_validation |   Combo 1/12: {'max_features': 'sqrt', 'min_samples_split': 2, 'n_estimators': 100}
2026-04-30 23:20:30 | INFO     | cross_validation |   Fold 1/5: train=1917 (orig=639, aug=1278), val=160, acc=71.88%  [0.4s]
2026-04-30 23:20:31 | INFO     | cross_validation |   Fold 2/5: train=1917 (orig=639, aug=1278), val=160, acc=71.88%  [0.4s]
2026-04-30 23:20:31 | INFO     | cross_validation |   Fold 3/5: train=1917 (orig=639, aug=1278), val=160, acc=72.50%  [0.4s]
2026-04-30 23:20:32 | INFO     | cross_validation |   Fold 4/5: train=1917 (orig=639, aug=1278), val=160, acc=70.62%  [0.5s]
2026-04-30 23:20:32 | INFO     | cross_validation |   Fold 5/5: train=1920 (orig=640, aug=1280), val=159, acc=70.44%  [0.4s]
2026-04-30 23:20:32 | INFO     | cross_validation |   CV result: 71.46% ± 0.80%
2026-04-30 23:20:32 | INFO     | cross_validation |   Combo 2/12: {'max_features': 'sqrt', 'min_samples_split': 2, 'n_estimators': 300}
2026-04-30 23:20:33 | INFO     | cross_validation |   Fold 1/5: train=1917 (orig=639, aug=1278), val=160, acc=76.25%  [1.2s]
2026-04-30 23:20:34 | INFO     | cross_validation |   Fold 2/5: train=1917 (orig=639, aug=1278), val=160, acc=72.50%  [1.2s]
2026-04-30 23:20:36 | INFO     | cross_validation |   Fold 3/5: train=1917 (orig=639, aug=1278), val=160, acc=71.88%  [1.2s]
2026-04-30 23:20:37 | INFO     | cross_validation |   Fold 4/5: train=1917 (orig=639, aug=1278), val=160, acc=72.50%  [1.2s]
2026-04-30 23:20:38 | INFO     | cross_validation |   Fold 5/5: train=1920 (orig=640, aug=1280), val=159, acc=70.44%  [1.1s]
2026-04-30 23:20:38 | INFO     | cross_validation |   CV result: 72.71% ± 1.92%
2026-04-30 23:20:38 | INFO     | cross_validation |   Combo 3/12: {'max_features': 'sqrt', 'min_samples_split': 2, 'n_estimators': 500}
2026-04-30 23:20:40 | INFO     | cross_validation |   Fold 1/5: train=1917 (orig=639, aug=1278), val=160, acc=74.38%  [2.0s]
2026-04-30 23:20:42 | INFO     | cross_validation |   Fold 2/5: train=1917 (orig=639, aug=1278), val=160, acc=71.88%  [2.0s]
2026-04-30 23:20:44 | INFO     | cross_validation |   Fold 3/5: train=1917 (orig=639, aug=1278), val=160, acc=73.75%  [1.9s]
2026-04-30 23:20:46 | INFO     | cross_validation |   Fold 4/5: train=1917 (orig=639, aug=1278), val=160, acc=71.88%  [1.8s]
2026-04-30 23:20:47 | INFO     | cross_validation |   Fold 5/5: train=1920 (orig=640, aug=1280), val=159, acc=71.07%  [1.9s]
2026-04-30 23:20:47 | INFO     | cross_validation |   CV result: 72.59% ± 1.25%
2026-04-30 23:20:47 | INFO     | cross_validation |   Combo 4/12: {'max_features': 'sqrt', 'min_samples_split': 5, 'n_estimators': 100}
2026-04-30 23:20:51 | INFO     | cross_validation |   Fold 1/5: train=1917 (orig=639, aug=1278), val=160, acc=70.62%  [0.4s]
2026-04-30 23:20:51 | INFO     | cross_validation |   Fold 2/5: train=1917 (orig=639, aug=1278), val=160, acc=68.12%  [0.4s]
2026-04-30 23:20:52 | INFO     | cross_validation |   Fold 3/5: train=1917 (orig=639, aug=1278), val=160, acc=72.50%  [0.4s]
2026-04-30 23:20:52 | INFO     | cross_validation |   Fold 4/5: train=1917 (orig=639, aug=1278), val=160, acc=68.75%  [0.4s]
2026-04-30 23:20:53 | INFO     | cross_validation |   Fold 5/5: train=1920 (orig=640, aug=1280), val=159, acc=67.30%  [0.5s]
2026-04-30 23:20:53 | INFO     | cross_validation |   CV result: 69.46% ± 1.87%
2026-04-30 23:20:53 | INFO     | cross_validation |   Combo 5/12: {'max_features': 'sqrt', 'min_samples_split': 5, 'n_estimators': 300}
2026-04-30 23:20:54 | INFO     | cross_validation |   Fold 1/5: train=1917 (orig=639, aug=1278), val=160, acc=72.50%  [1.1s]
2026-04-30 23:20:55 | INFO     | cross_validation |   Fold 2/5: train=1917 (orig=639, aug=1278), val=160, acc=69.38%  [1.1s]
2026-04-30 23:20:56 | INFO     | cross_validation |   Fold 3/5: train=1917 (orig=639, aug=1278), val=160, acc=72.50%  [1.1s]
2026-04-30 23:20:57 | INFO     | cross_validation |   Fold 4/5: train=1917 (orig=639, aug=1278), val=160, acc=71.25%  [1.1s]
2026-04-30 23:20:58 | INFO     | cross_validation |   Fold 5/5: train=1920 (orig=640, aug=1280), val=159, acc=67.92%  [1.2s]
2026-04-30 23:20:58 | INFO     | cross_validation |   CV result: 70.71% ± 1.80%
2026-04-30 23:20:58 | INFO     | cross_validation |   Combo 6/12: {'max_features': 'sqrt', 'min_samples_split': 5, 'n_estimators': 500}
2026-04-30 23:21:00 | INFO     | cross_validation |   Fold 1/5: train=1917 (orig=639, aug=1278), val=160, acc=73.75%  [1.9s]
2026-04-30 23:21:02 | INFO     | cross_validation |   Fold 2/5: train=1917 (orig=639, aug=1278), val=160, acc=70.00%  [1.9s]
2026-04-30 23:21:04 | INFO     | cross_validation |   Fold 3/5: train=1917 (orig=639, aug=1278), val=160, acc=71.88%  [1.8s]
2026-04-30 23:21:06 | INFO     | cross_validation |   Fold 4/5: train=1917 (orig=639, aug=1278), val=160, acc=70.62%  [1.8s]
2026-04-30 23:21:08 | INFO     | cross_validation |   Fold 5/5: train=1920 (orig=640, aug=1280), val=159, acc=68.55%  [1.8s]
2026-04-30 23:21:08 | INFO     | cross_validation |   CV result: 70.96% ± 1.76%
2026-04-30 23:21:08 | INFO     | cross_validation |   Combo 7/12: {'max_features': 'log2', 'min_samples_split': 2, 'n_estimators': 100}
2026-04-30 23:21:08 | INFO     | cross_validation |   Fold 1/5: train=1917 (orig=639, aug=1278), val=160, acc=73.12%  [0.4s]
2026-04-30 23:21:08 | INFO     | cross_validation |   Fold 2/5: train=1917 (orig=639, aug=1278), val=160, acc=70.62%  [0.4s]
2026-04-30 23:21:09 | INFO     | cross_validation |   Fold 3/5: train=1917 (orig=639, aug=1278), val=160, acc=71.25%  [0.4s]
2026-04-30 23:21:09 | INFO     | cross_validation |   Fold 4/5: train=1917 (orig=639, aug=1278), val=160, acc=70.62%  [0.4s]
2026-04-30 23:21:10 | INFO     | cross_validation |   Fold 5/5: train=1920 (orig=640, aug=1280), val=159, acc=69.81%  [0.4s]
2026-04-30 23:21:10 | INFO     | cross_validation |   CV result: 71.09% ± 1.12%
2026-04-30 23:21:10 | INFO     | cross_validation |   Combo 8/12: {'max_features': 'log2', 'min_samples_split': 2, 'n_estimators': 300}
2026-04-30 23:21:11 | INFO     | cross_validation |   Fold 1/5: train=1917 (orig=639, aug=1278), val=160, acc=72.50%  [1.1s]
2026-04-30 23:21:12 | INFO     | cross_validation |   Fold 2/5: train=1917 (orig=639, aug=1278), val=160, acc=71.25%  [1.1s]
2026-04-30 23:21:13 | INFO     | cross_validation |   Fold 3/5: train=1917 (orig=639, aug=1278), val=160, acc=72.50%  [1.1s]
2026-04-30 23:21:14 | INFO     | cross_validation |   Fold 4/5: train=1917 (orig=639, aug=1278), val=160, acc=71.88%  [1.1s]
2026-04-30 23:21:15 | INFO     | cross_validation |   Fold 5/5: train=1920 (orig=640, aug=1280), val=159, acc=70.44%  [1.1s]
2026-04-30 23:21:15 | INFO     | cross_validation |   CV result: 71.71% ± 0.79%
2026-04-30 23:21:15 | INFO     | cross_validation |   Combo 9/12: {'max_features': 'log2', 'min_samples_split': 2, 'n_estimators': 500}
2026-04-30 23:21:17 | INFO     | cross_validation |   Fold 1/5: train=1917 (orig=639, aug=1278), val=160, acc=73.12%  [1.8s]
2026-04-30 23:21:19 | INFO     | cross_validation |   Fold 2/5: train=1917 (orig=639, aug=1278), val=160, acc=71.25%  [1.8s]
2026-04-30 23:21:21 | INFO     | cross_validation |   Fold 3/5: train=1917 (orig=639, aug=1278), val=160, acc=73.75%  [1.8s]
2026-04-30 23:21:23 | INFO     | cross_validation |   Fold 4/5: train=1917 (orig=639, aug=1278), val=160, acc=71.88%  [1.8s]
2026-04-30 23:21:27 | INFO     | cross_validation |   Fold 5/5: train=1920 (orig=640, aug=1280), val=159, acc=69.18%  [1.8s]
2026-04-30 23:21:27 | INFO     | cross_validation |   CV result: 71.84% ± 1.59%
2026-04-30 23:21:27 | INFO     | cross_validation |   Combo 10/12: {'max_features': 'log2', 'min_samples_split': 5, 'n_estimators': 100}
2026-04-30 23:21:28 | INFO     | cross_validation |   Fold 1/5: train=1917 (orig=639, aug=1278), val=160, acc=75.00%  [0.4s]
2026-04-30 23:21:28 | INFO     | cross_validation |   Fold 2/5: train=1917 (orig=639, aug=1278), val=160, acc=68.12%  [0.4s]
2026-04-30 23:21:29 | INFO     | cross_validation |   Fold 3/5: train=1917 (orig=639, aug=1278), val=160, acc=71.88%  [0.4s]
2026-04-30 23:21:29 | INFO     | cross_validation |   Fold 4/5: train=1917 (orig=639, aug=1278), val=160, acc=68.12%  [0.5s]
2026-04-30 23:21:30 | INFO     | cross_validation |   Fold 5/5: train=1920 (orig=640, aug=1280), val=159, acc=68.55%  [0.4s]
2026-04-30 23:21:30 | INFO     | cross_validation |   CV result: 70.34% ± 2.72%
2026-04-30 23:21:30 | INFO     | cross_validation |   Combo 11/12: {'max_features': 'log2', 'min_samples_split': 5, 'n_estimators': 300}
2026-04-30 23:21:31 | INFO     | cross_validation |   Fold 1/5: train=1917 (orig=639, aug=1278), val=160, acc=75.00%  [1.1s]
2026-04-30 23:21:32 | INFO     | cross_validation |   Fold 2/5: train=1917 (orig=639, aug=1278), val=160, acc=70.62%  [1.1s]
2026-04-30 23:21:33 | INFO     | cross_validation |   Fold 3/5: train=1917 (orig=639, aug=1278), val=160, acc=74.38%  [1.1s]
2026-04-30 23:21:34 | INFO     | cross_validation |   Fold 4/5: train=1917 (orig=639, aug=1278), val=160, acc=69.38%  [1.2s]
2026-04-30 23:21:35 | INFO     | cross_validation |   Fold 5/5: train=1920 (orig=640, aug=1280), val=159, acc=68.55%  [1.1s]
2026-04-30 23:21:35 | INFO     | cross_validation |   CV result: 71.59% ± 2.62%
2026-04-30 23:21:35 | INFO     | cross_validation |   Combo 12/12: {'max_features': 'log2', 'min_samples_split': 5, 'n_estimators': 500}
2026-04-30 23:21:37 | INFO     | cross_validation |   Fold 1/5: train=1917 (orig=639, aug=1278), val=160, acc=75.00%  [1.8s]
2026-04-30 23:21:39 | INFO     | cross_validation |   Fold 2/5: train=1917 (orig=639, aug=1278), val=160, acc=72.50%  [1.9s]
2026-04-30 23:21:41 | INFO     | cross_validation |   Fold 3/5: train=1917 (orig=639, aug=1278), val=160, acc=73.75%  [1.8s]
2026-04-30 23:21:43 | INFO     | cross_validation |   Fold 4/5: train=1917 (orig=639, aug=1278), val=160, acc=71.88%  [1.9s]
2026-04-30 23:21:44 | INFO     | cross_validation |   Fold 5/5: train=1920 (orig=640, aug=1280), val=159, acc=68.55%  [1.8s]
2026-04-30 23:21:44 | INFO     | cross_validation |   CV result: 72.34% ± 2.17%
2026-04-30 23:21:44 | INFO     | cross_validation |   Best params: {'max_features': 'sqrt', 'min_samples_split': 2, 'n_estimators': 300}
2026-04-30 23:21:44 | INFO     | cross_validation |   Best CV: 72.71% ± 1.92%
2026-04-30 23:21:44 | INFO     | cross_validation | ✓ grid_search_cv finished in 68.7s
2026-04-30 23:21:44 | INFO     | main | ────────────────────────────────────────────────────────────
2026-04-30 23:21:44 | INFO     | main |   XGBoost [raw]
2026-04-30 23:21:44 | INFO     | main | ────────────────────────────────────────────────────────────
2026-04-30 23:21:44 | INFO     | cross_validation | → grid_search_cv started
2026-04-30 23:21:44 | INFO     | cross_validation | Grid search: 16 parameter combinations × 5 folds
2026-04-30 23:21:44 | INFO     | cross_validation |   Combo 1/16: {'learning_rate': 0.05, 'max_depth': 4, 'n_estimators': 100, 'subsample': 0.8}
2026-04-30 23:21:44 | WARNING  | main | Skipping XGBoost [raw]: No module named 'xgboost'
2026-04-30 23:21:44 | INFO     | main | ────────────────────────────────────────────────────────────
2026-04-30 23:21:44 | INFO     | main |   XGBoost [pca]
2026-04-30 23:21:44 | INFO     | main | ────────────────────────────────────────────────────────────
2026-04-30 23:21:44 | INFO     | cross_validation | → grid_search_cv started
2026-04-30 23:21:44 | INFO     | cross_validation | Grid search: 16 parameter combinations × 5 folds
2026-04-30 23:21:44 | INFO     | cross_validation |   Combo 1/16: {'learning_rate': 0.05, 'max_depth': 4, 'n_estimators': 100, 'subsample': 0.8}
2026-04-30 23:21:45 | WARNING  | main | Skipping XGBoost [pca]: No module named 'xgboost'
2026-04-30 23:21:45 | INFO     | main | ────────────────────────────────────────────────────────────
2026-04-30 23:21:45 | INFO     | main |   XGBoost [lda]
2026-04-30 23:21:45 | INFO     | main | ────────────────────────────────────────────────────────────
2026-04-30 23:21:45 | INFO     | cross_validation | → grid_search_cv started
2026-04-30 23:21:45 | INFO     | cross_validation | Grid search: 16 parameter combinations × 5 folds
2026-04-30 23:21:45 | INFO     | cross_validation |   Combo 1/16: {'learning_rate': 0.05, 'max_depth': 4, 'n_estimators': 100, 'subsample': 0.8}
2026-04-30 23:21:45 | WARNING  | main | Skipping XGBoost [lda]: No module named 'xgboost'
2026-04-30 23:21:45 | INFO     | main | ────────────────────────────────────────────────────────────
2026-04-30 23:21:45 | INFO     | main |   XGBoost [skb]
2026-04-30 23:21:45 | INFO     | main | ────────────────────────────────────────────────────────────
2026-04-30 23:21:45 | INFO     | cross_validation | → grid_search_cv started
2026-04-30 23:21:45 | INFO     | cross_validation | Grid search: 16 parameter combinations × 5 folds
2026-04-30 23:21:45 | INFO     | cross_validation |   Combo 1/16: {'learning_rate': 0.05, 'max_depth': 4, 'n_estimators': 100, 'subsample': 0.8}
2026-04-30 23:21:45 | WARNING  | main | Skipping XGBoost [skb]: No module named 'xgboost'
2026-04-30 23:21:45 | INFO     | main | CV results saved → /home/keerthanss/Projects/CMPE257ML/final/scripts/outputs/results/cv_results.csv
2026-04-30 23:21:45 | INFO     | main | ────────────────────────────────────────────────────────────
2026-04-30 23:21:45 | INFO     | main |   Stage 6 — Final Test Evaluation
2026-04-30 23:21:45 | INFO     | main | ────────────────────────────────────────────────────────────
2026-04-30 23:21:45 | INFO     | evaluate | → final_evaluation started
2026-04-30 23:21:45 | INFO     | evaluate | ────────────────────────────────────────────────────────────
2026-04-30 23:21:45 | INFO     | evaluate |   FINAL TEST SET EVALUATION
2026-04-30 23:21:45 | INFO     | evaluate | ────────────────────────────────────────────────────────────
2026-04-30 23:21:45 | INFO     | evaluate | Test set used for the first and only time.
2026-04-30 23:21:45 | INFO     | evaluate | Train samples: 799
2026-04-30 23:21:45 | INFO     | evaluate | Aug samples:   1598
2026-04-30 23:21:45 | INFO     | evaluate | Test samples:  200
2026-04-30 23:21:45 | INFO     | evaluate | ────────────────────────────────────────────────────────────
2026-04-30 23:21:45 | INFO     | evaluate |   Gaussian NB [raw]
2026-04-30 23:21:45 | INFO     | evaluate | ────────────────────────────────────────────────────────────
2026-04-30 23:21:45 | INFO     | evaluate | Best params: {}
2026-04-30 23:21:45 | INFO     | evaluate | Final training set: 2397 (orig=799, aug=1598)
2026-04-30 23:21:45 | INFO     | evaluate | Test accuracy: 58.50%
2026-04-30 23:21:45 | INFO     | evaluate | Model saved   → /home/keerthanss/Projects/CMPE257ML/final/scripts/outputs/models/gaussian_nb_raw_final.joblib
2026-04-30 23:21:45 | INFO     | evaluate | Scaler saved  → /home/keerthanss/Projects/CMPE257ML/final/scripts/outputs/models/gaussian_nb_raw_scaler.joblib
2026-04-30 23:21:45 | INFO     | models | Saved → /home/keerthanss/Projects/CMPE257ML/final/scripts/outputs/plots/models/final_gaussian_nb_raw.png
2026-04-30 23:21:45 | INFO     | evaluate | ────────────────────────────────────────────────────────────
2026-04-30 23:21:45 | INFO     | evaluate |   Gaussian NB [pca]
2026-04-30 23:21:45 | INFO     | evaluate | ────────────────────────────────────────────────────────────
2026-04-30 23:21:45 | INFO     | evaluate | Best params: {}
2026-04-30 23:21:45 | INFO     | evaluate | Final training set: 2397 (orig=799, aug=1598)
2026-04-30 23:21:45 | INFO     | evaluate | Test accuracy: 49.50%
2026-04-30 23:21:45 | INFO     | evaluate | Model saved   → /home/keerthanss/Projects/CMPE257ML/final/scripts/outputs/models/gaussian_nb_pca_final.joblib
2026-04-30 23:21:45 | INFO     | evaluate | Scaler saved  → /home/keerthanss/Projects/CMPE257ML/final/scripts/outputs/models/gaussian_nb_pca_scaler.joblib
2026-04-30 23:21:45 | INFO     | evaluate | Reducer saved → /home/keerthanss/Projects/CMPE257ML/final/scripts/outputs/models/gaussian_nb_pca_reducer.joblib
2026-04-30 23:21:46 | INFO     | models | Saved → /home/keerthanss/Projects/CMPE257ML/final/scripts/outputs/plots/models/final_gaussian_nb_pca.png
2026-04-30 23:21:46 | INFO     | evaluate | ────────────────────────────────────────────────────────────
2026-04-30 23:21:46 | INFO     | evaluate |   Gaussian NB [lda]
2026-04-30 23:21:46 | INFO     | evaluate | ────────────────────────────────────────────────────────────
2026-04-30 23:21:46 | INFO     | evaluate | Best params: {}
2026-04-30 23:21:46 | INFO     | evaluate | Final training set: 2397 (orig=799, aug=1598)
2026-04-30 23:21:46 | INFO     | evaluate | Test accuracy: 73.50%
2026-04-30 23:21:46 | INFO     | evaluate | Model saved   → /home/keerthanss/Projects/CMPE257ML/final/scripts/outputs/models/gaussian_nb_lda_final.joblib
2026-04-30 23:21:46 | INFO     | evaluate | Scaler saved  → /home/keerthanss/Projects/CMPE257ML/final/scripts/outputs/models/gaussian_nb_lda_scaler.joblib
2026-04-30 23:21:46 | INFO     | evaluate | Reducer saved → /home/keerthanss/Projects/CMPE257ML/final/scripts/outputs/models/gaussian_nb_lda_reducer.joblib
2026-04-30 23:21:46 | INFO     | models | Saved → /home/keerthanss/Projects/CMPE257ML/final/scripts/outputs/plots/models/final_gaussian_nb_lda.png
2026-04-30 23:21:46 | INFO     | evaluate | ────────────────────────────────────────────────────────────
2026-04-30 23:21:46 | INFO     | evaluate |   Gaussian NB [skb]
2026-04-30 23:21:46 | INFO     | evaluate | ────────────────────────────────────────────────────────────
2026-04-30 23:21:46 | INFO     | evaluate | Best params: {}
2026-04-30 23:21:46 | INFO     | evaluate | Final training set: 2397 (orig=799, aug=1598)
2026-04-30 23:21:46 | INFO     | evaluate | Test accuracy: 62.50%
2026-04-30 23:21:46 | INFO     | evaluate | Model saved   → /home/keerthanss/Projects/CMPE257ML/final/scripts/outputs/models/gaussian_nb_skb_final.joblib
2026-04-30 23:21:46 | INFO     | evaluate | Scaler saved  → /home/keerthanss/Projects/CMPE257ML/final/scripts/outputs/models/gaussian_nb_skb_scaler.joblib
2026-04-30 23:21:46 | INFO     | evaluate | Reducer saved → /home/keerthanss/Projects/CMPE257ML/final/scripts/outputs/models/gaussian_nb_skb_reducer.joblib
2026-04-30 23:21:47 | INFO     | models | Saved → /home/keerthanss/Projects/CMPE257ML/final/scripts/outputs/plots/models/final_gaussian_nb_skb.png
2026-04-30 23:21:47 | INFO     | evaluate | ────────────────────────────────────────────────────────────
2026-04-30 23:21:47 | INFO     | evaluate |   KNN [raw]
2026-04-30 23:21:47 | INFO     | evaluate | ────────────────────────────────────────────────────────────
2026-04-30 23:21:47 | INFO     | evaluate | Best params: {'n_neighbors': 18}
2026-04-30 23:21:47 | INFO     | evaluate | Final training set: 2397 (orig=799, aug=1598)
2026-04-30 23:21:47 | INFO     | evaluate | Test accuracy: 66.50%
2026-04-30 23:21:47 | INFO     | evaluate | Model saved   → /home/keerthanss/Projects/CMPE257ML/final/scripts/outputs/models/knn_raw_final.joblib
2026-04-30 23:21:47 | INFO     | evaluate | Scaler saved  → /home/keerthanss/Projects/CMPE257ML/final/scripts/outputs/models/knn_raw_scaler.joblib
2026-04-30 23:21:47 | INFO     | models | Saved → /home/keerthanss/Projects/CMPE257ML/final/scripts/outputs/plots/models/final_knn_raw.png
2026-04-30 23:21:47 | INFO     | evaluate | ────────────────────────────────────────────────────────────
2026-04-30 23:21:47 | INFO     | evaluate |   KNN [pca]
2026-04-30 23:21:47 | INFO     | evaluate | ────────────────────────────────────────────────────────────
2026-04-30 23:21:47 | INFO     | evaluate | Best params: {'n_neighbors': 20}
2026-04-30 23:21:47 | INFO     | evaluate | Final training set: 2397 (orig=799, aug=1598)
2026-04-30 23:21:47 | INFO     | evaluate | Test accuracy: 66.00%
2026-04-30 23:21:47 | INFO     | evaluate | Model saved   → /home/keerthanss/Projects/CMPE257ML/final/scripts/outputs/models/knn_pca_final.joblib
2026-04-30 23:21:47 | INFO     | evaluate | Scaler saved  → /home/keerthanss/Projects/CMPE257ML/final/scripts/outputs/models/knn_pca_scaler.joblib
2026-04-30 23:21:47 | INFO     | evaluate | Reducer saved → /home/keerthanss/Projects/CMPE257ML/final/scripts/outputs/models/knn_pca_reducer.joblib
2026-04-30 23:21:48 | INFO     | models | Saved → /home/keerthanss/Projects/CMPE257ML/final/scripts/outputs/plots/models/final_knn_pca.png
2026-04-30 23:21:48 | INFO     | evaluate | ────────────────────────────────────────────────────────────
2026-04-30 23:21:48 | INFO     | evaluate |   KNN [lda]
2026-04-30 23:21:48 | INFO     | evaluate | ────────────────────────────────────────────────────────────
2026-04-30 23:21:48 | INFO     | evaluate | Best params: {'n_neighbors': 18}
2026-04-30 23:21:48 | INFO     | evaluate | Final training set: 2397 (orig=799, aug=1598)
2026-04-30 23:21:48 | INFO     | evaluate | Test accuracy: 79.50%
2026-04-30 23:21:48 | INFO     | evaluate | Model saved   → /home/keerthanss/Projects/CMPE257ML/final/scripts/outputs/models/knn_lda_final.joblib
2026-04-30 23:21:48 | INFO     | evaluate | Scaler saved  → /home/keerthanss/Projects/CMPE257ML/final/scripts/outputs/models/knn_lda_scaler.joblib
2026-04-30 23:21:48 | INFO     | evaluate | Reducer saved → /home/keerthanss/Projects/CMPE257ML/final/scripts/outputs/models/knn_lda_reducer.joblib
2026-04-30 23:21:48 | INFO     | models | Saved → /home/keerthanss/Projects/CMPE257ML/final/scripts/outputs/plots/models/final_knn_lda.png
2026-04-30 23:21:48 | INFO     | evaluate | ────────────────────────────────────────────────────────────
2026-04-30 23:21:48 | INFO     | evaluate |   KNN [skb]
2026-04-30 23:21:48 | INFO     | evaluate | ────────────────────────────────────────────────────────────
2026-04-30 23:21:48 | INFO     | evaluate | Best params: {'n_neighbors': 7}
2026-04-30 23:21:48 | INFO     | evaluate | Final training set: 2397 (orig=799, aug=1598)
2026-04-30 23:21:48 | INFO     | evaluate | Test accuracy: 73.50%
2026-04-30 23:21:48 | INFO     | evaluate | Model saved   → /home/keerthanss/Projects/CMPE257ML/final/scripts/outputs/models/knn_skb_final.joblib
2026-04-30 23:21:48 | INFO     | evaluate | Scaler saved  → /home/keerthanss/Projects/CMPE257ML/final/scripts/outputs/models/knn_skb_scaler.joblib
2026-04-30 23:21:48 | INFO     | evaluate | Reducer saved → /home/keerthanss/Projects/CMPE257ML/final/scripts/outputs/models/knn_skb_reducer.joblib
2026-04-30 23:21:49 | INFO     | models | Saved → /home/keerthanss/Projects/CMPE257ML/final/scripts/outputs/plots/models/final_knn_skb.png
2026-04-30 23:21:49 | INFO     | evaluate | ────────────────────────────────────────────────────────────
2026-04-30 23:21:49 | INFO     | evaluate |   SVM (RBF) [raw]
2026-04-30 23:21:49 | INFO     | evaluate | ────────────────────────────────────────────────────────────
2026-04-30 23:21:49 | INFO     | evaluate | Best params: {'C': 1, 'gamma': 'auto'}
2026-04-30 23:21:49 | INFO     | evaluate | Final training set: 2397 (orig=799, aug=1598)
2026-04-30 23:21:49 | INFO     | evaluate | Test accuracy: 84.00%
2026-04-30 23:21:49 | INFO     | evaluate | Model saved   → /home/keerthanss/Projects/CMPE257ML/final/scripts/outputs/models/svm_rbf_raw_final.joblib
2026-04-30 23:21:49 | INFO     | evaluate | Scaler saved  → /home/keerthanss/Projects/CMPE257ML/final/scripts/outputs/models/svm_rbf_raw_scaler.joblib
2026-04-30 23:21:49 | INFO     | models | Saved → /home/keerthanss/Projects/CMPE257ML/final/scripts/outputs/plots/models/final_svm_rbf_raw.png
2026-04-30 23:21:49 | INFO     | evaluate | ────────────────────────────────────────────────────────────
2026-04-30 23:21:49 | INFO     | evaluate |   SVM (RBF) [pca]
2026-04-30 23:21:49 | INFO     | evaluate | ────────────────────────────────────────────────────────────
2026-04-30 23:21:49 | INFO     | evaluate | Best params: {'C': 1, 'gamma': 'scale'}
2026-04-30 23:21:49 | INFO     | evaluate | Final training set: 2397 (orig=799, aug=1598)
2026-04-30 23:21:50 | INFO     | evaluate | Test accuracy: 80.50%
2026-04-30 23:21:50 | INFO     | evaluate | Model saved   → /home/keerthanss/Projects/CMPE257ML/final/scripts/outputs/models/svm_rbf_pca_final.joblib
2026-04-30 23:21:50 | INFO     | evaluate | Scaler saved  → /home/keerthanss/Projects/CMPE257ML/final/scripts/outputs/models/svm_rbf_pca_scaler.joblib
2026-04-30 23:21:50 | INFO     | evaluate | Reducer saved → /home/keerthanss/Projects/CMPE257ML/final/scripts/outputs/models/svm_rbf_pca_reducer.joblib
2026-04-30 23:21:50 | INFO     | models | Saved → /home/keerthanss/Projects/CMPE257ML/final/scripts/outputs/plots/models/final_svm_rbf_pca.png
2026-04-30 23:21:50 | INFO     | evaluate | ────────────────────────────────────────────────────────────
2026-04-30 23:21:50 | INFO     | evaluate |   SVM (RBF) [lda]
2026-04-30 23:21:50 | INFO     | evaluate | ────────────────────────────────────────────────────────────
2026-04-30 23:21:50 | INFO     | evaluate | Best params: {'C': 1, 'gamma': 'scale'}
2026-04-30 23:21:50 | INFO     | evaluate | Final training set: 2397 (orig=799, aug=1598)
2026-04-30 23:21:50 | INFO     | evaluate | Test accuracy: 76.50%
2026-04-30 23:21:50 | INFO     | evaluate | Model saved   → /home/keerthanss/Projects/CMPE257ML/final/scripts/outputs/models/svm_rbf_lda_final.joblib
2026-04-30 23:21:50 | INFO     | evaluate | Scaler saved  → /home/keerthanss/Projects/CMPE257ML/final/scripts/outputs/models/svm_rbf_lda_scaler.joblib
2026-04-30 23:21:50 | INFO     | evaluate | Reducer saved → /home/keerthanss/Projects/CMPE257ML/final/scripts/outputs/models/svm_rbf_lda_reducer.joblib
2026-04-30 23:21:51 | INFO     | models | Saved → /home/keerthanss/Projects/CMPE257ML/final/scripts/outputs/plots/models/final_svm_rbf_lda.png
2026-04-30 23:21:51 | INFO     | evaluate | ────────────────────────────────────────────────────────────
2026-04-30 23:21:51 | INFO     | evaluate |   SVM (RBF) [skb]
2026-04-30 23:21:51 | INFO     | evaluate | ────────────────────────────────────────────────────────────
2026-04-30 23:21:51 | INFO     | evaluate | Best params: {'C': 1, 'gamma': 'auto'}
2026-04-30 23:21:51 | INFO     | evaluate | Final training set: 2397 (orig=799, aug=1598)
2026-04-30 23:21:51 | INFO     | evaluate | Test accuracy: 83.50%
2026-04-30 23:21:51 | INFO     | evaluate | Model saved   → /home/keerthanss/Projects/CMPE257ML/final/scripts/outputs/models/svm_rbf_skb_final.joblib
2026-04-30 23:21:51 | INFO     | evaluate | Scaler saved  → /home/keerthanss/Projects/CMPE257ML/final/scripts/outputs/models/svm_rbf_skb_scaler.joblib
2026-04-30 23:21:51 | INFO     | evaluate | Reducer saved → /home/keerthanss/Projects/CMPE257ML/final/scripts/outputs/models/svm_rbf_skb_reducer.joblib
2026-04-30 23:21:51 | INFO     | models | Saved → /home/keerthanss/Projects/CMPE257ML/final/scripts/outputs/plots/models/final_svm_rbf_skb.png
2026-04-30 23:21:51 | INFO     | evaluate | ────────────────────────────────────────────────────────────
2026-04-30 23:21:51 | INFO     | evaluate |   Random Forest [raw]
2026-04-30 23:21:51 | INFO     | evaluate | ────────────────────────────────────────────────────────────
2026-04-30 23:21:51 | INFO     | evaluate | Best params: {'max_features': 'sqrt', 'min_samples_split': 2, 'n_estimators': 500}
2026-04-30 23:21:51 | INFO     | evaluate | Final training set: 2397 (orig=799, aug=1598)
2026-04-30 23:21:53 | INFO     | evaluate | Test accuracy: 78.00%
2026-04-30 23:21:54 | INFO     | evaluate | Model saved   → /home/keerthanss/Projects/CMPE257ML/final/scripts/outputs/models/random_forest_raw_final.joblib
2026-04-30 23:21:54 | INFO     | evaluate | Scaler saved  → /home/keerthanss/Projects/CMPE257ML/final/scripts/outputs/models/random_forest_raw_scaler.joblib
2026-04-30 23:21:54 | INFO     | models | Saved → /home/keerthanss/Projects/CMPE257ML/final/scripts/outputs/plots/models/final_random_forest_raw.png
2026-04-30 23:21:54 | INFO     | evaluate | ────────────────────────────────────────────────────────────
2026-04-30 23:21:54 | INFO     | evaluate |   Random Forest [pca]
2026-04-30 23:21:54 | INFO     | evaluate | ────────────────────────────────────────────────────────────
2026-04-30 23:21:54 | INFO     | evaluate | Best params: {'max_features': 'log2', 'min_samples_split': 2, 'n_estimators': 500}
2026-04-30 23:21:54 | INFO     | evaluate | Final training set: 2397 (orig=799, aug=1598)
2026-04-30 23:21:56 | INFO     | evaluate | Test accuracy: 65.00%
2026-04-30 23:21:56 | INFO     | evaluate | Model saved   → /home/keerthanss/Projects/CMPE257ML/final/scripts/outputs/models/random_forest_pca_final.joblib
2026-04-30 23:21:56 | INFO     | evaluate | Scaler saved  → /home/keerthanss/Projects/CMPE257ML/final/scripts/outputs/models/random_forest_pca_scaler.joblib
2026-04-30 23:21:56 | INFO     | evaluate | Reducer saved → /home/keerthanss/Projects/CMPE257ML/final/scripts/outputs/models/random_forest_pca_reducer.joblib
2026-04-30 23:21:57 | INFO     | models | Saved → /home/keerthanss/Projects/CMPE257ML/final/scripts/outputs/plots/models/final_random_forest_pca.png
2026-04-30 23:21:57 | INFO     | evaluate | ────────────────────────────────────────────────────────────
2026-04-30 23:21:57 | INFO     | evaluate |   Random Forest [lda]
2026-04-30 23:21:57 | INFO     | evaluate | ────────────────────────────────────────────────────────────
2026-04-30 23:21:57 | INFO     | evaluate | Best params: {'max_features': 'sqrt', 'min_samples_split': 5, 'n_estimators': 300}
2026-04-30 23:21:57 | INFO     | evaluate | Final training set: 2397 (orig=799, aug=1598)
2026-04-30 23:21:58 | INFO     | evaluate | Test accuracy: 75.50%
2026-04-30 23:21:58 | INFO     | evaluate | Model saved   → /home/keerthanss/Projects/CMPE257ML/final/scripts/outputs/models/random_forest_lda_final.joblib
2026-04-30 23:21:58 | INFO     | evaluate | Scaler saved  → /home/keerthanss/Projects/CMPE257ML/final/scripts/outputs/models/random_forest_lda_scaler.joblib
2026-04-30 23:21:58 | INFO     | evaluate | Reducer saved → /home/keerthanss/Projects/CMPE257ML/final/scripts/outputs/models/random_forest_lda_reducer.joblib
2026-04-30 23:21:58 | INFO     | models | Saved → /home/keerthanss/Projects/CMPE257ML/final/scripts/outputs/plots/models/final_random_forest_lda.png
2026-04-30 23:21:58 | INFO     | evaluate | ────────────────────────────────────────────────────────────
2026-04-30 23:21:58 | INFO     | evaluate |   Random Forest [skb]
2026-04-30 23:21:58 | INFO     | evaluate | ────────────────────────────────────────────────────────────
2026-04-30 23:21:58 | INFO     | evaluate | Best params: {'max_features': 'sqrt', 'min_samples_split': 2, 'n_estimators': 300}
2026-04-30 23:21:58 | INFO     | evaluate | Final training set: 2397 (orig=799, aug=1598)
2026-04-30 23:22:00 | INFO     | evaluate | Test accuracy: 80.50%
2026-04-30 23:22:00 | INFO     | evaluate | Model saved   → /home/keerthanss/Projects/CMPE257ML/final/scripts/outputs/models/random_forest_skb_final.joblib
2026-04-30 23:22:00 | INFO     | evaluate | Scaler saved  → /home/keerthanss/Projects/CMPE257ML/final/scripts/outputs/models/random_forest_skb_scaler.joblib
2026-04-30 23:22:00 | INFO     | evaluate | Reducer saved → /home/keerthanss/Projects/CMPE257ML/final/scripts/outputs/models/random_forest_skb_reducer.joblib
2026-04-30 23:22:00 | INFO     | models | Saved → /home/keerthanss/Projects/CMPE257ML/final/scripts/outputs/plots/models/final_random_forest_skb.png
2026-04-30 23:22:00 | INFO     | evaluate | 
Final results saved → /home/keerthanss/Projects/CMPE257ML/final/scripts/outputs/results/final_results.csv
2026-04-30 23:22:00 | INFO     | evaluate | 
Final Results Summary:
2026-04-30 23:22:00 | INFO     | evaluate | 
        model feat_space  cv_mean   cv_std  test_acc
    SVM (RBF)        raw 0.733420 0.024517     0.840
    SVM (RBF)        skb 0.779670 0.031431     0.835
Random Forest        skb 0.727131 0.019219     0.805
    SVM (RBF)        pca 0.724678 0.019467     0.805
          KNN        lda 0.748459 0.028960     0.795
Random Forest        raw 0.728396 0.013741     0.780
    SVM (RBF)        lda 0.729693 0.024172     0.765
Random Forest        lda 0.708443 0.041034     0.755
  Gaussian NB        lda 0.616745 0.110578     0.735
          KNN        skb 0.730881 0.030674     0.735
          KNN        raw 0.668341 0.019652     0.665
          KNN        pca 0.649568 0.024591     0.660
Random Forest        pca 0.659560 0.011998     0.650
  Gaussian NB        skb 0.570731 0.025184     0.625
  Gaussian NB        raw 0.583231 0.012132     0.585
  Gaussian NB        pca 0.518042 0.049290     0.495
2026-04-30 23:22:00 | INFO     | evaluate | ============================================================
2026-04-30 23:22:00 | INFO     | evaluate |   BEST MODEL    : SVM (RBF) [raw]
2026-04-30 23:22:00 | INFO     | evaluate |   TEST ACCURACY : 84.00%
2026-04-30 23:22:00 | INFO     | evaluate | ============================================================
2026-04-30 23:22:01 | INFO     | models | Saved → /home/keerthanss/Projects/CMPE257ML/final/scripts/outputs/plots/models/final_cv_vs_test.png
2026-04-30 23:22:01 | INFO     | evaluate | ✓ final_evaluation finished in 15.8s
2026-04-30 23:22:01 | INFO     | main | ────────────────────────────────────────────────────────────
2026-04-30 23:22:01 | INFO     | main |   Pipeline complete — all results and models saved
2026-04-30 23:22:01 | INFO     | main | ────────────────────────────────────────────────────────────
2026-04-30 23:22:01 | INFO     | main | ✓ run_pipeline finished in 362.8s
