2026-04-30 23:41:27 | INFO     | main | ────────────────────────────────────────────────────────────
2026-04-30 23:41:27 | INFO     | main |   GTZAN Genre Classification — Full Pipeline
2026-04-30 23:41:27 | INFO     | main | ────────────────────────────────────────────────────────────
2026-04-30 23:41:27 | INFO     | main | Run directory: /home/keerthanss/Projects/CMPE257ML/final/scripts/outputs/runs/2026-04-30_23-41-27
2026-04-30 23:41:27 | INFO     | main | Skipping EDA (--skip-eda)
2026-04-30 23:41:27 | INFO     | main | ────────────────────────────────────────────────────────────
2026-04-30 23:41:27 | INFO     | main |   Stage 2 — Feature Extraction (original tracks)
2026-04-30 23:41:27 | INFO     | main | ────────────────────────────────────────────────────────────
2026-04-30 23:41:27 | INFO     | main | Valid tracks: 999
2026-04-30 23:41:27 | INFO     | features | → extract_all_features started
2026-04-30 23:41:27 | INFO     | features | Cache hit: /home/keerthanss/Projects/CMPE257ML/final/scripts/outputs/cache/features.csv (use --force to recompute)
2026-04-30 23:41:27 | INFO     | features |   999 samples, 166 features
2026-04-30 23:41:27 | INFO     | features | ✓ extract_all_features finished in 0.0s
2026-04-30 23:41:27 | INFO     | main | ────────────────────────────────────────────────────────────
2026-04-30 23:41:27 | INFO     | main |   Stage 3 — Train/Test Split
2026-04-30 23:41:27 | INFO     | main | ────────────────────────────────────────────────────────────
2026-04-30 23:41:27 | INFO     | main | Training tracks (for augmentation): 799
2026-04-30 23:41:27 | INFO     | main | ────────────────────────────────────────────────────────────
2026-04-30 23:41:27 | INFO     | main |   Stage 4 — Augmented Feature Extraction
2026-04-30 23:41:27 | INFO     | main | ────────────────────────────────────────────────────────────
2026-04-30 23:41:27 | INFO     | features | → extract_augmented_features started
2026-04-30 23:41:27 | INFO     | features | Cache hit: /home/keerthanss/Projects/CMPE257ML/final/scripts/outputs/cache/augmented_features.csv (use --force to recompute)
2026-04-30 23:41:27 | INFO     | features |   1598 augmented samples
2026-04-30 23:41:27 | INFO     | features | ✓ extract_augmented_features finished in 0.0s
2026-04-30 23:41:27 | INFO     | main | ────────────────────────────────────────────────────────────
2026-04-30 23:41:27 | INFO     | main |   Stage 5 — Cross-Validation & Grid Search
2026-04-30 23:41:27 | INFO     | main | ────────────────────────────────────────────────────────────
2026-04-30 23:41:27 | INFO     | cross_validation | ────────────────────────────────────────────────────────────
2026-04-30 23:41:27 | INFO     | cross_validation |   Loading cached features and splitting data
2026-04-30 23:41:27 | INFO     | cross_validation | ────────────────────────────────────────────────────────────
2026-04-30 23:41:27 | INFO     | cross_validation | Loaded features: 999 original, 1598 augmented samples
2026-04-30 23:41:27 | INFO     | cross_validation | Feature columns: 166
2026-04-30 23:41:27 | INFO     | cross_validation | Train split saved → /home/keerthanss/Projects/CMPE257ML/final/scripts/outputs/runs/2026-04-30_23-41-27/splits/train.csv  (799 samples)
2026-04-30 23:41:27 | INFO     | cross_validation | Test split saved  → /home/keerthanss/Projects/CMPE257ML/final/scripts/outputs/runs/2026-04-30_23-41-27/splits/test.csv   (200 samples)
2026-04-30 23:41:27 | INFO     | cross_validation | Classes: ['blues', 'classical', 'country', 'disco', 'hiphop', 'jazz', 'metal', 'pop', 'reggae', 'rock']
2026-04-30 23:41:27 | INFO     | main | Total experiment configs: 40 (5 models × 4 spaces × 2 aug modes)
2026-04-30 23:41:27 | INFO     | main | ────────────────────────────────────────────────────────────
2026-04-30 23:41:27 | INFO     | main |   Gaussian NB [raw, aug]
2026-04-30 23:41:27 | INFO     | main | ────────────────────────────────────────────────────────────
2026-04-30 23:41:27 | INFO     | cross_validation | → grid_search_cv started
2026-04-30 23:41:27 | INFO     | cross_validation | No hyperparameters to tune — running single CV pass
2026-04-30 23:41:27 | DEBUG    | reduction | Scaler fitted on 639 samples, 166 features
2026-04-30 23:41:27 | INFO     | cross_validation |   Fold 1/5: train=1917 (orig=639, aug=1278), val=160, acc=60.00%  [0.0s]
2026-04-30 23:41:27 | DEBUG    | reduction | Scaler fitted on 639 samples, 166 features
2026-04-30 23:41:27 | INFO     | cross_validation |   Fold 2/5: train=1917 (orig=639, aug=1278), val=160, acc=56.25%  [0.0s]
2026-04-30 23:41:27 | DEBUG    | reduction | Scaler fitted on 639 samples, 166 features
2026-04-30 23:41:27 | INFO     | cross_validation |   Fold 3/5: train=1917 (orig=639, aug=1278), val=160, acc=58.13%  [0.0s]
2026-04-30 23:41:27 | DEBUG    | reduction | Scaler fitted on 639 samples, 166 features
2026-04-30 23:41:27 | INFO     | cross_validation |   Fold 4/5: train=1917 (orig=639, aug=1278), val=160, acc=58.75%  [0.0s]
2026-04-30 23:41:27 | DEBUG    | reduction | Scaler fitted on 640 samples, 166 features
2026-04-30 23:41:27 | INFO     | cross_validation |   Fold 5/5: train=1920 (orig=640, aug=1280), val=159, acc=58.49%  [0.0s]
2026-04-30 23:41:27 | INFO     | cross_validation |   CV result: 58.32% ± 1.21%
2026-04-30 23:41:27 | INFO     | cross_validation | ✓ grid_search_cv finished in 0.1s
2026-04-30 23:41:27 | INFO     | main | ────────────────────────────────────────────────────────────
2026-04-30 23:41:27 | INFO     | main |   Gaussian NB [raw, no-aug]
2026-04-30 23:41:27 | INFO     | main | ────────────────────────────────────────────────────────────
2026-04-30 23:41:27 | INFO     | cross_validation | → grid_search_cv started
2026-04-30 23:41:27 | INFO     | cross_validation | No hyperparameters to tune — running single CV pass
2026-04-30 23:41:27 | DEBUG    | reduction | Scaler fitted on 639 samples, 166 features
2026-04-30 23:41:27 | INFO     | cross_validation |   Fold 1/5: train=639 (orig=639, aug=0), val=160, acc=63.75%  [0.0s]
2026-04-30 23:41:27 | DEBUG    | reduction | Scaler fitted on 639 samples, 166 features
2026-04-30 23:41:27 | INFO     | cross_validation |   Fold 2/5: train=639 (orig=639, aug=0), val=160, acc=59.38%  [0.0s]
2026-04-30 23:41:27 | DEBUG    | reduction | Scaler fitted on 639 samples, 166 features
2026-04-30 23:41:27 | INFO     | cross_validation |   Fold 3/5: train=639 (orig=639, aug=0), val=160, acc=56.88%  [0.0s]
2026-04-30 23:41:27 | DEBUG    | reduction | Scaler fitted on 639 samples, 166 features
2026-04-30 23:41:27 | INFO     | cross_validation |   Fold 4/5: train=639 (orig=639, aug=0), val=160, acc=60.62%  [0.0s]
2026-04-30 23:41:27 | DEBUG    | reduction | Scaler fitted on 640 samples, 166 features
2026-04-30 23:41:27 | INFO     | cross_validation |   Fold 5/5: train=640 (orig=640, aug=0), val=159, acc=59.12%  [0.0s]
2026-04-30 23:41:27 | INFO     | cross_validation |   CV result: 59.95% ± 2.25%
2026-04-30 23:41:27 | INFO     | cross_validation | ✓ grid_search_cv finished in 0.0s
2026-04-30 23:41:27 | INFO     | main | ────────────────────────────────────────────────────────────
2026-04-30 23:41:27 | INFO     | main |   Gaussian NB [pca, aug]
2026-04-30 23:41:27 | INFO     | main | ────────────────────────────────────────────────────────────
2026-04-30 23:41:27 | INFO     | cross_validation | → grid_search_cv started
2026-04-30 23:41:27 | INFO     | cross_validation | No hyperparameters to tune — running single CV pass
2026-04-30 23:41:27 | DEBUG    | reduction | Scaler fitted on 639 samples, 166 features
2026-04-30 23:41:28 | DEBUG    | reduction | PCA: 166 → 82 components (95% var)
2026-04-30 23:41:28 | INFO     | cross_validation |   Fold 1/5: train=1917 (orig=639, aug=1278), val=160, acc=51.25%  [0.3s]
2026-04-30 23:41:28 | DEBUG    | reduction | Scaler fitted on 639 samples, 166 features
2026-04-30 23:41:28 | DEBUG    | reduction | PCA: 166 → 83 components (95% var)
2026-04-30 23:41:28 | INFO     | cross_validation |   Fold 2/5: train=1917 (orig=639, aug=1278), val=160, acc=58.13%  [0.5s]
2026-04-30 23:41:28 | DEBUG    | reduction | Scaler fitted on 639 samples, 166 features
2026-04-30 23:41:29 | DEBUG    | reduction | PCA: 166 → 83 components (95% var)
2026-04-30 23:41:29 | INFO     | cross_validation |   Fold 3/5: train=1917 (orig=639, aug=1278), val=160, acc=51.25%  [0.4s]
2026-04-30 23:41:29 | DEBUG    | reduction | Scaler fitted on 639 samples, 166 features
2026-04-30 23:41:29 | DEBUG    | reduction | PCA: 166 → 83 components (95% var)
2026-04-30 23:41:29 | INFO     | cross_validation |   Fold 4/5: train=1917 (orig=639, aug=1278), val=160, acc=55.00%  [0.2s]
2026-04-30 23:41:29 | DEBUG    | reduction | Scaler fitted on 640 samples, 166 features
2026-04-30 23:41:29 | DEBUG    | reduction | PCA: 166 → 82 components (95% var)
2026-04-30 23:41:29 | INFO     | cross_validation |   Fold 5/5: train=1920 (orig=640, aug=1280), val=159, acc=43.40%  [0.3s]
2026-04-30 23:41:29 | INFO     | cross_validation |   CV result: 51.80% ± 4.93%
2026-04-30 23:41:29 | INFO     | cross_validation | ✓ grid_search_cv finished in 1.8s
2026-04-30 23:41:29 | INFO     | main | ────────────────────────────────────────────────────────────
2026-04-30 23:41:29 | INFO     | main |   Gaussian NB [pca, no-aug]
2026-04-30 23:41:29 | INFO     | main | ────────────────────────────────────────────────────────────
2026-04-30 23:41:29 | INFO     | cross_validation | → grid_search_cv started
2026-04-30 23:41:29 | INFO     | cross_validation | No hyperparameters to tune — running single CV pass
2026-04-30 23:41:29 | DEBUG    | reduction | Scaler fitted on 639 samples, 166 features
2026-04-30 23:41:30 | DEBUG    | reduction | PCA: 166 → 82 components (95% var)
2026-04-30 23:41:30 | INFO     | cross_validation |   Fold 1/5: train=639 (orig=639, aug=0), val=160, acc=53.12%  [0.3s]
2026-04-30 23:41:30 | DEBUG    | reduction | Scaler fitted on 639 samples, 166 features
2026-04-30 23:41:30 | DEBUG    | reduction | PCA: 166 → 83 components (95% var)
2026-04-30 23:41:30 | INFO     | cross_validation |   Fold 2/5: train=639 (orig=639, aug=0), val=160, acc=54.37%  [0.1s]
2026-04-30 23:41:30 | DEBUG    | reduction | Scaler fitted on 639 samples, 166 features
2026-04-30 23:41:30 | DEBUG    | reduction | PCA: 166 → 83 components (95% var)
2026-04-30 23:41:30 | INFO     | cross_validation |   Fold 3/5: train=639 (orig=639, aug=0), val=160, acc=54.37%  [0.4s]
2026-04-30 23:41:30 | DEBUG    | reduction | Scaler fitted on 639 samples, 166 features
2026-04-30 23:41:30 | DEBUG    | reduction | PCA: 166 → 83 components (95% var)
2026-04-30 23:41:30 | INFO     | cross_validation |   Fold 4/5: train=639 (orig=639, aug=0), val=160, acc=64.38%  [0.1s]
2026-04-30 23:41:30 | DEBUG    | reduction | Scaler fitted on 640 samples, 166 features
2026-04-30 23:41:31 | DEBUG    | reduction | PCA: 166 → 82 components (95% var)
2026-04-30 23:41:31 | INFO     | cross_validation |   Fold 5/5: train=640 (orig=640, aug=0), val=159, acc=60.38%  [0.5s]
2026-04-30 23:41:31 | INFO     | cross_validation |   CV result: 57.33% ± 4.34%
2026-04-30 23:41:31 | INFO     | cross_validation | ✓ grid_search_cv finished in 1.4s
2026-04-30 23:41:31 | INFO     | main | ────────────────────────────────────────────────────────────
2026-04-30 23:41:31 | INFO     | main |   Gaussian NB [lda, aug]
2026-04-30 23:41:31 | INFO     | main | ────────────────────────────────────────────────────────────
2026-04-30 23:41:31 | INFO     | cross_validation | → grid_search_cv started
2026-04-30 23:41:31 | INFO     | cross_validation | No hyperparameters to tune — running single CV pass
2026-04-30 23:41:31 | DEBUG    | reduction | Scaler fitted on 639 samples, 166 features
2026-04-30 23:41:31 | DEBUG    | reduction | LDA: 166 → 9 discriminant components
2026-04-30 23:41:31 | INFO     | cross_validation |   Fold 1/5: train=1917 (orig=639, aug=1278), val=160, acc=66.25%  [0.3s]
2026-04-30 23:41:31 | DEBUG    | reduction | Scaler fitted on 639 samples, 166 features
2026-04-30 23:41:31 | DEBUG    | reduction | LDA: 166 → 9 discriminant components
2026-04-30 23:41:31 | INFO     | cross_validation |   Fold 2/5: train=1917 (orig=639, aug=1278), val=160, acc=68.12%  [0.4s]
2026-04-30 23:41:31 | DEBUG    | reduction | Scaler fitted on 639 samples, 166 features
2026-04-30 23:41:32 | DEBUG    | reduction | LDA: 166 → 9 discriminant components
2026-04-30 23:41:32 | INFO     | cross_validation |   Fold 3/5: train=1917 (orig=639, aug=1278), val=160, acc=66.25%  [0.3s]
2026-04-30 23:41:32 | DEBUG    | reduction | Scaler fitted on 639 samples, 166 features
2026-04-30 23:41:32 | DEBUG    | reduction | LDA: 166 → 9 discriminant components
2026-04-30 23:41:32 | INFO     | cross_validation |   Fold 4/5: train=1917 (orig=639, aug=1278), val=160, acc=68.12%  [0.4s]
2026-04-30 23:41:32 | DEBUG    | reduction | Scaler fitted on 640 samples, 166 features
2026-04-30 23:41:33 | DEBUG    | reduction | LDA: 166 → 9 discriminant components
2026-04-30 23:41:33 | INFO     | cross_validation |   Fold 5/5: train=1920 (orig=640, aug=1280), val=159, acc=39.62%  [0.5s]
2026-04-30 23:41:33 | INFO     | cross_validation |   CV result: 61.67% ± 11.06%
2026-04-30 23:41:33 | INFO     | cross_validation | ✓ grid_search_cv finished in 1.9s
2026-04-30 23:41:33 | INFO     | main | ────────────────────────────────────────────────────────────
2026-04-30 23:41:33 | INFO     | main |   Gaussian NB [lda, no-aug]
2026-04-30 23:41:33 | INFO     | main | ────────────────────────────────────────────────────────────
2026-04-30 23:41:33 | INFO     | cross_validation | → grid_search_cv started
2026-04-30 23:41:33 | INFO     | cross_validation | No hyperparameters to tune — running single CV pass
2026-04-30 23:41:33 | DEBUG    | reduction | Scaler fitted on 639 samples, 166 features
2026-04-30 23:41:36 | DEBUG    | reduction | LDA: 166 → 9 discriminant components
2026-04-30 23:41:36 | INFO     | cross_validation |   Fold 1/5: train=639 (orig=639, aug=0), val=160, acc=68.75%  [0.3s]
2026-04-30 23:41:36 | DEBUG    | reduction | Scaler fitted on 639 samples, 166 features
2026-04-30 23:41:36 | DEBUG    | reduction | LDA: 166 → 9 discriminant components
2026-04-30 23:41:36 | INFO     | cross_validation |   Fold 2/5: train=639 (orig=639, aug=0), val=160, acc=71.25%  [0.3s]
2026-04-30 23:41:36 | DEBUG    | reduction | Scaler fitted on 639 samples, 166 features
2026-04-30 23:41:37 | DEBUG    | reduction | LDA: 166 → 9 discriminant components
2026-04-30 23:41:37 | INFO     | cross_validation |   Fold 3/5: train=639 (orig=639, aug=0), val=160, acc=73.75%  [0.2s]
2026-04-30 23:41:37 | DEBUG    | reduction | Scaler fitted on 639 samples, 166 features
2026-04-30 23:41:37 | DEBUG    | reduction | LDA: 166 → 9 discriminant components
2026-04-30 23:41:37 | INFO     | cross_validation |   Fold 4/5: train=639 (orig=639, aug=0), val=160, acc=75.00%  [0.2s]
2026-04-30 23:41:37 | DEBUG    | reduction | Scaler fitted on 640 samples, 166 features
2026-04-30 23:41:37 | DEBUG    | reduction | LDA: 166 → 9 discriminant components
2026-04-30 23:41:37 | INFO     | cross_validation |   Fold 5/5: train=640 (orig=640, aug=0), val=159, acc=72.96%  [0.3s]
2026-04-30 23:41:37 | INFO     | cross_validation |   CV result: 72.34% ± 2.17%
2026-04-30 23:41:37 | INFO     | cross_validation | ✓ grid_search_cv finished in 1.3s
2026-04-30 23:41:37 | INFO     | main | ────────────────────────────────────────────────────────────
2026-04-30 23:41:37 | INFO     | main |   Gaussian NB [skb, aug]
2026-04-30 23:41:37 | INFO     | main | ────────────────────────────────────────────────────────────
2026-04-30 23:41:37 | INFO     | cross_validation | → grid_search_cv started
2026-04-30 23:41:37 | INFO     | cross_validation | No hyperparameters to tune — running single CV pass
2026-04-30 23:41:37 | DEBUG    | reduction | Scaler fitted on 639 samples, 166 features
2026-04-30 23:41:37 | DEBUG    | reduction | SelectKBest: 166 → 80 features
2026-04-30 23:41:37 | INFO     | cross_validation |   Fold 1/5: train=1917 (orig=639, aug=1278), val=160, acc=60.00%  [0.0s]
2026-04-30 23:41:37 | DEBUG    | reduction | Scaler fitted on 639 samples, 166 features
2026-04-30 23:41:37 | DEBUG    | reduction | SelectKBest: 166 → 80 features
2026-04-30 23:41:37 | INFO     | cross_validation |   Fold 2/5: train=1917 (orig=639, aug=1278), val=160, acc=53.75%  [0.0s]
2026-04-30 23:41:37 | DEBUG    | reduction | Scaler fitted on 639 samples, 166 features
2026-04-30 23:41:37 | DEBUG    | reduction | SelectKBest: 166 → 80 features
2026-04-30 23:41:37 | INFO     | cross_validation |   Fold 3/5: train=1917 (orig=639, aug=1278), val=160, acc=54.37%  [0.0s]
2026-04-30 23:41:37 | DEBUG    | reduction | Scaler fitted on 639 samples, 166 features
2026-04-30 23:41:37 | DEBUG    | reduction | SelectKBest: 166 → 80 features
2026-04-30 23:41:37 | INFO     | cross_validation |   Fold 4/5: train=1917 (orig=639, aug=1278), val=160, acc=58.75%  [0.0s]
2026-04-30 23:41:37 | DEBUG    | reduction | Scaler fitted on 640 samples, 166 features
2026-04-30 23:41:37 | DEBUG    | reduction | SelectKBest: 166 → 80 features
2026-04-30 23:41:37 | INFO     | cross_validation |   Fold 5/5: train=1920 (orig=640, aug=1280), val=159, acc=58.49%  [0.0s]
2026-04-30 23:41:37 | INFO     | cross_validation |   CV result: 57.07% ± 2.52%
2026-04-30 23:41:37 | INFO     | cross_validation | ✓ grid_search_cv finished in 0.1s
2026-04-30 23:41:37 | INFO     | main | ────────────────────────────────────────────────────────────
2026-04-30 23:41:37 | INFO     | main |   Gaussian NB [skb, no-aug]
2026-04-30 23:41:37 | INFO     | main | ────────────────────────────────────────────────────────────
2026-04-30 23:41:37 | INFO     | cross_validation | → grid_search_cv started
2026-04-30 23:41:37 | INFO     | cross_validation | No hyperparameters to tune — running single CV pass
2026-04-30 23:41:37 | DEBUG    | reduction | Scaler fitted on 639 samples, 166 features
2026-04-30 23:41:37 | DEBUG    | reduction | SelectKBest: 166 → 80 features
2026-04-30 23:41:37 | INFO     | cross_validation |   Fold 1/5: train=639 (orig=639, aug=0), val=160, acc=64.38%  [0.0s]
2026-04-30 23:41:37 | DEBUG    | reduction | Scaler fitted on 639 samples, 166 features
2026-04-30 23:41:37 | DEBUG    | reduction | SelectKBest: 166 → 80 features
2026-04-30 23:41:37 | INFO     | cross_validation |   Fold 2/5: train=639 (orig=639, aug=0), val=160, acc=57.50%  [0.0s]
2026-04-30 23:41:37 | DEBUG    | reduction | Scaler fitted on 639 samples, 166 features
2026-04-30 23:41:37 | DEBUG    | reduction | SelectKBest: 166 → 80 features
2026-04-30 23:41:37 | INFO     | cross_validation |   Fold 3/5: train=639 (orig=639, aug=0), val=160, acc=58.75%  [0.0s]
2026-04-30 23:41:37 | DEBUG    | reduction | Scaler fitted on 639 samples, 166 features
2026-04-30 23:41:37 | DEBUG    | reduction | SelectKBest: 166 → 80 features
2026-04-30 23:41:37 | INFO     | cross_validation |   Fold 4/5: train=639 (orig=639, aug=0), val=160, acc=59.38%  [0.0s]
2026-04-30 23:41:37 | DEBUG    | reduction | Scaler fitted on 640 samples, 166 features
2026-04-30 23:41:37 | DEBUG    | reduction | SelectKBest: 166 → 80 features
2026-04-30 23:41:37 | INFO     | cross_validation |   Fold 5/5: train=640 (orig=640, aug=0), val=159, acc=61.01%  [0.0s]
2026-04-30 23:41:37 | INFO     | cross_validation |   CV result: 60.20% ± 2.37%
2026-04-30 23:41:37 | INFO     | cross_validation | ✓ grid_search_cv finished in 0.0s
2026-04-30 23:41:37 | INFO     | main | ────────────────────────────────────────────────────────────
2026-04-30 23:41:37 | INFO     | main |   KNN [raw, aug]
2026-04-30 23:41:37 | INFO     | main | ────────────────────────────────────────────────────────────
2026-04-30 23:41:37 | INFO     | cross_validation | → grid_search_cv started
2026-04-30 23:41:37 | INFO     | cross_validation | Grid search: 20 parameter combinations × 5 folds
2026-04-30 23:41:37 | INFO     | cross_validation |   Combo 1/20: {'n_neighbors': 1}
2026-04-30 23:41:37 | DEBUG    | reduction | Scaler fitted on 639 samples, 166 features
2026-04-30 23:41:37 | INFO     | cross_validation |   Fold 1/5: train=1917 (orig=639, aug=1278), val=160, acc=61.25%  [0.1s]
2026-04-30 23:41:37 | DEBUG    | reduction | Scaler fitted on 639 samples, 166 features
2026-04-30 23:41:37 | INFO     | cross_validation |   Fold 2/5: train=1917 (orig=639, aug=1278), val=160, acc=65.00%  [0.0s]
2026-04-30 23:41:37 | DEBUG    | reduction | Scaler fitted on 639 samples, 166 features
2026-04-30 23:41:37 | INFO     | cross_validation |   Fold 3/5: train=1917 (orig=639, aug=1278), val=160, acc=63.12%  [0.0s]
2026-04-30 23:41:37 | DEBUG    | reduction | Scaler fitted on 639 samples, 166 features
2026-04-30 23:41:37 | INFO     | cross_validation |   Fold 4/5: train=1917 (orig=639, aug=1278), val=160, acc=62.50%  [0.0s]
2026-04-30 23:41:37 | DEBUG    | reduction | Scaler fitted on 640 samples, 166 features
2026-04-30 23:41:37 | INFO     | cross_validation |   Fold 5/5: train=1920 (orig=640, aug=1280), val=159, acc=61.01%  [0.0s]
2026-04-30 23:41:37 | INFO     | cross_validation |   CV result: 62.58% ± 1.44%
2026-04-30 23:41:37 | INFO     | cross_validation |   Combo 2/20: {'n_neighbors': 2}
2026-04-30 23:41:37 | DEBUG    | reduction | Scaler fitted on 639 samples, 166 features
2026-04-30 23:41:37 | INFO     | cross_validation |   Fold 1/5: train=1917 (orig=639, aug=1278), val=160, acc=64.38%  [0.0s]
2026-04-30 23:41:37 | DEBUG    | reduction | Scaler fitted on 639 samples, 166 features
2026-04-30 23:41:37 | INFO     | cross_validation |   Fold 2/5: train=1917 (orig=639, aug=1278), val=160, acc=63.75%  [0.0s]
2026-04-30 23:41:37 | DEBUG    | reduction | Scaler fitted on 639 samples, 166 features
2026-04-30 23:41:37 | INFO     | cross_validation |   Fold 3/5: train=1917 (orig=639, aug=1278), val=160, acc=65.62%  [0.0s]
2026-04-30 23:41:37 | DEBUG    | reduction | Scaler fitted on 639 samples, 166 features
2026-04-30 23:41:38 | INFO     | cross_validation |   Fold 4/5: train=1917 (orig=639, aug=1278), val=160, acc=64.38%  [0.0s]
2026-04-30 23:41:38 | DEBUG    | reduction | Scaler fitted on 640 samples, 166 features
2026-04-30 23:41:38 | INFO     | cross_validation |   Fold 5/5: train=1920 (orig=640, aug=1280), val=159, acc=58.49%  [0.0s]
2026-04-30 23:41:38 | INFO     | cross_validation |   CV result: 63.32% ± 2.49%
2026-04-30 23:41:38 | INFO     | cross_validation |   Combo 3/20: {'n_neighbors': 3}
2026-04-30 23:41:38 | DEBUG    | reduction | Scaler fitted on 639 samples, 166 features
2026-04-30 23:41:38 | INFO     | cross_validation |   Fold 1/5: train=1917 (orig=639, aug=1278), val=160, acc=62.50%  [0.0s]
2026-04-30 23:41:38 | DEBUG    | reduction | Scaler fitted on 639 samples, 166 features
2026-04-30 23:41:38 | INFO     | cross_validation |   Fold 2/5: train=1917 (orig=639, aug=1278), val=160, acc=63.75%  [0.0s]
2026-04-30 23:41:38 | DEBUG    | reduction | Scaler fitted on 639 samples, 166 features
2026-04-30 23:41:38 | INFO     | cross_validation |   Fold 3/5: train=1917 (orig=639, aug=1278), val=160, acc=70.62%  [0.0s]
2026-04-30 23:41:38 | DEBUG    | reduction | Scaler fitted on 639 samples, 166 features
2026-04-30 23:41:38 | INFO     | cross_validation |   Fold 4/5: train=1917 (orig=639, aug=1278), val=160, acc=59.38%  [0.0s]
2026-04-30 23:41:38 | DEBUG    | reduction | Scaler fitted on 640 samples, 166 features
2026-04-30 23:41:38 | INFO     | cross_validation |   Fold 5/5: train=1920 (orig=640, aug=1280), val=159, acc=59.12%  [0.0s]
2026-04-30 23:41:38 | INFO     | cross_validation |   CV result: 63.07% ± 4.17%
2026-04-30 23:41:38 | INFO     | cross_validation |   Combo 4/20: {'n_neighbors': 4}
2026-04-30 23:41:38 | DEBUG    | reduction | Scaler fitted on 639 samples, 166 features
2026-04-30 23:41:38 | INFO     | cross_validation |   Fold 1/5: train=1917 (orig=639, aug=1278), val=160, acc=58.75%  [0.0s]
2026-04-30 23:41:38 | DEBUG    | reduction | Scaler fitted on 639 samples, 166 features
2026-04-30 23:41:38 | INFO     | cross_validation |   Fold 2/5: train=1917 (orig=639, aug=1278), val=160, acc=65.00%  [0.0s]
2026-04-30 23:41:38 | DEBUG    | reduction | Scaler fitted on 639 samples, 166 features
2026-04-30 23:41:38 | INFO     | cross_validation |   Fold 3/5: train=1917 (orig=639, aug=1278), val=160, acc=66.25%  [0.0s]
2026-04-30 23:41:38 | DEBUG    | reduction | Scaler fitted on 639 samples, 166 features
2026-04-30 23:41:38 | INFO     | cross_validation |   Fold 4/5: train=1917 (orig=639, aug=1278), val=160, acc=61.25%  [0.0s]
2026-04-30 23:41:38 | DEBUG    | reduction | Scaler fitted on 640 samples, 166 features
2026-04-30 23:41:38 | INFO     | cross_validation |   Fold 5/5: train=1920 (orig=640, aug=1280), val=159, acc=62.26%  [0.0s]
2026-04-30 23:41:38 | INFO     | cross_validation |   CV result: 62.70% ± 2.68%
2026-04-30 23:41:38 | INFO     | cross_validation |   Combo 5/20: {'n_neighbors': 5}
2026-04-30 23:41:38 | DEBUG    | reduction | Scaler fitted on 639 samples, 166 features
2026-04-30 23:41:38 | INFO     | cross_validation |   Fold 1/5: train=1917 (orig=639, aug=1278), val=160, acc=61.25%  [0.0s]
2026-04-30 23:41:38 | DEBUG    | reduction | Scaler fitted on 639 samples, 166 features
2026-04-30 23:41:38 | INFO     | cross_validation |   Fold 2/5: train=1917 (orig=639, aug=1278), val=160, acc=63.75%  [0.0s]
2026-04-30 23:41:38 | DEBUG    | reduction | Scaler fitted on 639 samples, 166 features
2026-04-30 23:41:38 | INFO     | cross_validation |   Fold 3/5: train=1917 (orig=639, aug=1278), val=160, acc=64.38%  [0.0s]
2026-04-30 23:41:38 | DEBUG    | reduction | Scaler fitted on 639 samples, 166 features
2026-04-30 23:41:38 | INFO     | cross_validation |   Fold 4/5: train=1917 (orig=639, aug=1278), val=160, acc=61.88%  [0.0s]
2026-04-30 23:41:38 | DEBUG    | reduction | Scaler fitted on 640 samples, 166 features
2026-04-30 23:41:38 | INFO     | cross_validation |   Fold 5/5: train=1920 (orig=640, aug=1280), val=159, acc=64.15%  [0.0s]
2026-04-30 23:41:38 | INFO     | cross_validation |   CV result: 63.08% ± 1.27%
2026-04-30 23:41:38 | INFO     | cross_validation |   Combo 6/20: {'n_neighbors': 6}
2026-04-30 23:41:38 | DEBUG    | reduction | Scaler fitted on 639 samples, 166 features
2026-04-30 23:41:38 | INFO     | cross_validation |   Fold 1/5: train=1917 (orig=639, aug=1278), val=160, acc=64.38%  [0.0s]
2026-04-30 23:41:38 | DEBUG    | reduction | Scaler fitted on 639 samples, 166 features
2026-04-30 23:41:38 | INFO     | cross_validation |   Fold 2/5: train=1917 (orig=639, aug=1278), val=160, acc=64.38%  [0.0s]
2026-04-30 23:41:38 | DEBUG    | reduction | Scaler fitted on 639 samples, 166 features
2026-04-30 23:41:38 | INFO     | cross_validation |   Fold 3/5: train=1917 (orig=639, aug=1278), val=160, acc=70.00%  [0.0s]
2026-04-30 23:41:38 | DEBUG    | reduction | Scaler fitted on 639 samples, 166 features
2026-04-30 23:41:38 | INFO     | cross_validation |   Fold 4/5: train=1917 (orig=639, aug=1278), val=160, acc=60.00%  [0.0s]
2026-04-30 23:41:38 | DEBUG    | reduction | Scaler fitted on 640 samples, 166 features
2026-04-30 23:41:38 | INFO     | cross_validation |   Fold 5/5: train=1920 (orig=640, aug=1280), val=159, acc=61.01%  [0.0s]
2026-04-30 23:41:38 | INFO     | cross_validation |   CV result: 63.95% ± 3.50%
2026-04-30 23:41:38 | INFO     | cross_validation |   Combo 7/20: {'n_neighbors': 7}
2026-04-30 23:41:38 | DEBUG    | reduction | Scaler fitted on 639 samples, 166 features
2026-04-30 23:41:38 | INFO     | cross_validation |   Fold 1/5: train=1917 (orig=639, aug=1278), val=160, acc=64.38%  [0.0s]
2026-04-30 23:41:38 | DEBUG    | reduction | Scaler fitted on 639 samples, 166 features
2026-04-30 23:41:38 | INFO     | cross_validation |   Fold 2/5: train=1917 (orig=639, aug=1278), val=160, acc=64.38%  [0.0s]
2026-04-30 23:41:38 | DEBUG    | reduction | Scaler fitted on 639 samples, 166 features
2026-04-30 23:41:38 | INFO     | cross_validation |   Fold 3/5: train=1917 (orig=639, aug=1278), val=160, acc=66.88%  [0.0s]
2026-04-30 23:41:38 | DEBUG    | reduction | Scaler fitted on 639 samples, 166 features
2026-04-30 23:41:38 | INFO     | cross_validation |   Fold 4/5: train=1917 (orig=639, aug=1278), val=160, acc=58.75%  [0.0s]
2026-04-30 23:41:38 | DEBUG    | reduction | Scaler fitted on 640 samples, 166 features
2026-04-30 23:41:38 | INFO     | cross_validation |   Fold 5/5: train=1920 (orig=640, aug=1280), val=159, acc=62.89%  [0.0s]
2026-04-30 23:41:38 | INFO     | cross_validation |   CV result: 63.45% ± 2.68%
2026-04-30 23:41:38 | INFO     | cross_validation |   Combo 8/20: {'n_neighbors': 8}
2026-04-30 23:41:38 | DEBUG    | reduction | Scaler fitted on 639 samples, 166 features
2026-04-30 23:41:38 | INFO     | cross_validation |   Fold 1/5: train=1917 (orig=639, aug=1278), val=160, acc=64.38%  [0.0s]
2026-04-30 23:41:38 | DEBUG    | reduction | Scaler fitted on 639 samples, 166 features
2026-04-30 23:41:38 | INFO     | cross_validation |   Fold 2/5: train=1917 (orig=639, aug=1278), val=160, acc=67.50%  [0.0s]
2026-04-30 23:41:38 | DEBUG    | reduction | Scaler fitted on 639 samples, 166 features
2026-04-30 23:41:38 | INFO     | cross_validation |   Fold 3/5: train=1917 (orig=639, aug=1278), val=160, acc=68.75%  [0.0s]
2026-04-30 23:41:38 | DEBUG    | reduction | Scaler fitted on 639 samples, 166 features
2026-04-30 23:41:38 | INFO     | cross_validation |   Fold 4/5: train=1917 (orig=639, aug=1278), val=160, acc=59.38%  [0.0s]
2026-04-30 23:41:38 | DEBUG    | reduction | Scaler fitted on 640 samples, 166 features
2026-04-30 23:41:38 | INFO     | cross_validation |   Fold 5/5: train=1920 (orig=640, aug=1280), val=159, acc=62.89%  [0.0s]
2026-04-30 23:41:38 | INFO     | cross_validation |   CV result: 64.58% ± 3.34%
2026-04-30 23:41:38 | INFO     | cross_validation |   Combo 9/20: {'n_neighbors': 9}
2026-04-30 23:41:38 | DEBUG    | reduction | Scaler fitted on 639 samples, 166 features
2026-04-30 23:41:38 | INFO     | cross_validation |   Fold 1/5: train=1917 (orig=639, aug=1278), val=160, acc=63.12%  [0.0s]
2026-04-30 23:41:38 | DEBUG    | reduction | Scaler fitted on 639 samples, 166 features
2026-04-30 23:41:38 | INFO     | cross_validation |   Fold 2/5: train=1917 (orig=639, aug=1278), val=160, acc=68.75%  [0.0s]
2026-04-30 23:41:38 | DEBUG    | reduction | Scaler fitted on 639 samples, 166 features
2026-04-30 23:41:38 | INFO     | cross_validation |   Fold 3/5: train=1917 (orig=639, aug=1278), val=160, acc=65.62%  [0.0s]
2026-04-30 23:41:38 | DEBUG    | reduction | Scaler fitted on 639 samples, 166 features
2026-04-30 23:41:38 | INFO     | cross_validation |   Fold 4/5: train=1917 (orig=639, aug=1278), val=160, acc=58.75%  [0.0s]
2026-04-30 23:41:38 | DEBUG    | reduction | Scaler fitted on 640 samples, 166 features
2026-04-30 23:41:38 | INFO     | cross_validation |   Fold 5/5: train=1920 (orig=640, aug=1280), val=159, acc=59.75%  [0.0s]
2026-04-30 23:41:38 | INFO     | cross_validation |   CV result: 63.20% ± 3.70%
2026-04-30 23:41:38 | INFO     | cross_validation |   Combo 10/20: {'n_neighbors': 10}
2026-04-30 23:41:38 | DEBUG    | reduction | Scaler fitted on 639 samples, 166 features
2026-04-30 23:41:38 | INFO     | cross_validation |   Fold 1/5: train=1917 (orig=639, aug=1278), val=160, acc=62.50%  [0.0s]
2026-04-30 23:41:38 | DEBUG    | reduction | Scaler fitted on 639 samples, 166 features
2026-04-30 23:41:38 | INFO     | cross_validation |   Fold 2/5: train=1917 (orig=639, aug=1278), val=160, acc=66.88%  [0.0s]
2026-04-30 23:41:38 | DEBUG    | reduction | Scaler fitted on 639 samples, 166 features
2026-04-30 23:41:38 | INFO     | cross_validation |   Fold 3/5: train=1917 (orig=639, aug=1278), val=160, acc=67.50%  [0.0s]
2026-04-30 23:41:38 | DEBUG    | reduction | Scaler fitted on 639 samples, 166 features
2026-04-30 23:41:38 | INFO     | cross_validation |   Fold 4/5: train=1917 (orig=639, aug=1278), val=160, acc=58.75%  [0.0s]
2026-04-30 23:41:38 | DEBUG    | reduction | Scaler fitted on 640 samples, 166 features
2026-04-30 23:41:38 | INFO     | cross_validation |   Fold 5/5: train=1920 (orig=640, aug=1280), val=159, acc=60.38%  [0.0s]
2026-04-30 23:41:38 | INFO     | cross_validation |   CV result: 63.20% ± 3.47%
2026-04-30 23:41:38 | INFO     | cross_validation |   Combo 11/20: {'n_neighbors': 11}
2026-04-30 23:41:38 | DEBUG    | reduction | Scaler fitted on 639 samples, 166 features
2026-04-30 23:41:38 | INFO     | cross_validation |   Fold 1/5: train=1917 (orig=639, aug=1278), val=160, acc=60.62%  [0.0s]
2026-04-30 23:41:38 | DEBUG    | reduction | Scaler fitted on 639 samples, 166 features
2026-04-30 23:41:38 | INFO     | cross_validation |   Fold 2/5: train=1917 (orig=639, aug=1278), val=160, acc=66.88%  [0.0s]
2026-04-30 23:41:38 | DEBUG    | reduction | Scaler fitted on 639 samples, 166 features
2026-04-30 23:41:38 | INFO     | cross_validation |   Fold 3/5: train=1917 (orig=639, aug=1278), val=160, acc=66.88%  [0.0s]
2026-04-30 23:41:38 | DEBUG    | reduction | Scaler fitted on 639 samples, 166 features
2026-04-30 23:41:38 | INFO     | cross_validation |   Fold 4/5: train=1917 (orig=639, aug=1278), val=160, acc=58.13%  [0.0s]
2026-04-30 23:41:38 | DEBUG    | reduction | Scaler fitted on 640 samples, 166 features
2026-04-30 23:41:38 | INFO     | cross_validation |   Fold 5/5: train=1920 (orig=640, aug=1280), val=159, acc=65.41%  [0.0s]
2026-04-30 23:41:38 | INFO     | cross_validation |   CV result: 63.58% ± 3.57%
2026-04-30 23:41:38 | INFO     | cross_validation |   Combo 12/20: {'n_neighbors': 12}
2026-04-30 23:41:38 | DEBUG    | reduction | Scaler fitted on 639 samples, 166 features
2026-04-30 23:41:38 | INFO     | cross_validation |   Fold 1/5: train=1917 (orig=639, aug=1278), val=160, acc=64.38%  [0.0s]
2026-04-30 23:41:38 | DEBUG    | reduction | Scaler fitted on 639 samples, 166 features
2026-04-30 23:41:38 | INFO     | cross_validation |   Fold 2/5: train=1917 (orig=639, aug=1278), val=160, acc=65.62%  [0.1s]
2026-04-30 23:41:38 | DEBUG    | reduction | Scaler fitted on 639 samples, 166 features
2026-04-30 23:41:39 | INFO     | cross_validation |   Fold 3/5: train=1917 (orig=639, aug=1278), val=160, acc=68.12%  [0.0s]
2026-04-30 23:41:39 | DEBUG    | reduction | Scaler fitted on 639 samples, 166 features
2026-04-30 23:41:39 | INFO     | cross_validation |   Fold 4/5: train=1917 (orig=639, aug=1278), val=160, acc=58.13%  [0.0s]
2026-04-30 23:41:39 | DEBUG    | reduction | Scaler fitted on 640 samples, 166 features
2026-04-30 23:41:39 | INFO     | cross_validation |   Fold 5/5: train=1920 (orig=640, aug=1280), val=159, acc=67.30%  [0.0s]
2026-04-30 23:41:39 | INFO     | cross_validation |   CV result: 64.71% ± 3.54%
2026-04-30 23:41:39 | INFO     | cross_validation |   Combo 13/20: {'n_neighbors': 13}
2026-04-30 23:41:39 | DEBUG    | reduction | Scaler fitted on 639 samples, 166 features
2026-04-30 23:41:39 | INFO     | cross_validation |   Fold 1/5: train=1917 (orig=639, aug=1278), val=160, acc=61.88%  [0.0s]
2026-04-30 23:41:39 | DEBUG    | reduction | Scaler fitted on 639 samples, 166 features
2026-04-30 23:41:39 | INFO     | cross_validation |   Fold 2/5: train=1917 (orig=639, aug=1278), val=160, acc=65.62%  [0.0s]
2026-04-30 23:41:39 | DEBUG    | reduction | Scaler fitted on 639 samples, 166 features
2026-04-30 23:41:39 | INFO     | cross_validation |   Fold 3/5: train=1917 (orig=639, aug=1278), val=160, acc=69.38%  [0.0s]
2026-04-30 23:41:39 | DEBUG    | reduction | Scaler fitted on 639 samples, 166 features
2026-04-30 23:41:39 | INFO     | cross_validation |   Fold 4/5: train=1917 (orig=639, aug=1278), val=160, acc=63.12%  [0.0s]
2026-04-30 23:41:39 | DEBUG    | reduction | Scaler fitted on 640 samples, 166 features
2026-04-30 23:41:39 | INFO     | cross_validation |   Fold 5/5: train=1920 (orig=640, aug=1280), val=159, acc=62.89%  [0.0s]
2026-04-30 23:41:39 | INFO     | cross_validation |   CV result: 64.58% ± 2.70%
2026-04-30 23:41:39 | INFO     | cross_validation |   Combo 14/20: {'n_neighbors': 14}
2026-04-30 23:41:39 | DEBUG    | reduction | Scaler fitted on 639 samples, 166 features
2026-04-30 23:41:39 | INFO     | cross_validation |   Fold 1/5: train=1917 (orig=639, aug=1278), val=160, acc=63.75%  [0.0s]
2026-04-30 23:41:39 | DEBUG    | reduction | Scaler fitted on 639 samples, 166 features
2026-04-30 23:41:39 | INFO     | cross_validation |   Fold 2/5: train=1917 (orig=639, aug=1278), val=160, acc=64.38%  [0.0s]
2026-04-30 23:41:39 | DEBUG    | reduction | Scaler fitted on 639 samples, 166 features
2026-04-30 23:41:39 | INFO     | cross_validation |   Fold 3/5: train=1917 (orig=639, aug=1278), val=160, acc=66.88%  [0.0s]
2026-04-30 23:41:39 | DEBUG    | reduction | Scaler fitted on 639 samples, 166 features
2026-04-30 23:41:39 | INFO     | cross_validation |   Fold 4/5: train=1917 (orig=639, aug=1278), val=160, acc=64.38%  [0.0s]
2026-04-30 23:41:39 | DEBUG    | reduction | Scaler fitted on 640 samples, 166 features
2026-04-30 23:41:39 | INFO     | cross_validation |   Fold 5/5: train=1920 (orig=640, aug=1280), val=159, acc=64.78%  [0.0s]
2026-04-30 23:41:39 | INFO     | cross_validation |   CV result: 64.83% ± 1.07%
2026-04-30 23:41:39 | INFO     | cross_validation |   Combo 15/20: {'n_neighbors': 15}
2026-04-30 23:41:39 | DEBUG    | reduction | Scaler fitted on 639 samples, 166 features
2026-04-30 23:41:39 | INFO     | cross_validation |   Fold 1/5: train=1917 (orig=639, aug=1278), val=160, acc=64.38%  [0.0s]
2026-04-30 23:41:39 | DEBUG    | reduction | Scaler fitted on 639 samples, 166 features
2026-04-30 23:41:39 | INFO     | cross_validation |   Fold 2/5: train=1917 (orig=639, aug=1278), val=160, acc=66.88%  [0.0s]
2026-04-30 23:41:39 | DEBUG    | reduction | Scaler fitted on 639 samples, 166 features
2026-04-30 23:41:39 | INFO     | cross_validation |   Fold 3/5: train=1917 (orig=639, aug=1278), val=160, acc=67.50%  [0.0s]
2026-04-30 23:41:39 | DEBUG    | reduction | Scaler fitted on 639 samples, 166 features
2026-04-30 23:41:39 | INFO     | cross_validation |   Fold 4/5: train=1917 (orig=639, aug=1278), val=160, acc=63.75%  [0.0s]
2026-04-30 23:41:39 | DEBUG    | reduction | Scaler fitted on 640 samples, 166 features
2026-04-30 23:41:39 | INFO     | cross_validation |   Fold 5/5: train=1920 (orig=640, aug=1280), val=159, acc=66.04%  [0.0s]
2026-04-30 23:41:39 | INFO     | cross_validation |   CV result: 65.71% ± 1.43%
2026-04-30 23:41:39 | INFO     | cross_validation |   Combo 16/20: {'n_neighbors': 16}
2026-04-30 23:41:39 | DEBUG    | reduction | Scaler fitted on 639 samples, 166 features
2026-04-30 23:41:39 | INFO     | cross_validation |   Fold 1/5: train=1917 (orig=639, aug=1278), val=160, acc=65.00%  [0.0s]
2026-04-30 23:41:39 | DEBUG    | reduction | Scaler fitted on 639 samples, 166 features
2026-04-30 23:41:39 | INFO     | cross_validation |   Fold 2/5: train=1917 (orig=639, aug=1278), val=160, acc=66.25%  [0.0s]
2026-04-30 23:41:39 | DEBUG    | reduction | Scaler fitted on 639 samples, 166 features
2026-04-30 23:41:39 | INFO     | cross_validation |   Fold 3/5: train=1917 (orig=639, aug=1278), val=160, acc=66.88%  [0.0s]
2026-04-30 23:41:39 | DEBUG    | reduction | Scaler fitted on 639 samples, 166 features
2026-04-30 23:41:39 | INFO     | cross_validation |   Fold 4/5: train=1917 (orig=639, aug=1278), val=160, acc=63.75%  [0.0s]
2026-04-30 23:41:39 | DEBUG    | reduction | Scaler fitted on 640 samples, 166 features
2026-04-30 23:41:39 | INFO     | cross_validation |   Fold 5/5: train=1920 (orig=640, aug=1280), val=159, acc=64.78%  [0.0s]
2026-04-30 23:41:39 | INFO     | cross_validation |   CV result: 65.33% ± 1.11%
2026-04-30 23:41:39 | INFO     | cross_validation |   Combo 17/20: {'n_neighbors': 17}
2026-04-30 23:41:39 | DEBUG    | reduction | Scaler fitted on 639 samples, 166 features
2026-04-30 23:41:39 | INFO     | cross_validation |   Fold 1/5: train=1917 (orig=639, aug=1278), val=160, acc=65.62%  [0.0s]
2026-04-30 23:41:39 | DEBUG    | reduction | Scaler fitted on 639 samples, 166 features
2026-04-30 23:41:39 | INFO     | cross_validation |   Fold 2/5: train=1917 (orig=639, aug=1278), val=160, acc=68.12%  [0.0s]
2026-04-30 23:41:39 | DEBUG    | reduction | Scaler fitted on 639 samples, 166 features
2026-04-30 23:41:39 | INFO     | cross_validation |   Fold 3/5: train=1917 (orig=639, aug=1278), val=160, acc=69.38%  [0.0s]
2026-04-30 23:41:39 | DEBUG    | reduction | Scaler fitted on 639 samples, 166 features
2026-04-30 23:41:39 | INFO     | cross_validation |   Fold 4/5: train=1917 (orig=639, aug=1278), val=160, acc=62.50%  [0.0s]
2026-04-30 23:41:39 | DEBUG    | reduction | Scaler fitted on 640 samples, 166 features
2026-04-30 23:41:39 | INFO     | cross_validation |   Fold 5/5: train=1920 (orig=640, aug=1280), val=159, acc=65.41%  [0.0s]
2026-04-30 23:41:39 | INFO     | cross_validation |   CV result: 66.21% ± 2.38%
2026-04-30 23:41:39 | INFO     | cross_validation |   Combo 18/20: {'n_neighbors': 18}
2026-04-30 23:41:39 | DEBUG    | reduction | Scaler fitted on 639 samples, 166 features
2026-04-30 23:41:39 | INFO     | cross_validation |   Fold 1/5: train=1917 (orig=639, aug=1278), val=160, acc=65.62%  [0.0s]
2026-04-30 23:41:39 | DEBUG    | reduction | Scaler fitted on 639 samples, 166 features
2026-04-30 23:41:39 | INFO     | cross_validation |   Fold 2/5: train=1917 (orig=639, aug=1278), val=160, acc=68.12%  [0.0s]
2026-04-30 23:41:39 | DEBUG    | reduction | Scaler fitted on 639 samples, 166 features
2026-04-30 23:41:39 | INFO     | cross_validation |   Fold 3/5: train=1917 (orig=639, aug=1278), val=160, acc=69.38%  [0.0s]
2026-04-30 23:41:39 | DEBUG    | reduction | Scaler fitted on 639 samples, 166 features
2026-04-30 23:41:39 | INFO     | cross_validation |   Fold 4/5: train=1917 (orig=639, aug=1278), val=160, acc=63.75%  [0.0s]
2026-04-30 23:41:39 | DEBUG    | reduction | Scaler fitted on 640 samples, 166 features
2026-04-30 23:41:39 | INFO     | cross_validation |   Fold 5/5: train=1920 (orig=640, aug=1280), val=159, acc=67.30%  [0.0s]
2026-04-30 23:41:39 | INFO     | cross_validation |   CV result: 66.83% ± 1.97%
2026-04-30 23:41:39 | INFO     | cross_validation |   Combo 19/20: {'n_neighbors': 19}
2026-04-30 23:41:39 | DEBUG    | reduction | Scaler fitted on 639 samples, 166 features
2026-04-30 23:41:39 | INFO     | cross_validation |   Fold 1/5: train=1917 (orig=639, aug=1278), val=160, acc=67.50%  [0.0s]
2026-04-30 23:41:39 | DEBUG    | reduction | Scaler fitted on 639 samples, 166 features
2026-04-30 23:41:39 | INFO     | cross_validation |   Fold 2/5: train=1917 (orig=639, aug=1278), val=160, acc=68.12%  [0.0s]
2026-04-30 23:41:39 | DEBUG    | reduction | Scaler fitted on 639 samples, 166 features
2026-04-30 23:41:39 | INFO     | cross_validation |   Fold 3/5: train=1917 (orig=639, aug=1278), val=160, acc=68.12%  [0.0s]
2026-04-30 23:41:39 | DEBUG    | reduction | Scaler fitted on 639 samples, 166 features
2026-04-30 23:41:39 | INFO     | cross_validation |   Fold 4/5: train=1917 (orig=639, aug=1278), val=160, acc=62.50%  [0.0s]
2026-04-30 23:41:39 | DEBUG    | reduction | Scaler fitted on 640 samples, 166 features
2026-04-30 23:41:39 | INFO     | cross_validation |   Fold 5/5: train=1920 (orig=640, aug=1280), val=159, acc=67.30%  [0.0s]
2026-04-30 23:41:39 | INFO     | cross_validation |   CV result: 66.71% ± 2.13%
2026-04-30 23:41:39 | INFO     | cross_validation |   Combo 20/20: {'n_neighbors': 20}
2026-04-30 23:41:39 | DEBUG    | reduction | Scaler fitted on 639 samples, 166 features
2026-04-30 23:41:39 | INFO     | cross_validation |   Fold 1/5: train=1917 (orig=639, aug=1278), val=160, acc=66.88%  [0.0s]
2026-04-30 23:41:39 | DEBUG    | reduction | Scaler fitted on 639 samples, 166 features
2026-04-30 23:41:39 | INFO     | cross_validation |   Fold 2/5: train=1917 (orig=639, aug=1278), val=160, acc=66.25%  [0.0s]
2026-04-30 23:41:39 | DEBUG    | reduction | Scaler fitted on 639 samples, 166 features
2026-04-30 23:41:39 | INFO     | cross_validation |   Fold 3/5: train=1917 (orig=639, aug=1278), val=160, acc=70.62%  [0.0s]
2026-04-30 23:41:39 | DEBUG    | reduction | Scaler fitted on 639 samples, 166 features
2026-04-30 23:41:39 | INFO     | cross_validation |   Fold 4/5: train=1917 (orig=639, aug=1278), val=160, acc=61.25%  [0.0s]
2026-04-30 23:41:39 | DEBUG    | reduction | Scaler fitted on 640 samples, 166 features
2026-04-30 23:41:39 | INFO     | cross_validation |   Fold 5/5: train=1920 (orig=640, aug=1280), val=159, acc=65.41%  [0.0s]
2026-04-30 23:41:39 | INFO     | cross_validation |   CV result: 66.08% ± 3.00%
2026-04-30 23:41:39 | INFO     | cross_validation |   Best params: {'n_neighbors': 18}
2026-04-30 23:41:39 | INFO     | cross_validation |   Best CV: 66.83% ± 1.97%
2026-04-30 23:41:39 | INFO     | cross_validation | ✓ grid_search_cv finished in 2.0s
2026-04-30 23:41:39 | INFO     | main | ────────────────────────────────────────────────────────────
2026-04-30 23:41:39 | INFO     | main |   KNN [raw, no-aug]
2026-04-30 23:41:39 | INFO     | main | ────────────────────────────────────────────────────────────
2026-04-30 23:41:39 | INFO     | cross_validation | → grid_search_cv started
2026-04-30 23:41:39 | INFO     | cross_validation | Grid search: 20 parameter combinations × 5 folds
2026-04-30 23:41:39 | INFO     | cross_validation |   Combo 1/20: {'n_neighbors': 1}
2026-04-30 23:41:39 | DEBUG    | reduction | Scaler fitted on 639 samples, 166 features
2026-04-30 23:41:39 | INFO     | cross_validation |   Fold 1/5: train=639 (orig=639, aug=0), val=160, acc=59.38%  [0.0s]
2026-04-30 23:41:39 | DEBUG    | reduction | Scaler fitted on 639 samples, 166 features
2026-04-30 23:41:39 | INFO     | cross_validation |   Fold 2/5: train=639 (orig=639, aug=0), val=160, acc=65.00%  [0.0s]
2026-04-30 23:41:39 | DEBUG    | reduction | Scaler fitted on 639 samples, 166 features
2026-04-30 23:41:39 | INFO     | cross_validation |   Fold 3/5: train=639 (orig=639, aug=0), val=160, acc=63.75%  [0.0s]
2026-04-30 23:41:39 | DEBUG    | reduction | Scaler fitted on 639 samples, 166 features
2026-04-30 23:41:39 | INFO     | cross_validation |   Fold 4/5: train=639 (orig=639, aug=0), val=160, acc=61.88%  [0.0s]
2026-04-30 23:41:39 | DEBUG    | reduction | Scaler fitted on 640 samples, 166 features
2026-04-30 23:41:39 | INFO     | cross_validation |   Fold 5/5: train=640 (orig=640, aug=0), val=159, acc=62.89%  [0.0s]
2026-04-30 23:41:39 | INFO     | cross_validation |   CV result: 62.58% ± 1.90%
2026-04-30 23:41:39 | INFO     | cross_validation |   Combo 2/20: {'n_neighbors': 2}
2026-04-30 23:41:39 | DEBUG    | reduction | Scaler fitted on 639 samples, 166 features
2026-04-30 23:41:39 | INFO     | cross_validation |   Fold 1/5: train=639 (orig=639, aug=0), val=160, acc=60.62%  [0.0s]
2026-04-30 23:41:39 | DEBUG    | reduction | Scaler fitted on 639 samples, 166 features
2026-04-30 23:41:39 | INFO     | cross_validation |   Fold 2/5: train=639 (orig=639, aug=0), val=160, acc=65.62%  [0.0s]
2026-04-30 23:41:39 | DEBUG    | reduction | Scaler fitted on 639 samples, 166 features
2026-04-30 23:41:39 | INFO     | cross_validation |   Fold 3/5: train=639 (orig=639, aug=0), val=160, acc=62.50%  [0.0s]
2026-04-30 23:41:39 | DEBUG    | reduction | Scaler fitted on 639 samples, 166 features
2026-04-30 23:41:39 | INFO     | cross_validation |   Fold 4/5: train=639 (orig=639, aug=0), val=160, acc=61.88%  [0.0s]
2026-04-30 23:41:39 | DEBUG    | reduction | Scaler fitted on 640 samples, 166 features
2026-04-30 23:41:39 | INFO     | cross_validation |   Fold 5/5: train=640 (orig=640, aug=0), val=159, acc=59.75%  [0.0s]
2026-04-30 23:41:39 | INFO     | cross_validation |   CV result: 62.07% ± 2.02%
2026-04-30 23:41:39 | INFO     | cross_validation |   Combo 3/20: {'n_neighbors': 3}
2026-04-30 23:41:39 | DEBUG    | reduction | Scaler fitted on 639 samples, 166 features
2026-04-30 23:41:39 | INFO     | cross_validation |   Fold 1/5: train=639 (orig=639, aug=0), val=160, acc=61.25%  [0.0s]
2026-04-30 23:41:39 | DEBUG    | reduction | Scaler fitted on 639 samples, 166 features
2026-04-30 23:41:39 | INFO     | cross_validation |   Fold 2/5: train=639 (orig=639, aug=0), val=160, acc=63.12%  [0.0s]
2026-04-30 23:41:39 | DEBUG    | reduction | Scaler fitted on 639 samples, 166 features
2026-04-30 23:41:39 | INFO     | cross_validation |   Fold 3/5: train=639 (orig=639, aug=0), val=160, acc=64.38%  [0.0s]
2026-04-30 23:41:39 | DEBUG    | reduction | Scaler fitted on 639 samples, 166 features
2026-04-30 23:41:39 | INFO     | cross_validation |   Fold 4/5: train=639 (orig=639, aug=0), val=160, acc=61.88%  [0.0s]
2026-04-30 23:41:39 | DEBUG    | reduction | Scaler fitted on 640 samples, 166 features
2026-04-30 23:41:39 | INFO     | cross_validation |   Fold 5/5: train=640 (orig=640, aug=0), val=159, acc=59.12%  [0.0s]
2026-04-30 23:41:39 | INFO     | cross_validation |   CV result: 61.95% ± 1.78%
2026-04-30 23:41:39 | INFO     | cross_validation |   Combo 4/20: {'n_neighbors': 4}
2026-04-30 23:41:39 | DEBUG    | reduction | Scaler fitted on 639 samples, 166 features
2026-04-30 23:41:39 | INFO     | cross_validation |   Fold 1/5: train=639 (orig=639, aug=0), val=160, acc=63.75%  [0.0s]
2026-04-30 23:41:39 | DEBUG    | reduction | Scaler fitted on 639 samples, 166 features
2026-04-30 23:41:39 | INFO     | cross_validation |   Fold 2/5: train=639 (orig=639, aug=0), val=160, acc=62.50%  [0.0s]
2026-04-30 23:41:39 | DEBUG    | reduction | Scaler fitted on 639 samples, 166 features
2026-04-30 23:41:39 | INFO     | cross_validation |   Fold 3/5: train=639 (orig=639, aug=0), val=160, acc=67.50%  [0.0s]
2026-04-30 23:41:39 | DEBUG    | reduction | Scaler fitted on 639 samples, 166 features
2026-04-30 23:41:39 | INFO     | cross_validation |   Fold 4/5: train=639 (orig=639, aug=0), val=160, acc=60.62%  [0.0s]
2026-04-30 23:41:39 | DEBUG    | reduction | Scaler fitted on 640 samples, 166 features
2026-04-30 23:41:39 | INFO     | cross_validation |   Fold 5/5: train=640 (orig=640, aug=0), val=159, acc=59.12%  [0.0s]
2026-04-30 23:41:39 | INFO     | cross_validation |   CV result: 62.70% ± 2.87%
2026-04-30 23:41:39 | INFO     | cross_validation |   Combo 5/20: {'n_neighbors': 5}
2026-04-30 23:41:40 | DEBUG    | reduction | Scaler fitted on 639 samples, 166 features
2026-04-30 23:41:40 | INFO     | cross_validation |   Fold 1/5: train=639 (orig=639, aug=0), val=160, acc=62.50%  [0.0s]
2026-04-30 23:41:40 | DEBUG    | reduction | Scaler fitted on 639 samples, 166 features
2026-04-30 23:41:40 | INFO     | cross_validation |   Fold 2/5: train=639 (orig=639, aug=0), val=160, acc=65.00%  [0.0s]
2026-04-30 23:41:40 | DEBUG    | reduction | Scaler fitted on 639 samples, 166 features
2026-04-30 23:41:40 | INFO     | cross_validation |   Fold 3/5: train=639 (orig=639, aug=0), val=160, acc=66.88%  [0.0s]
2026-04-30 23:41:40 | DEBUG    | reduction | Scaler fitted on 639 samples, 166 features
2026-04-30 23:41:40 | INFO     | cross_validation |   Fold 4/5: train=639 (orig=639, aug=0), val=160, acc=60.62%  [0.0s]
2026-04-30 23:41:40 | DEBUG    | reduction | Scaler fitted on 640 samples, 166 features
2026-04-30 23:41:40 | INFO     | cross_validation |   Fold 5/5: train=640 (orig=640, aug=0), val=159, acc=64.78%  [0.0s]
2026-04-30 23:41:40 | INFO     | cross_validation |   CV result: 63.96% ± 2.17%
2026-04-30 23:41:40 | INFO     | cross_validation |   Combo 6/20: {'n_neighbors': 6}
2026-04-30 23:41:40 | DEBUG    | reduction | Scaler fitted on 639 samples, 166 features
2026-04-30 23:41:40 | INFO     | cross_validation |   Fold 1/5: train=639 (orig=639, aug=0), val=160, acc=68.12%  [0.0s]
2026-04-30 23:41:40 | DEBUG    | reduction | Scaler fitted on 639 samples, 166 features
2026-04-30 23:41:40 | INFO     | cross_validation |   Fold 2/5: train=639 (orig=639, aug=0), val=160, acc=63.75%  [0.0s]
2026-04-30 23:41:40 | DEBUG    | reduction | Scaler fitted on 639 samples, 166 features
2026-04-30 23:41:40 | INFO     | cross_validation |   Fold 3/5: train=639 (orig=639, aug=0), val=160, acc=68.12%  [0.0s]
2026-04-30 23:41:40 | DEBUG    | reduction | Scaler fitted on 639 samples, 166 features
2026-04-30 23:41:40 | INFO     | cross_validation |   Fold 4/5: train=639 (orig=639, aug=0), val=160, acc=61.25%  [0.0s]
2026-04-30 23:41:40 | DEBUG    | reduction | Scaler fitted on 640 samples, 166 features
2026-04-30 23:41:40 | INFO     | cross_validation |   Fold 5/5: train=640 (orig=640, aug=0), val=159, acc=62.89%  [0.0s]
2026-04-30 23:41:40 | INFO     | cross_validation |   CV result: 64.83% ± 2.81%
2026-04-30 23:41:40 | INFO     | cross_validation |   Combo 7/20: {'n_neighbors': 7}
2026-04-30 23:41:40 | DEBUG    | reduction | Scaler fitted on 639 samples, 166 features
2026-04-30 23:41:40 | INFO     | cross_validation |   Fold 1/5: train=639 (orig=639, aug=0), val=160, acc=68.75%  [0.0s]
2026-04-30 23:41:40 | DEBUG    | reduction | Scaler fitted on 639 samples, 166 features
2026-04-30 23:41:40 | INFO     | cross_validation |   Fold 2/5: train=639 (orig=639, aug=0), val=160, acc=60.00%  [0.0s]
2026-04-30 23:41:40 | DEBUG    | reduction | Scaler fitted on 639 samples, 166 features
2026-04-30 23:41:40 | INFO     | cross_validation |   Fold 3/5: train=639 (orig=639, aug=0), val=160, acc=64.38%  [0.0s]
2026-04-30 23:41:40 | DEBUG    | reduction | Scaler fitted on 639 samples, 166 features
2026-04-30 23:41:40 | INFO     | cross_validation |   Fold 4/5: train=639 (orig=639, aug=0), val=160, acc=61.25%  [0.0s]
2026-04-30 23:41:40 | DEBUG    | reduction | Scaler fitted on 640 samples, 166 features
2026-04-30 23:41:40 | INFO     | cross_validation |   Fold 5/5: train=640 (orig=640, aug=0), val=159, acc=64.78%  [0.0s]
2026-04-30 23:41:40 | INFO     | cross_validation |   CV result: 63.83% ± 3.06%
2026-04-30 23:41:40 | INFO     | cross_validation |   Combo 8/20: {'n_neighbors': 8}
2026-04-30 23:41:40 | DEBUG    | reduction | Scaler fitted on 639 samples, 166 features
2026-04-30 23:41:40 | INFO     | cross_validation |   Fold 1/5: train=639 (orig=639, aug=0), val=160, acc=68.75%  [0.0s]
2026-04-30 23:41:40 | DEBUG    | reduction | Scaler fitted on 639 samples, 166 features
2026-04-30 23:41:40 | INFO     | cross_validation |   Fold 2/5: train=639 (orig=639, aug=0), val=160, acc=61.88%  [0.0s]
2026-04-30 23:41:40 | DEBUG    | reduction | Scaler fitted on 639 samples, 166 features
2026-04-30 23:41:40 | INFO     | cross_validation |   Fold 3/5: train=639 (orig=639, aug=0), val=160, acc=65.00%  [0.0s]
2026-04-30 23:41:40 | DEBUG    | reduction | Scaler fitted on 639 samples, 166 features
2026-04-30 23:41:40 | INFO     | cross_validation |   Fold 4/5: train=639 (orig=639, aug=0), val=160, acc=62.50%  [0.0s]
2026-04-30 23:41:40 | DEBUG    | reduction | Scaler fitted on 640 samples, 166 features
2026-04-30 23:41:40 | INFO     | cross_validation |   Fold 5/5: train=640 (orig=640, aug=0), val=159, acc=64.78%  [0.0s]
2026-04-30 23:41:40 | INFO     | cross_validation |   CV result: 64.58% ± 2.42%
2026-04-30 23:41:40 | INFO     | cross_validation |   Combo 9/20: {'n_neighbors': 9}
2026-04-30 23:41:40 | DEBUG    | reduction | Scaler fitted on 639 samples, 166 features
2026-04-30 23:41:40 | INFO     | cross_validation |   Fold 1/5: train=639 (orig=639, aug=0), val=160, acc=70.00%  [0.0s]
2026-04-30 23:41:40 | DEBUG    | reduction | Scaler fitted on 639 samples, 166 features
2026-04-30 23:41:40 | INFO     | cross_validation |   Fold 2/5: train=639 (orig=639, aug=0), val=160, acc=63.12%  [0.0s]
2026-04-30 23:41:40 | DEBUG    | reduction | Scaler fitted on 639 samples, 166 features
2026-04-30 23:41:40 | INFO     | cross_validation |   Fold 3/5: train=639 (orig=639, aug=0), val=160, acc=65.00%  [0.0s]
2026-04-30 23:41:40 | DEBUG    | reduction | Scaler fitted on 639 samples, 166 features
2026-04-30 23:41:40 | INFO     | cross_validation |   Fold 4/5: train=639 (orig=639, aug=0), val=160, acc=60.00%  [0.0s]
2026-04-30 23:41:40 | DEBUG    | reduction | Scaler fitted on 640 samples, 166 features
2026-04-30 23:41:40 | INFO     | cross_validation |   Fold 5/5: train=640 (orig=640, aug=0), val=159, acc=62.26%  [0.0s]
2026-04-30 23:41:40 | INFO     | cross_validation |   CV result: 64.08% ± 3.37%
2026-04-30 23:41:40 | INFO     | cross_validation |   Combo 10/20: {'n_neighbors': 10}
2026-04-30 23:41:40 | DEBUG    | reduction | Scaler fitted on 639 samples, 166 features
2026-04-30 23:41:40 | INFO     | cross_validation |   Fold 1/5: train=639 (orig=639, aug=0), val=160, acc=70.00%  [0.0s]
2026-04-30 23:41:40 | DEBUG    | reduction | Scaler fitted on 639 samples, 166 features
2026-04-30 23:41:40 | INFO     | cross_validation |   Fold 2/5: train=639 (orig=639, aug=0), val=160, acc=66.25%  [0.0s]
2026-04-30 23:41:40 | DEBUG    | reduction | Scaler fitted on 639 samples, 166 features
2026-04-30 23:41:40 | INFO     | cross_validation |   Fold 3/5: train=639 (orig=639, aug=0), val=160, acc=66.88%  [0.0s]
2026-04-30 23:41:40 | DEBUG    | reduction | Scaler fitted on 639 samples, 166 features
2026-04-30 23:41:40 | INFO     | cross_validation |   Fold 4/5: train=639 (orig=639, aug=0), val=160, acc=61.25%  [0.0s]
2026-04-30 23:41:40 | DEBUG    | reduction | Scaler fitted on 640 samples, 166 features
2026-04-30 23:41:40 | INFO     | cross_validation |   Fold 5/5: train=640 (orig=640, aug=0), val=159, acc=66.04%  [0.0s]
2026-04-30 23:41:40 | INFO     | cross_validation |   CV result: 66.08% ± 2.81%
2026-04-30 23:41:40 | INFO     | cross_validation |   Combo 11/20: {'n_neighbors': 11}
2026-04-30 23:41:40 | DEBUG    | reduction | Scaler fitted on 639 samples, 166 features
2026-04-30 23:41:40 | INFO     | cross_validation |   Fold 1/5: train=639 (orig=639, aug=0), val=160, acc=68.12%  [0.0s]
2026-04-30 23:41:40 | DEBUG    | reduction | Scaler fitted on 639 samples, 166 features
2026-04-30 23:41:40 | INFO     | cross_validation |   Fold 2/5: train=639 (orig=639, aug=0), val=160, acc=64.38%  [0.0s]
2026-04-30 23:41:40 | DEBUG    | reduction | Scaler fitted on 639 samples, 166 features
2026-04-30 23:41:40 | INFO     | cross_validation |   Fold 3/5: train=639 (orig=639, aug=0), val=160, acc=66.25%  [0.0s]
2026-04-30 23:41:40 | DEBUG    | reduction | Scaler fitted on 639 samples, 166 features
2026-04-30 23:41:40 | INFO     | cross_validation |   Fold 4/5: train=639 (orig=639, aug=0), val=160, acc=59.38%  [0.0s]
2026-04-30 23:41:40 | DEBUG    | reduction | Scaler fitted on 640 samples, 166 features
2026-04-30 23:41:40 | INFO     | cross_validation |   Fold 5/5: train=640 (orig=640, aug=0), val=159, acc=64.15%  [0.0s]
2026-04-30 23:41:40 | INFO     | cross_validation |   CV result: 64.46% ± 2.92%
2026-04-30 23:41:40 | INFO     | cross_validation |   Combo 12/20: {'n_neighbors': 12}
2026-04-30 23:41:40 | DEBUG    | reduction | Scaler fitted on 639 samples, 166 features
2026-04-30 23:41:40 | INFO     | cross_validation |   Fold 1/5: train=639 (orig=639, aug=0), val=160, acc=66.88%  [0.0s]
2026-04-30 23:41:40 | DEBUG    | reduction | Scaler fitted on 639 samples, 166 features
2026-04-30 23:41:40 | INFO     | cross_validation |   Fold 2/5: train=639 (orig=639, aug=0), val=160, acc=65.00%  [0.0s]
2026-04-30 23:41:40 | DEBUG    | reduction | Scaler fitted on 639 samples, 166 features
2026-04-30 23:41:40 | INFO     | cross_validation |   Fold 3/5: train=639 (orig=639, aug=0), val=160, acc=63.75%  [0.0s]
2026-04-30 23:41:40 | DEBUG    | reduction | Scaler fitted on 639 samples, 166 features
2026-04-30 23:41:40 | INFO     | cross_validation |   Fold 4/5: train=639 (orig=639, aug=0), val=160, acc=60.00%  [0.0s]
2026-04-30 23:41:40 | DEBUG    | reduction | Scaler fitted on 640 samples, 166 features
2026-04-30 23:41:40 | INFO     | cross_validation |   Fold 5/5: train=640 (orig=640, aug=0), val=159, acc=64.15%  [0.0s]
2026-04-30 23:41:40 | INFO     | cross_validation |   CV result: 63.96% ± 2.25%
2026-04-30 23:41:40 | INFO     | cross_validation |   Combo 13/20: {'n_neighbors': 13}
2026-04-30 23:41:40 | DEBUG    | reduction | Scaler fitted on 639 samples, 166 features
2026-04-30 23:41:40 | INFO     | cross_validation |   Fold 1/5: train=639 (orig=639, aug=0), val=160, acc=66.25%  [0.0s]
2026-04-30 23:41:40 | DEBUG    | reduction | Scaler fitted on 639 samples, 166 features
2026-04-30 23:41:40 | INFO     | cross_validation |   Fold 2/5: train=639 (orig=639, aug=0), val=160, acc=65.00%  [0.0s]
2026-04-30 23:41:40 | DEBUG    | reduction | Scaler fitted on 639 samples, 166 features
2026-04-30 23:41:40 | INFO     | cross_validation |   Fold 3/5: train=639 (orig=639, aug=0), val=160, acc=65.62%  [0.0s]
2026-04-30 23:41:40 | DEBUG    | reduction | Scaler fitted on 639 samples, 166 features
2026-04-30 23:41:40 | INFO     | cross_validation |   Fold 4/5: train=639 (orig=639, aug=0), val=160, acc=64.38%  [0.0s]
2026-04-30 23:41:40 | DEBUG    | reduction | Scaler fitted on 640 samples, 166 features
2026-04-30 23:41:40 | INFO     | cross_validation |   Fold 5/5: train=640 (orig=640, aug=0), val=159, acc=64.78%  [0.0s]
2026-04-30 23:41:40 | INFO     | cross_validation |   CV result: 65.21% ± 0.66%
2026-04-30 23:41:40 | INFO     | cross_validation |   Combo 14/20: {'n_neighbors': 14}
2026-04-30 23:41:40 | DEBUG    | reduction | Scaler fitted on 639 samples, 166 features
2026-04-30 23:41:40 | INFO     | cross_validation |   Fold 1/5: train=639 (orig=639, aug=0), val=160, acc=66.88%  [0.0s]
2026-04-30 23:41:40 | DEBUG    | reduction | Scaler fitted on 639 samples, 166 features
2026-04-30 23:41:40 | INFO     | cross_validation |   Fold 2/5: train=639 (orig=639, aug=0), val=160, acc=65.00%  [0.0s]
2026-04-30 23:41:40 | DEBUG    | reduction | Scaler fitted on 639 samples, 166 features
2026-04-30 23:41:40 | INFO     | cross_validation |   Fold 3/5: train=639 (orig=639, aug=0), val=160, acc=63.12%  [0.0s]
2026-04-30 23:41:40 | DEBUG    | reduction | Scaler fitted on 639 samples, 166 features
2026-04-30 23:41:40 | INFO     | cross_validation |   Fold 4/5: train=639 (orig=639, aug=0), val=160, acc=66.25%  [0.0s]
2026-04-30 23:41:40 | DEBUG    | reduction | Scaler fitted on 640 samples, 166 features
2026-04-30 23:41:40 | INFO     | cross_validation |   Fold 5/5: train=640 (orig=640, aug=0), val=159, acc=63.52%  [0.0s]
2026-04-30 23:41:40 | INFO     | cross_validation |   CV result: 64.95% ± 1.47%
2026-04-30 23:41:40 | INFO     | cross_validation |   Combo 15/20: {'n_neighbors': 15}
2026-04-30 23:41:40 | DEBUG    | reduction | Scaler fitted on 639 samples, 166 features
2026-04-30 23:41:40 | INFO     | cross_validation |   Fold 1/5: train=639 (orig=639, aug=0), val=160, acc=66.88%  [0.0s]
2026-04-30 23:41:40 | DEBUG    | reduction | Scaler fitted on 639 samples, 166 features
2026-04-30 23:41:40 | INFO     | cross_validation |   Fold 2/5: train=639 (orig=639, aug=0), val=160, acc=65.00%  [0.0s]
2026-04-30 23:41:40 | DEBUG    | reduction | Scaler fitted on 639 samples, 166 features
2026-04-30 23:41:40 | INFO     | cross_validation |   Fold 3/5: train=639 (orig=639, aug=0), val=160, acc=64.38%  [0.0s]
2026-04-30 23:41:40 | DEBUG    | reduction | Scaler fitted on 639 samples, 166 features
2026-04-30 23:41:40 | INFO     | cross_validation |   Fold 4/5: train=639 (orig=639, aug=0), val=160, acc=62.50%  [0.0s]
2026-04-30 23:41:40 | DEBUG    | reduction | Scaler fitted on 640 samples, 166 features
2026-04-30 23:41:40 | INFO     | cross_validation |   Fold 5/5: train=640 (orig=640, aug=0), val=159, acc=64.15%  [0.0s]
2026-04-30 23:41:40 | INFO     | cross_validation |   CV result: 64.58% ± 1.41%
2026-04-30 23:41:40 | INFO     | cross_validation |   Combo 16/20: {'n_neighbors': 16}
2026-04-30 23:41:40 | DEBUG    | reduction | Scaler fitted on 639 samples, 166 features
2026-04-30 23:41:40 | INFO     | cross_validation |   Fold 1/5: train=639 (orig=639, aug=0), val=160, acc=67.50%  [0.0s]
2026-04-30 23:41:40 | DEBUG    | reduction | Scaler fitted on 639 samples, 166 features
2026-04-30 23:41:40 | INFO     | cross_validation |   Fold 2/5: train=639 (orig=639, aug=0), val=160, acc=64.38%  [0.0s]
2026-04-30 23:41:40 | DEBUG    | reduction | Scaler fitted on 639 samples, 166 features
2026-04-30 23:41:40 | INFO     | cross_validation |   Fold 3/5: train=639 (orig=639, aug=0), val=160, acc=63.12%  [0.0s]
2026-04-30 23:41:40 | DEBUG    | reduction | Scaler fitted on 639 samples, 166 features
2026-04-30 23:41:40 | INFO     | cross_validation |   Fold 4/5: train=639 (orig=639, aug=0), val=160, acc=63.12%  [0.0s]
2026-04-30 23:41:40 | DEBUG    | reduction | Scaler fitted on 640 samples, 166 features
2026-04-30 23:41:40 | INFO     | cross_validation |   Fold 5/5: train=640 (orig=640, aug=0), val=159, acc=64.15%  [0.0s]
2026-04-30 23:41:40 | INFO     | cross_validation |   CV result: 64.46% ± 1.61%
2026-04-30 23:41:40 | INFO     | cross_validation |   Combo 17/20: {'n_neighbors': 17}
2026-04-30 23:41:40 | DEBUG    | reduction | Scaler fitted on 639 samples, 166 features
2026-04-30 23:41:40 | INFO     | cross_validation |   Fold 1/5: train=639 (orig=639, aug=0), val=160, acc=67.50%  [0.0s]
2026-04-30 23:41:40 | DEBUG    | reduction | Scaler fitted on 639 samples, 166 features
2026-04-30 23:41:40 | INFO     | cross_validation |   Fold 2/5: train=639 (orig=639, aug=0), val=160, acc=61.25%  [0.0s]
2026-04-30 23:41:40 | DEBUG    | reduction | Scaler fitted on 639 samples, 166 features
2026-04-30 23:41:40 | INFO     | cross_validation |   Fold 3/5: train=639 (orig=639, aug=0), val=160, acc=62.50%  [0.0s]
2026-04-30 23:41:40 | DEBUG    | reduction | Scaler fitted on 639 samples, 166 features
2026-04-30 23:41:40 | INFO     | cross_validation |   Fold 4/5: train=639 (orig=639, aug=0), val=160, acc=64.38%  [0.0s]
2026-04-30 23:41:40 | DEBUG    | reduction | Scaler fitted on 640 samples, 166 features
2026-04-30 23:41:40 | INFO     | cross_validation |   Fold 5/5: train=640 (orig=640, aug=0), val=159, acc=64.15%  [0.0s]
2026-04-30 23:41:40 | INFO     | cross_validation |   CV result: 63.96% ± 2.11%
2026-04-30 23:41:40 | INFO     | cross_validation |   Combo 18/20: {'n_neighbors': 18}
2026-04-30 23:41:40 | DEBUG    | reduction | Scaler fitted on 639 samples, 166 features
2026-04-30 23:41:40 | INFO     | cross_validation |   Fold 1/5: train=639 (orig=639, aug=0), val=160, acc=65.62%  [0.0s]
2026-04-30 23:41:40 | DEBUG    | reduction | Scaler fitted on 639 samples, 166 features
2026-04-30 23:41:40 | INFO     | cross_validation |   Fold 2/5: train=639 (orig=639, aug=0), val=160, acc=62.50%  [0.0s]
2026-04-30 23:41:40 | DEBUG    | reduction | Scaler fitted on 639 samples, 166 features
2026-04-30 23:41:40 | INFO     | cross_validation |   Fold 3/5: train=639 (orig=639, aug=0), val=160, acc=63.75%  [0.0s]
2026-04-30 23:41:40 | DEBUG    | reduction | Scaler fitted on 639 samples, 166 features
2026-04-30 23:41:40 | INFO     | cross_validation |   Fold 4/5: train=639 (orig=639, aug=0), val=160, acc=62.50%  [0.0s]
2026-04-30 23:41:40 | DEBUG    | reduction | Scaler fitted on 640 samples, 166 features
2026-04-30 23:41:40 | INFO     | cross_validation |   Fold 5/5: train=640 (orig=640, aug=0), val=159, acc=64.15%  [0.0s]
2026-04-30 23:41:40 | INFO     | cross_validation |   CV result: 63.71% ± 1.17%
2026-04-30 23:41:40 | INFO     | cross_validation |   Combo 19/20: {'n_neighbors': 19}
2026-04-30 23:41:40 | DEBUG    | reduction | Scaler fitted on 639 samples, 166 features
2026-04-30 23:41:40 | INFO     | cross_validation |   Fold 1/5: train=639 (orig=639, aug=0), val=160, acc=65.62%  [0.0s]
2026-04-30 23:41:40 | DEBUG    | reduction | Scaler fitted on 639 samples, 166 features
2026-04-30 23:41:40 | INFO     | cross_validation |   Fold 2/5: train=639 (orig=639, aug=0), val=160, acc=62.50%  [0.0s]
2026-04-30 23:41:40 | DEBUG    | reduction | Scaler fitted on 639 samples, 166 features
2026-04-30 23:41:40 | INFO     | cross_validation |   Fold 3/5: train=639 (orig=639, aug=0), val=160, acc=61.88%  [0.0s]
2026-04-30 23:41:40 | DEBUG    | reduction | Scaler fitted on 639 samples, 166 features
2026-04-30 23:41:40 | INFO     | cross_validation |   Fold 4/5: train=639 (orig=639, aug=0), val=160, acc=63.75%  [0.0s]
2026-04-30 23:41:40 | DEBUG    | reduction | Scaler fitted on 640 samples, 166 features
2026-04-30 23:41:40 | INFO     | cross_validation |   Fold 5/5: train=640 (orig=640, aug=0), val=159, acc=62.26%  [0.0s]
2026-04-30 23:41:40 | INFO     | cross_validation |   CV result: 63.20% ± 1.36%
2026-04-30 23:41:40 | INFO     | cross_validation |   Combo 20/20: {'n_neighbors': 20}
2026-04-30 23:41:40 | DEBUG    | reduction | Scaler fitted on 639 samples, 166 features
2026-04-30 23:41:40 | INFO     | cross_validation |   Fold 1/5: train=639 (orig=639, aug=0), val=160, acc=66.25%  [0.0s]
2026-04-30 23:41:40 | DEBUG    | reduction | Scaler fitted on 639 samples, 166 features
2026-04-30 23:41:40 | INFO     | cross_validation |   Fold 2/5: train=639 (orig=639, aug=0), val=160, acc=63.75%  [0.0s]
2026-04-30 23:41:40 | DEBUG    | reduction | Scaler fitted on 639 samples, 166 features
2026-04-30 23:41:40 | INFO     | cross_validation |   Fold 3/5: train=639 (orig=639, aug=0), val=160, acc=60.62%  [0.0s]
2026-04-30 23:41:40 | DEBUG    | reduction | Scaler fitted on 639 samples, 166 features
2026-04-30 23:41:40 | INFO     | cross_validation |   Fold 4/5: train=639 (orig=639, aug=0), val=160, acc=63.75%  [0.0s]
2026-04-30 23:41:40 | DEBUG    | reduction | Scaler fitted on 640 samples, 166 features
2026-04-30 23:41:40 | INFO     | cross_validation |   Fold 5/5: train=640 (orig=640, aug=0), val=159, acc=62.89%  [0.0s]
2026-04-30 23:41:40 | INFO     | cross_validation |   CV result: 63.45% ± 1.81%
2026-04-30 23:41:40 | INFO     | cross_validation |   Best params: {'n_neighbors': 10}
2026-04-30 23:41:40 | INFO     | cross_validation |   Best CV: 66.08% ± 2.81%
2026-04-30 23:41:40 | INFO     | cross_validation | ✓ grid_search_cv finished in 0.9s
2026-04-30 23:41:40 | INFO     | main | ────────────────────────────────────────────────────────────
2026-04-30 23:41:40 | INFO     | main |   KNN [pca, aug]
2026-04-30 23:41:40 | INFO     | main | ────────────────────────────────────────────────────────────
2026-04-30 23:41:40 | INFO     | cross_validation | → grid_search_cv started
2026-04-30 23:41:40 | INFO     | cross_validation | Grid search: 20 parameter combinations × 5 folds
2026-04-30 23:41:40 | INFO     | cross_validation |   Combo 1/20: {'n_neighbors': 1}
2026-04-30 23:41:40 | DEBUG    | reduction | Scaler fitted on 639 samples, 166 features
2026-04-30 23:41:40 | DEBUG    | reduction | PCA: 166 → 82 components (95% var)
2026-04-30 23:41:40 | INFO     | cross_validation |   Fold 1/5: train=1917 (orig=639, aug=1278), val=160, acc=56.88%  [0.2s]
2026-04-30 23:41:40 | DEBUG    | reduction | Scaler fitted on 639 samples, 166 features
2026-04-30 23:41:40 | DEBUG    | reduction | PCA: 166 → 83 components (95% var)
2026-04-30 23:41:41 | INFO     | cross_validation |   Fold 2/5: train=1917 (orig=639, aug=1278), val=160, acc=60.62%  [0.3s]
2026-04-30 23:41:41 | DEBUG    | reduction | Scaler fitted on 639 samples, 166 features
2026-04-30 23:41:41 | DEBUG    | reduction | PCA: 166 → 83 components (95% var)
2026-04-30 23:41:41 | INFO     | cross_validation |   Fold 3/5: train=1917 (orig=639, aug=1278), val=160, acc=61.88%  [0.4s]
2026-04-30 23:41:41 | DEBUG    | reduction | Scaler fitted on 639 samples, 166 features
2026-04-30 23:41:41 | DEBUG    | reduction | PCA: 166 → 83 components (95% var)
2026-04-30 23:41:41 | INFO     | cross_validation |   Fold 4/5: train=1917 (orig=639, aug=1278), val=160, acc=57.50%  [0.4s]
2026-04-30 23:41:41 | DEBUG    | reduction | Scaler fitted on 640 samples, 166 features
2026-04-30 23:41:42 | DEBUG    | reduction | PCA: 166 → 82 components (95% var)
2026-04-30 23:41:42 | INFO     | cross_validation |   Fold 5/5: train=1920 (orig=640, aug=1280), val=159, acc=54.72%  [0.3s]
2026-04-30 23:41:42 | INFO     | cross_validation |   CV result: 58.32% ± 2.60%
2026-04-30 23:41:42 | INFO     | cross_validation |   Combo 2/20: {'n_neighbors': 2}
2026-04-30 23:41:42 | DEBUG    | reduction | Scaler fitted on 639 samples, 166 features
2026-04-30 23:41:42 | DEBUG    | reduction | PCA: 166 → 82 components (95% var)
2026-04-30 23:41:42 | INFO     | cross_validation |   Fold 1/5: train=1917 (orig=639, aug=1278), val=160, acc=58.75%  [0.4s]
2026-04-30 23:41:42 | DEBUG    | reduction | Scaler fitted on 639 samples, 166 features
2026-04-30 23:41:43 | DEBUG    | reduction | PCA: 166 → 83 components (95% var)
2026-04-30 23:41:43 | INFO     | cross_validation |   Fold 2/5: train=1917 (orig=639, aug=1278), val=160, acc=60.62%  [0.4s]
2026-04-30 23:41:43 | DEBUG    | reduction | Scaler fitted on 639 samples, 166 features
2026-04-30 23:41:43 | DEBUG    | reduction | PCA: 166 → 83 components (95% var)
2026-04-30 23:41:43 | INFO     | cross_validation |   Fold 3/5: train=1917 (orig=639, aug=1278), val=160, acc=63.12%  [0.4s]
2026-04-30 23:41:43 | DEBUG    | reduction | Scaler fitted on 639 samples, 166 features
2026-04-30 23:41:43 | DEBUG    | reduction | PCA: 166 → 83 components (95% var)
2026-04-30 23:41:43 | INFO     | cross_validation |   Fold 4/5: train=1917 (orig=639, aug=1278), val=160, acc=61.88%  [0.4s]
2026-04-30 23:41:43 | DEBUG    | reduction | Scaler fitted on 640 samples, 166 features
2026-04-30 23:41:44 | DEBUG    | reduction | PCA: 166 → 82 components (95% var)
2026-04-30 23:41:44 | INFO     | cross_validation |   Fold 5/5: train=1920 (orig=640, aug=1280), val=159, acc=57.86%  [0.3s]
2026-04-30 23:41:44 | INFO     | cross_validation |   CV result: 60.45% ± 1.94%
2026-04-30 23:41:44 | INFO     | cross_validation |   Combo 3/20: {'n_neighbors': 3}
2026-04-30 23:41:44 | DEBUG    | reduction | Scaler fitted on 639 samples, 166 features
2026-04-30 23:41:44 | DEBUG    | reduction | PCA: 166 → 82 components (95% var)
2026-04-30 23:41:44 | INFO     | cross_validation |   Fold 1/5: train=1917 (orig=639, aug=1278), val=160, acc=61.88%  [0.4s]
2026-04-30 23:41:44 | DEBUG    | reduction | Scaler fitted on 639 samples, 166 features
2026-04-30 23:41:44 | DEBUG    | reduction | PCA: 166 → 83 components (95% var)
2026-04-30 23:41:44 | INFO     | cross_validation |   Fold 2/5: train=1917 (orig=639, aug=1278), val=160, acc=62.50%  [0.2s]
2026-04-30 23:41:44 | DEBUG    | reduction | Scaler fitted on 639 samples, 166 features
2026-04-30 23:41:45 | DEBUG    | reduction | PCA: 166 → 83 components (95% var)
2026-04-30 23:41:45 | INFO     | cross_validation |   Fold 3/5: train=1917 (orig=639, aug=1278), val=160, acc=64.38%  [0.4s]
2026-04-30 23:41:45 | DEBUG    | reduction | Scaler fitted on 639 samples, 166 features
2026-04-30 23:41:45 | DEBUG    | reduction | PCA: 166 → 83 components (95% var)
2026-04-30 23:41:45 | INFO     | cross_validation |   Fold 4/5: train=1917 (orig=639, aug=1278), val=160, acc=54.37%  [0.3s]
2026-04-30 23:41:45 | DEBUG    | reduction | Scaler fitted on 640 samples, 166 features
2026-04-30 23:41:45 | DEBUG    | reduction | PCA: 166 → 82 components (95% var)
2026-04-30 23:41:46 | INFO     | cross_validation |   Fold 5/5: train=1920 (orig=640, aug=1280), val=159, acc=61.01%  [0.5s]
2026-04-30 23:41:46 | INFO     | cross_validation |   CV result: 60.83% ± 3.41%
2026-04-30 23:41:46 | INFO     | cross_validation |   Combo 4/20: {'n_neighbors': 4}
2026-04-30 23:41:46 | DEBUG    | reduction | Scaler fitted on 639 samples, 166 features
2026-04-30 23:41:46 | DEBUG    | reduction | PCA: 166 → 82 components (95% var)
2026-04-30 23:41:46 | INFO     | cross_validation |   Fold 1/5: train=1917 (orig=639, aug=1278), val=160, acc=62.50%  [0.4s]
2026-04-30 23:41:46 | DEBUG    | reduction | Scaler fitted on 639 samples, 166 features
2026-04-30 23:41:46 | DEBUG    | reduction | PCA: 166 → 83 components (95% var)
2026-04-30 23:41:46 | INFO     | cross_validation |   Fold 2/5: train=1917 (orig=639, aug=1278), val=160, acc=63.75%  [0.4s]
2026-04-30 23:41:46 | DEBUG    | reduction | Scaler fitted on 639 samples, 166 features
2026-04-30 23:41:47 | DEBUG    | reduction | PCA: 166 → 83 components (95% var)
2026-04-30 23:41:47 | INFO     | cross_validation |   Fold 3/5: train=1917 (orig=639, aug=1278), val=160, acc=67.50%  [0.4s]
2026-04-30 23:41:47 | DEBUG    | reduction | Scaler fitted on 639 samples, 166 features
2026-04-30 23:41:47 | DEBUG    | reduction | PCA: 166 → 83 components (95% var)
2026-04-30 23:41:47 | INFO     | cross_validation |   Fold 4/5: train=1917 (orig=639, aug=1278), val=160, acc=55.62%  [0.5s]
2026-04-30 23:41:47 | DEBUG    | reduction | Scaler fitted on 640 samples, 166 features
2026-04-30 23:41:47 | DEBUG    | reduction | PCA: 166 → 82 components (95% var)
2026-04-30 23:41:48 | INFO     | cross_validation |   Fold 5/5: train=1920 (orig=640, aug=1280), val=159, acc=62.89%  [0.3s]
2026-04-30 23:41:48 | INFO     | cross_validation |   CV result: 62.45% ± 3.85%
2026-04-30 23:41:48 | INFO     | cross_validation |   Combo 5/20: {'n_neighbors': 5}
2026-04-30 23:41:48 | DEBUG    | reduction | Scaler fitted on 639 samples, 166 features
2026-04-30 23:41:48 | DEBUG    | reduction | PCA: 166 → 82 components (95% var)
2026-04-30 23:41:48 | INFO     | cross_validation |   Fold 1/5: train=1917 (orig=639, aug=1278), val=160, acc=59.38%  [0.2s]
2026-04-30 23:41:48 | DEBUG    | reduction | Scaler fitted on 639 samples, 166 features
2026-04-30 23:41:48 | DEBUG    | reduction | PCA: 166 → 83 components (95% var)
2026-04-30 23:41:48 | INFO     | cross_validation |   Fold 2/5: train=1917 (orig=639, aug=1278), val=160, acc=63.75%  [0.3s]
2026-04-30 23:41:48 | DEBUG    | reduction | Scaler fitted on 639 samples, 166 features
2026-04-30 23:41:48 | DEBUG    | reduction | PCA: 166 → 83 components (95% var)
2026-04-30 23:41:49 | INFO     | cross_validation |   Fold 3/5: train=1917 (orig=639, aug=1278), val=160, acc=65.00%  [0.5s]
2026-04-30 23:41:49 | DEBUG    | reduction | Scaler fitted on 639 samples, 166 features
2026-04-30 23:41:49 | DEBUG    | reduction | PCA: 166 → 83 components (95% var)
2026-04-30 23:41:49 | INFO     | cross_validation |   Fold 4/5: train=1917 (orig=639, aug=1278), val=160, acc=56.25%  [0.6s]
2026-04-30 23:41:49 | DEBUG    | reduction | Scaler fitted on 640 samples, 166 features
2026-04-30 23:41:49 | DEBUG    | reduction | PCA: 166 → 82 components (95% var)
2026-04-30 23:41:49 | INFO     | cross_validation |   Fold 5/5: train=1920 (orig=640, aug=1280), val=159, acc=64.15%  [0.3s]
2026-04-30 23:41:49 | INFO     | cross_validation |   CV result: 61.71% ± 3.35%
2026-04-30 23:41:49 | INFO     | cross_validation |   Combo 6/20: {'n_neighbors': 6}
2026-04-30 23:41:49 | DEBUG    | reduction | Scaler fitted on 639 samples, 166 features
2026-04-30 23:41:50 | DEBUG    | reduction | PCA: 166 → 82 components (95% var)
2026-04-30 23:41:50 | INFO     | cross_validation |   Fold 1/5: train=1917 (orig=639, aug=1278), val=160, acc=60.00%  [0.2s]
2026-04-30 23:41:50 | DEBUG    | reduction | Scaler fitted on 639 samples, 166 features
2026-04-30 23:41:50 | DEBUG    | reduction | PCA: 166 → 83 components (95% var)
2026-04-30 23:41:50 | INFO     | cross_validation |   Fold 2/5: train=1917 (orig=639, aug=1278), val=160, acc=63.75%  [0.4s]
2026-04-30 23:41:50 | DEBUG    | reduction | Scaler fitted on 639 samples, 166 features
2026-04-30 23:41:50 | DEBUG    | reduction | PCA: 166 → 83 components (95% var)
2026-04-30 23:41:50 | INFO     | cross_validation |   Fold 3/5: train=1917 (orig=639, aug=1278), val=160, acc=65.00%  [0.2s]
2026-04-30 23:41:50 | DEBUG    | reduction | Scaler fitted on 639 samples, 166 features
2026-04-30 23:41:50 | DEBUG    | reduction | PCA: 166 → 83 components (95% var)
2026-04-30 23:41:51 | INFO     | cross_validation |   Fold 4/5: train=1917 (orig=639, aug=1278), val=160, acc=57.50%  [0.2s]
2026-04-30 23:41:51 | DEBUG    | reduction | Scaler fitted on 640 samples, 166 features
2026-04-30 23:41:51 | DEBUG    | reduction | PCA: 166 → 82 components (95% var)
2026-04-30 23:41:51 | INFO     | cross_validation |   Fold 5/5: train=1920 (orig=640, aug=1280), val=159, acc=61.64%  [0.4s]
2026-04-30 23:41:51 | INFO     | cross_validation |   CV result: 61.58% ± 2.67%
2026-04-30 23:41:51 | INFO     | cross_validation |   Combo 7/20: {'n_neighbors': 7}
2026-04-30 23:41:51 | DEBUG    | reduction | Scaler fitted on 639 samples, 166 features
2026-04-30 23:41:51 | DEBUG    | reduction | PCA: 166 → 82 components (95% var)
2026-04-30 23:41:51 | INFO     | cross_validation |   Fold 1/5: train=1917 (orig=639, aug=1278), val=160, acc=58.75%  [0.4s]
2026-04-30 23:41:51 | DEBUG    | reduction | Scaler fitted on 639 samples, 166 features
2026-04-30 23:41:52 | DEBUG    | reduction | PCA: 166 → 83 components (95% var)
2026-04-30 23:41:52 | INFO     | cross_validation |   Fold 2/5: train=1917 (orig=639, aug=1278), val=160, acc=66.88%  [0.4s]
2026-04-30 23:41:52 | DEBUG    | reduction | Scaler fitted on 639 samples, 166 features
2026-04-30 23:41:52 | DEBUG    | reduction | PCA: 166 → 83 components (95% var)
2026-04-30 23:41:52 | INFO     | cross_validation |   Fold 3/5: train=1917 (orig=639, aug=1278), val=160, acc=63.12%  [0.3s]
2026-04-30 23:41:52 | DEBUG    | reduction | Scaler fitted on 639 samples, 166 features
2026-04-30 23:41:53 | DEBUG    | reduction | PCA: 166 → 83 components (95% var)
2026-04-30 23:41:53 | INFO     | cross_validation |   Fold 4/5: train=1917 (orig=639, aug=1278), val=160, acc=53.12%  [0.6s]
2026-04-30 23:41:53 | DEBUG    | reduction | Scaler fitted on 640 samples, 166 features
2026-04-30 23:41:53 | DEBUG    | reduction | PCA: 166 → 82 components (95% var)
2026-04-30 23:41:53 | INFO     | cross_validation |   Fold 5/5: train=1920 (orig=640, aug=1280), val=159, acc=61.64%  [0.4s]
2026-04-30 23:41:53 | INFO     | cross_validation |   CV result: 60.70% ± 4.61%
2026-04-30 23:41:53 | INFO     | cross_validation |   Combo 8/20: {'n_neighbors': 8}
2026-04-30 23:41:53 | DEBUG    | reduction | Scaler fitted on 639 samples, 166 features
2026-04-30 23:41:53 | DEBUG    | reduction | PCA: 166 → 82 components (95% var)
2026-04-30 23:41:53 | INFO     | cross_validation |   Fold 1/5: train=1917 (orig=639, aug=1278), val=160, acc=58.75%  [0.3s]
2026-04-30 23:41:53 | DEBUG    | reduction | Scaler fitted on 639 samples, 166 features
2026-04-30 23:41:54 | DEBUG    | reduction | PCA: 166 → 83 components (95% var)
2026-04-30 23:41:54 | INFO     | cross_validation |   Fold 2/5: train=1917 (orig=639, aug=1278), val=160, acc=63.75%  [0.5s]
2026-04-30 23:41:54 | DEBUG    | reduction | Scaler fitted on 639 samples, 166 features
2026-04-30 23:41:54 | DEBUG    | reduction | PCA: 166 → 83 components (95% var)
2026-04-30 23:41:54 | INFO     | cross_validation |   Fold 3/5: train=1917 (orig=639, aug=1278), val=160, acc=63.75%  [0.3s]
2026-04-30 23:41:54 | DEBUG    | reduction | Scaler fitted on 639 samples, 166 features
2026-04-30 23:41:54 | DEBUG    | reduction | PCA: 166 → 83 components (95% var)
2026-04-30 23:41:54 | INFO     | cross_validation |   Fold 4/5: train=1917 (orig=639, aug=1278), val=160, acc=57.50%  [0.2s]
2026-04-30 23:41:54 | DEBUG    | reduction | Scaler fitted on 640 samples, 166 features
2026-04-30 23:41:55 | DEBUG    | reduction | PCA: 166 → 82 components (95% var)
2026-04-30 23:41:55 | INFO     | cross_validation |   Fold 5/5: train=1920 (orig=640, aug=1280), val=159, acc=59.75%  [0.3s]
2026-04-30 23:41:55 | INFO     | cross_validation |   CV result: 60.70% ± 2.59%
2026-04-30 23:41:55 | INFO     | cross_validation |   Combo 9/20: {'n_neighbors': 9}
2026-04-30 23:41:55 | DEBUG    | reduction | Scaler fitted on 639 samples, 166 features
2026-04-30 23:41:55 | DEBUG    | reduction | PCA: 166 → 82 components (95% var)
2026-04-30 23:41:55 | INFO     | cross_validation |   Fold 1/5: train=1917 (orig=639, aug=1278), val=160, acc=58.75%  [0.2s]
2026-04-30 23:41:55 | DEBUG    | reduction | Scaler fitted on 639 samples, 166 features
2026-04-30 23:41:55 | DEBUG    | reduction | PCA: 166 → 83 components (95% var)
2026-04-30 23:41:55 | INFO     | cross_validation |   Fold 2/5: train=1917 (orig=639, aug=1278), val=160, acc=64.38%  [0.2s]
2026-04-30 23:41:55 | DEBUG    | reduction | Scaler fitted on 639 samples, 166 features
2026-04-30 23:41:55 | DEBUG    | reduction | PCA: 166 → 83 components (95% var)
2026-04-30 23:41:55 | INFO     | cross_validation |   Fold 3/5: train=1917 (orig=639, aug=1278), val=160, acc=63.75%  [0.4s]
2026-04-30 23:41:55 | DEBUG    | reduction | Scaler fitted on 639 samples, 166 features
2026-04-30 23:41:56 | DEBUG    | reduction | PCA: 166 → 83 components (95% var)
2026-04-30 23:41:56 | INFO     | cross_validation |   Fold 4/5: train=1917 (orig=639, aug=1278), val=160, acc=59.38%  [0.5s]
2026-04-30 23:41:56 | DEBUG    | reduction | Scaler fitted on 640 samples, 166 features
2026-04-30 23:41:56 | DEBUG    | reduction | PCA: 166 → 82 components (95% var)
2026-04-30 23:41:56 | INFO     | cross_validation |   Fold 5/5: train=1920 (orig=640, aug=1280), val=159, acc=62.26%  [0.3s]
2026-04-30 23:41:56 | INFO     | cross_validation |   CV result: 61.70% ± 2.27%
2026-04-30 23:41:56 | INFO     | cross_validation |   Combo 10/20: {'n_neighbors': 10}
2026-04-30 23:41:56 | DEBUG    | reduction | Scaler fitted on 639 samples, 166 features
2026-04-30 23:41:57 | DEBUG    | reduction | PCA: 166 → 82 components (95% var)
2026-04-30 23:41:57 | INFO     | cross_validation |   Fold 1/5: train=1917 (orig=639, aug=1278), val=160, acc=61.88%  [0.4s]
2026-04-30 23:41:57 | DEBUG    | reduction | Scaler fitted on 639 samples, 166 features
2026-04-30 23:41:57 | DEBUG    | reduction | PCA: 166 → 83 components (95% var)
2026-04-30 23:41:57 | INFO     | cross_validation |   Fold 2/5: train=1917 (orig=639, aug=1278), val=160, acc=66.88%  [0.4s]
2026-04-30 23:41:57 | DEBUG    | reduction | Scaler fitted on 639 samples, 166 features
2026-04-30 23:41:57 | DEBUG    | reduction | PCA: 166 → 83 components (95% var)
2026-04-30 23:41:57 | INFO     | cross_validation |   Fold 3/5: train=1917 (orig=639, aug=1278), val=160, acc=66.25%  [0.3s]
2026-04-30 23:41:57 | DEBUG    | reduction | Scaler fitted on 639 samples, 166 features
2026-04-30 23:41:58 | DEBUG    | reduction | PCA: 166 → 83 components (95% var)
2026-04-30 23:41:58 | INFO     | cross_validation |   Fold 4/5: train=1917 (orig=639, aug=1278), val=160, acc=58.75%  [0.5s]
2026-04-30 23:41:58 | DEBUG    | reduction | Scaler fitted on 640 samples, 166 features
2026-04-30 23:41:58 | DEBUG    | reduction | PCA: 166 → 82 components (95% var)
2026-04-30 23:41:59 | INFO     | cross_validation |   Fold 5/5: train=1920 (orig=640, aug=1280), val=159, acc=62.89%  [0.7s]
2026-04-30 23:41:59 | INFO     | cross_validation |   CV result: 63.33% ± 2.98%
2026-04-30 23:41:59 | INFO     | cross_validation |   Combo 11/20: {'n_neighbors': 11}
2026-04-30 23:41:59 | DEBUG    | reduction | Scaler fitted on 639 samples, 166 features
2026-04-30 23:41:59 | DEBUG    | reduction | PCA: 166 → 82 components (95% var)
2026-04-30 23:41:59 | INFO     | cross_validation |   Fold 1/5: train=1917 (orig=639, aug=1278), val=160, acc=63.12%  [0.4s]
2026-04-30 23:41:59 | DEBUG    | reduction | Scaler fitted on 639 samples, 166 features
2026-04-30 23:41:59 | DEBUG    | reduction | PCA: 166 → 83 components (95% var)
2026-04-30 23:41:59 | INFO     | cross_validation |   Fold 2/5: train=1917 (orig=639, aug=1278), val=160, acc=66.88%  [0.4s]
2026-04-30 23:41:59 | DEBUG    | reduction | Scaler fitted on 639 samples, 166 features
2026-04-30 23:42:00 | DEBUG    | reduction | PCA: 166 → 83 components (95% var)
2026-04-30 23:42:00 | INFO     | cross_validation |   Fold 3/5: train=1917 (orig=639, aug=1278), val=160, acc=65.62%  [0.5s]
2026-04-30 23:42:00 | DEBUG    | reduction | Scaler fitted on 639 samples, 166 features
2026-04-30 23:42:00 | DEBUG    | reduction | PCA: 166 → 83 components (95% var)
2026-04-30 23:42:00 | INFO     | cross_validation |   Fold 4/5: train=1917 (orig=639, aug=1278), val=160, acc=58.75%  [0.4s]
2026-04-30 23:42:00 | DEBUG    | reduction | Scaler fitted on 640 samples, 166 features
2026-04-30 23:42:00 | DEBUG    | reduction | PCA: 166 → 82 components (95% var)
2026-04-30 23:42:00 | INFO     | cross_validation |   Fold 5/5: train=1920 (orig=640, aug=1280), val=159, acc=63.52%  [0.2s]
2026-04-30 23:42:00 | INFO     | cross_validation |   CV result: 63.58% ± 2.78%
2026-04-30 23:42:00 | INFO     | cross_validation |   Combo 12/20: {'n_neighbors': 12}
2026-04-30 23:42:00 | DEBUG    | reduction | Scaler fitted on 639 samples, 166 features
2026-04-30 23:42:01 | DEBUG    | reduction | PCA: 166 → 82 components (95% var)
2026-04-30 23:42:01 | INFO     | cross_validation |   Fold 1/5: train=1917 (orig=639, aug=1278), val=160, acc=68.75%  [0.4s]
2026-04-30 23:42:01 | DEBUG    | reduction | Scaler fitted on 639 samples, 166 features
2026-04-30 23:42:01 | DEBUG    | reduction | PCA: 166 → 83 components (95% var)
2026-04-30 23:42:01 | INFO     | cross_validation |   Fold 2/5: train=1917 (orig=639, aug=1278), val=160, acc=64.38%  [0.4s]
2026-04-30 23:42:01 | DEBUG    | reduction | Scaler fitted on 639 samples, 166 features
2026-04-30 23:42:01 | DEBUG    | reduction | PCA: 166 → 83 components (95% var)
2026-04-30 23:42:01 | INFO     | cross_validation |   Fold 3/5: train=1917 (orig=639, aug=1278), val=160, acc=68.12%  [0.3s]
2026-04-30 23:42:01 | DEBUG    | reduction | Scaler fitted on 639 samples, 166 features
2026-04-30 23:42:02 | DEBUG    | reduction | PCA: 166 → 83 components (95% var)
2026-04-30 23:42:02 | INFO     | cross_validation |   Fold 4/5: train=1917 (orig=639, aug=1278), val=160, acc=57.50%  [0.3s]
2026-04-30 23:42:02 | DEBUG    | reduction | Scaler fitted on 640 samples, 166 features
2026-04-30 23:42:02 | DEBUG    | reduction | PCA: 166 → 82 components (95% var)
2026-04-30 23:42:02 | INFO     | cross_validation |   Fold 5/5: train=1920 (orig=640, aug=1280), val=159, acc=64.78%  [0.5s]
2026-04-30 23:42:02 | INFO     | cross_validation |   CV result: 64.71% ± 4.00%
2026-04-30 23:42:02 | INFO     | cross_validation |   Combo 13/20: {'n_neighbors': 13}
2026-04-30 23:42:02 | DEBUG    | reduction | Scaler fitted on 639 samples, 166 features
2026-04-30 23:42:02 | DEBUG    | reduction | PCA: 166 → 82 components (95% var)
2026-04-30 23:42:02 | INFO     | cross_validation |   Fold 1/5: train=1917 (orig=639, aug=1278), val=160, acc=65.62%  [0.2s]
2026-04-30 23:42:02 | DEBUG    | reduction | Scaler fitted on 639 samples, 166 features
2026-04-30 23:42:03 | DEBUG    | reduction | PCA: 166 → 83 components (95% var)
2026-04-30 23:42:03 | INFO     | cross_validation |   Fold 2/5: train=1917 (orig=639, aug=1278), val=160, acc=66.25%  [0.5s]
2026-04-30 23:42:03 | DEBUG    | reduction | Scaler fitted on 639 samples, 166 features
2026-04-30 23:42:03 | DEBUG    | reduction | PCA: 166 → 83 components (95% var)
2026-04-30 23:42:04 | INFO     | cross_validation |   Fold 3/5: train=1917 (orig=639, aug=1278), val=160, acc=69.38%  [0.6s]
2026-04-30 23:42:04 | DEBUG    | reduction | Scaler fitted on 639 samples, 166 features
2026-04-30 23:42:04 | DEBUG    | reduction | PCA: 166 → 83 components (95% var)
2026-04-30 23:42:04 | INFO     | cross_validation |   Fold 4/5: train=1917 (orig=639, aug=1278), val=160, acc=56.25%  [0.3s]
2026-04-30 23:42:04 | DEBUG    | reduction | Scaler fitted on 640 samples, 166 features
2026-04-30 23:42:04 | DEBUG    | reduction | PCA: 166 → 82 components (95% var)
2026-04-30 23:42:04 | INFO     | cross_validation |   Fold 5/5: train=1920 (orig=640, aug=1280), val=159, acc=65.41%  [0.3s]
2026-04-30 23:42:04 | INFO     | cross_validation |   CV result: 64.58% ± 4.40%
2026-04-30 23:42:04 | INFO     | cross_validation |   Combo 14/20: {'n_neighbors': 14}
2026-04-30 23:42:04 | DEBUG    | reduction | Scaler fitted on 639 samples, 166 features
2026-04-30 23:42:04 | DEBUG    | reduction | PCA: 166 → 82 components (95% var)
2026-04-30 23:42:04 | INFO     | cross_validation |   Fold 1/5: train=1917 (orig=639, aug=1278), val=160, acc=63.75%  [0.2s]
2026-04-30 23:42:04 | DEBUG    | reduction | Scaler fitted on 639 samples, 166 features
2026-04-30 23:42:05 | DEBUG    | reduction | PCA: 166 → 83 components (95% var)
2026-04-30 23:42:05 | INFO     | cross_validation |   Fold 2/5: train=1917 (orig=639, aug=1278), val=160, acc=65.00%  [0.3s]
2026-04-30 23:42:05 | DEBUG    | reduction | Scaler fitted on 639 samples, 166 features
2026-04-30 23:42:05 | DEBUG    | reduction | PCA: 166 → 83 components (95% var)
2026-04-30 23:42:05 | INFO     | cross_validation |   Fold 3/5: train=1917 (orig=639, aug=1278), val=160, acc=68.75%  [0.2s]
2026-04-30 23:42:05 | DEBUG    | reduction | Scaler fitted on 639 samples, 166 features
2026-04-30 23:42:05 | DEBUG    | reduction | PCA: 166 → 83 components (95% var)
2026-04-30 23:42:05 | INFO     | cross_validation |   Fold 4/5: train=1917 (orig=639, aug=1278), val=160, acc=58.75%  [0.3s]
2026-04-30 23:42:05 | DEBUG    | reduction | Scaler fitted on 640 samples, 166 features
2026-04-30 23:42:05 | DEBUG    | reduction | PCA: 166 → 82 components (95% var)
2026-04-30 23:42:05 | INFO     | cross_validation |   Fold 5/5: train=1920 (orig=640, aug=1280), val=159, acc=66.04%  [0.3s]
2026-04-30 23:42:05 | INFO     | cross_validation |   CV result: 64.46% ± 3.30%
2026-04-30 23:42:05 | INFO     | cross_validation |   Combo 15/20: {'n_neighbors': 15}
2026-04-30 23:42:05 | DEBUG    | reduction | Scaler fitted on 639 samples, 166 features
2026-04-30 23:42:06 | DEBUG    | reduction | PCA: 166 → 82 components (95% var)
2026-04-30 23:42:06 | INFO     | cross_validation |   Fold 1/5: train=1917 (orig=639, aug=1278), val=160, acc=63.75%  [0.3s]
2026-04-30 23:42:06 | DEBUG    | reduction | Scaler fitted on 639 samples, 166 features
2026-04-30 23:42:06 | DEBUG    | reduction | PCA: 166 → 83 components (95% var)
2026-04-30 23:42:06 | INFO     | cross_validation |   Fold 2/5: train=1917 (orig=639, aug=1278), val=160, acc=64.38%  [0.4s]
2026-04-30 23:42:06 | DEBUG    | reduction | Scaler fitted on 639 samples, 166 features
2026-04-30 23:42:06 | DEBUG    | reduction | PCA: 166 → 83 components (95% var)
2026-04-30 23:42:07 | INFO     | cross_validation |   Fold 3/5: train=1917 (orig=639, aug=1278), val=160, acc=65.00%  [0.4s]
2026-04-30 23:42:07 | DEBUG    | reduction | Scaler fitted on 639 samples, 166 features
2026-04-30 23:42:07 | DEBUG    | reduction | PCA: 166 → 83 components (95% var)
2026-04-30 23:42:07 | INFO     | cross_validation |   Fold 4/5: train=1917 (orig=639, aug=1278), val=160, acc=57.50%  [0.2s]
2026-04-30 23:42:07 | DEBUG    | reduction | Scaler fitted on 640 samples, 166 features
2026-04-30 23:42:07 | DEBUG    | reduction | PCA: 166 → 82 components (95% var)
2026-04-30 23:42:07 | INFO     | cross_validation |   Fold 5/5: train=1920 (orig=640, aug=1280), val=159, acc=65.41%  [0.2s]
2026-04-30 23:42:07 | INFO     | cross_validation |   CV result: 63.21% ± 2.91%
2026-04-30 23:42:07 | INFO     | cross_validation |   Combo 16/20: {'n_neighbors': 16}
2026-04-30 23:42:07 | DEBUG    | reduction | Scaler fitted on 639 samples, 166 features
2026-04-30 23:42:07 | DEBUG    | reduction | PCA: 166 → 82 components (95% var)
2026-04-30 23:42:08 | INFO     | cross_validation |   Fold 1/5: train=1917 (orig=639, aug=1278), val=160, acc=65.62%  [0.5s]
2026-04-30 23:42:08 | DEBUG    | reduction | Scaler fitted on 639 samples, 166 features
2026-04-30 23:42:08 | DEBUG    | reduction | PCA: 166 → 83 components (95% var)
2026-04-30 23:42:08 | INFO     | cross_validation |   Fold 2/5: train=1917 (orig=639, aug=1278), val=160, acc=63.12%  [0.3s]
2026-04-30 23:42:08 | DEBUG    | reduction | Scaler fitted on 639 samples, 166 features
2026-04-30 23:42:08 | DEBUG    | reduction | PCA: 166 → 83 components (95% var)
2026-04-30 23:42:08 | INFO     | cross_validation |   Fold 3/5: train=1917 (orig=639, aug=1278), val=160, acc=66.25%  [0.2s]
2026-04-30 23:42:08 | DEBUG    | reduction | Scaler fitted on 639 samples, 166 features
2026-04-30 23:42:12 | DEBUG    | reduction | PCA: 166 → 83 components (95% var)
2026-04-30 23:42:12 | INFO     | cross_validation |   Fold 4/5: train=1917 (orig=639, aug=1278), val=160, acc=56.88%  [0.4s]
2026-04-30 23:42:12 | DEBUG    | reduction | Scaler fitted on 640 samples, 166 features
2026-04-30 23:42:12 | DEBUG    | reduction | PCA: 166 → 82 components (95% var)
2026-04-30 23:42:13 | INFO     | cross_validation |   Fold 5/5: train=1920 (orig=640, aug=1280), val=159, acc=64.15%  [0.6s]
2026-04-30 23:42:13 | INFO     | cross_validation |   CV result: 63.21% ± 3.35%
2026-04-30 23:42:13 | INFO     | cross_validation |   Combo 17/20: {'n_neighbors': 17}
2026-04-30 23:42:13 | DEBUG    | reduction | Scaler fitted on 639 samples, 166 features
2026-04-30 23:42:13 | DEBUG    | reduction | PCA: 166 → 82 components (95% var)
2026-04-30 23:42:13 | INFO     | cross_validation |   Fold 1/5: train=1917 (orig=639, aug=1278), val=160, acc=63.75%  [0.3s]
2026-04-30 23:42:13 | DEBUG    | reduction | Scaler fitted on 639 samples, 166 features
2026-04-30 23:42:13 | DEBUG    | reduction | PCA: 166 → 83 components (95% var)
2026-04-30 23:42:13 | INFO     | cross_validation |   Fold 2/5: train=1917 (orig=639, aug=1278), val=160, acc=64.38%  [0.5s]
2026-04-30 23:42:13 | DEBUG    | reduction | Scaler fitted on 639 samples, 166 features
2026-04-30 23:42:14 | DEBUG    | reduction | PCA: 166 → 83 components (95% var)
2026-04-30 23:42:14 | INFO     | cross_validation |   Fold 3/5: train=1917 (orig=639, aug=1278), val=160, acc=66.25%  [0.3s]
2026-04-30 23:42:14 | DEBUG    | reduction | Scaler fitted on 639 samples, 166 features
2026-04-30 23:42:14 | DEBUG    | reduction | PCA: 166 → 83 components (95% var)
2026-04-30 23:42:14 | INFO     | cross_validation |   Fold 4/5: train=1917 (orig=639, aug=1278), val=160, acc=58.75%  [0.2s]
2026-04-30 23:42:14 | DEBUG    | reduction | Scaler fitted on 640 samples, 166 features
2026-04-30 23:42:14 | DEBUG    | reduction | PCA: 166 → 82 components (95% var)
2026-04-30 23:42:14 | INFO     | cross_validation |   Fold 5/5: train=1920 (orig=640, aug=1280), val=159, acc=63.52%  [0.4s]
2026-04-30 23:42:14 | INFO     | cross_validation |   CV result: 63.33% ± 2.48%
2026-04-30 23:42:14 | INFO     | cross_validation |   Combo 18/20: {'n_neighbors': 18}
2026-04-30 23:42:14 | DEBUG    | reduction | Scaler fitted on 639 samples, 166 features
2026-04-30 23:42:15 | DEBUG    | reduction | PCA: 166 → 82 components (95% var)
2026-04-30 23:42:15 | INFO     | cross_validation |   Fold 1/5: train=1917 (orig=639, aug=1278), val=160, acc=65.00%  [0.3s]
2026-04-30 23:42:15 | DEBUG    | reduction | Scaler fitted on 639 samples, 166 features
2026-04-30 23:42:15 | DEBUG    | reduction | PCA: 166 → 83 components (95% var)
2026-04-30 23:42:15 | INFO     | cross_validation |   Fold 2/5: train=1917 (orig=639, aug=1278), val=160, acc=65.00%  [0.6s]
2026-04-30 23:42:15 | DEBUG    | reduction | Scaler fitted on 639 samples, 166 features
2026-04-30 23:42:16 | DEBUG    | reduction | PCA: 166 → 83 components (95% var)
2026-04-30 23:42:16 | INFO     | cross_validation |   Fold 3/5: train=1917 (orig=639, aug=1278), val=160, acc=66.88%  [0.3s]
2026-04-30 23:42:16 | DEBUG    | reduction | Scaler fitted on 639 samples, 166 features
2026-04-30 23:42:16 | DEBUG    | reduction | PCA: 166 → 83 components (95% var)
2026-04-30 23:42:16 | INFO     | cross_validation |   Fold 4/5: train=1917 (orig=639, aug=1278), val=160, acc=60.00%  [0.3s]
2026-04-30 23:42:16 | DEBUG    | reduction | Scaler fitted on 640 samples, 166 features
2026-04-30 23:42:16 | DEBUG    | reduction | PCA: 166 → 82 components (95% var)
2026-04-30 23:42:16 | INFO     | cross_validation |   Fold 5/5: train=1920 (orig=640, aug=1280), val=159, acc=63.52%  [0.3s]
2026-04-30 23:42:16 | INFO     | cross_validation |   CV result: 64.08% ± 2.30%
2026-04-30 23:42:16 | INFO     | cross_validation |   Combo 19/20: {'n_neighbors': 19}
2026-04-30 23:42:16 | DEBUG    | reduction | Scaler fitted on 639 samples, 166 features
2026-04-30 23:42:17 | DEBUG    | reduction | PCA: 166 → 82 components (95% var)
2026-04-30 23:42:17 | INFO     | cross_validation |   Fold 1/5: train=1917 (orig=639, aug=1278), val=160, acc=64.38%  [0.3s]
2026-04-30 23:42:17 | DEBUG    | reduction | Scaler fitted on 639 samples, 166 features
2026-04-30 23:42:17 | DEBUG    | reduction | PCA: 166 → 83 components (95% var)
2026-04-30 23:42:17 | INFO     | cross_validation |   Fold 2/5: train=1917 (orig=639, aug=1278), val=160, acc=66.25%  [0.4s]
2026-04-30 23:42:17 | DEBUG    | reduction | Scaler fitted on 639 samples, 166 features
2026-04-30 23:42:17 | DEBUG    | reduction | PCA: 166 → 83 components (95% var)
2026-04-30 23:42:18 | INFO     | cross_validation |   Fold 3/5: train=1917 (orig=639, aug=1278), val=160, acc=65.62%  [0.5s]
2026-04-30 23:42:18 | DEBUG    | reduction | Scaler fitted on 639 samples, 166 features
2026-04-30 23:42:18 | DEBUG    | reduction | PCA: 166 → 83 components (95% var)
2026-04-30 23:42:18 | INFO     | cross_validation |   Fold 4/5: train=1917 (orig=639, aug=1278), val=160, acc=61.88%  [0.3s]
2026-04-30 23:42:18 | DEBUG    | reduction | Scaler fitted on 640 samples, 166 features
2026-04-30 23:42:18 | DEBUG    | reduction | PCA: 166 → 82 components (95% var)
2026-04-30 23:42:18 | INFO     | cross_validation |   Fold 5/5: train=1920 (orig=640, aug=1280), val=159, acc=64.15%  [0.4s]
2026-04-30 23:42:18 | INFO     | cross_validation |   CV result: 64.46% ± 1.51%
2026-04-30 23:42:18 | INFO     | cross_validation |   Combo 20/20: {'n_neighbors': 20}
2026-04-30 23:42:18 | DEBUG    | reduction | Scaler fitted on 639 samples, 166 features
2026-04-30 23:42:18 | DEBUG    | reduction | PCA: 166 → 82 components (95% var)
2026-04-30 23:42:18 | INFO     | cross_validation |   Fold 1/5: train=1917 (orig=639, aug=1278), val=160, acc=63.75%  [0.2s]
2026-04-30 23:42:18 | DEBUG    | reduction | Scaler fitted on 639 samples, 166 features
2026-04-30 23:42:19 | DEBUG    | reduction | PCA: 166 → 83 components (95% var)
2026-04-30 23:42:19 | INFO     | cross_validation |   Fold 2/5: train=1917 (orig=639, aug=1278), val=160, acc=65.62%  [0.4s]
2026-04-30 23:42:19 | DEBUG    | reduction | Scaler fitted on 639 samples, 166 features
2026-04-30 23:42:19 | DEBUG    | reduction | PCA: 166 → 83 components (95% var)
2026-04-30 23:42:19 | INFO     | cross_validation |   Fold 3/5: train=1917 (orig=639, aug=1278), val=160, acc=68.75%  [0.4s]
2026-04-30 23:42:19 | DEBUG    | reduction | Scaler fitted on 639 samples, 166 features
2026-04-30 23:42:19 | DEBUG    | reduction | PCA: 166 → 83 components (95% var)
2026-04-30 23:42:20 | INFO     | cross_validation |   Fold 4/5: train=1917 (orig=639, aug=1278), val=160, acc=61.25%  [0.3s]
2026-04-30 23:42:20 | DEBUG    | reduction | Scaler fitted on 640 samples, 166 features
2026-04-30 23:42:20 | DEBUG    | reduction | PCA: 166 → 82 components (95% var)
2026-04-30 23:42:20 | INFO     | cross_validation |   Fold 5/5: train=1920 (orig=640, aug=1280), val=159, acc=65.41%  [0.3s]
2026-04-30 23:42:20 | INFO     | cross_validation |   CV result: 64.96% ± 2.46%
2026-04-30 23:42:20 | INFO     | cross_validation |   Best params: {'n_neighbors': 20}
2026-04-30 23:42:20 | INFO     | cross_validation |   Best CV: 64.96% ± 2.46%
2026-04-30 23:42:20 | INFO     | cross_validation | ✓ grid_search_cv finished in 36.1s
2026-04-30 23:42:20 | INFO     | main | ────────────────────────────────────────────────────────────
2026-04-30 23:42:20 | INFO     | main |   KNN [pca, no-aug]
2026-04-30 23:42:20 | INFO     | main | ────────────────────────────────────────────────────────────
2026-04-30 23:42:20 | INFO     | cross_validation | → grid_search_cv started
2026-04-30 23:42:20 | INFO     | cross_validation | Grid search: 20 parameter combinations × 5 folds
2026-04-30 23:42:20 | INFO     | cross_validation |   Combo 1/20: {'n_neighbors': 1}
2026-04-30 23:42:20 | DEBUG    | reduction | Scaler fitted on 639 samples, 166 features
2026-04-30 23:42:20 | DEBUG    | reduction | PCA: 166 → 82 components (95% var)
2026-04-30 23:42:20 | INFO     | cross_validation |   Fold 1/5: train=639 (orig=639, aug=0), val=160, acc=54.37%  [0.4s]
2026-04-30 23:42:20 | DEBUG    | reduction | Scaler fitted on 639 samples, 166 features
2026-04-30 23:42:20 | DEBUG    | reduction | PCA: 166 → 83 components (95% var)
2026-04-30 23:42:20 | INFO     | cross_validation |   Fold 2/5: train=639 (orig=639, aug=0), val=160, acc=63.12%  [0.2s]
2026-04-30 23:42:20 | DEBUG    | reduction | Scaler fitted on 639 samples, 166 features
2026-04-30 23:42:21 | DEBUG    | reduction | PCA: 166 → 83 components (95% var)
2026-04-30 23:42:21 | INFO     | cross_validation |   Fold 3/5: train=639 (orig=639, aug=0), val=160, acc=60.00%  [0.3s]
2026-04-30 23:42:21 | DEBUG    | reduction | Scaler fitted on 639 samples, 166 features
2026-04-30 23:42:21 | DEBUG    | reduction | PCA: 166 → 83 components (95% var)
2026-04-30 23:42:21 | INFO     | cross_validation |   Fold 4/5: train=639 (orig=639, aug=0), val=160, acc=60.00%  [0.2s]
2026-04-30 23:42:21 | DEBUG    | reduction | Scaler fitted on 640 samples, 166 features
2026-04-30 23:42:21 | DEBUG    | reduction | PCA: 166 → 82 components (95% var)
2026-04-30 23:42:21 | INFO     | cross_validation |   Fold 5/5: train=640 (orig=640, aug=0), val=159, acc=61.01%  [0.3s]
2026-04-30 23:42:21 | INFO     | cross_validation |   CV result: 59.70% ± 2.90%
2026-04-30 23:42:21 | INFO     | cross_validation |   Combo 2/20: {'n_neighbors': 2}
2026-04-30 23:42:21 | DEBUG    | reduction | Scaler fitted on 639 samples, 166 features
2026-04-30 23:42:21 | DEBUG    | reduction | PCA: 166 → 82 components (95% var)
2026-04-30 23:42:21 | INFO     | cross_validation |   Fold 1/5: train=639 (orig=639, aug=0), val=160, acc=59.38%  [0.2s]
2026-04-30 23:42:21 | DEBUG    | reduction | Scaler fitted on 639 samples, 166 features
2026-04-30 23:42:22 | DEBUG    | reduction | PCA: 166 → 83 components (95% var)
2026-04-30 23:42:22 | INFO     | cross_validation |   Fold 2/5: train=639 (orig=639, aug=0), val=160, acc=63.12%  [0.4s]
2026-04-30 23:42:22 | DEBUG    | reduction | Scaler fitted on 639 samples, 166 features
2026-04-30 23:42:22 | DEBUG    | reduction | PCA: 166 → 83 components (95% var)
2026-04-30 23:42:22 | INFO     | cross_validation |   Fold 3/5: train=639 (orig=639, aug=0), val=160, acc=60.62%  [0.3s]
2026-04-30 23:42:22 | DEBUG    | reduction | Scaler fitted on 639 samples, 166 features
2026-04-30 23:42:22 | DEBUG    | reduction | PCA: 166 → 83 components (95% var)
2026-04-30 23:42:22 | INFO     | cross_validation |   Fold 4/5: train=639 (orig=639, aug=0), val=160, acc=62.50%  [0.3s]
2026-04-30 23:42:22 | DEBUG    | reduction | Scaler fitted on 640 samples, 166 features
2026-04-30 23:42:23 | DEBUG    | reduction | PCA: 166 → 82 components (95% var)
2026-04-30 23:42:23 | INFO     | cross_validation |   Fold 5/5: train=640 (orig=640, aug=0), val=159, acc=59.12%  [0.8s]
2026-04-30 23:42:23 | INFO     | cross_validation |   CV result: 60.95% ± 1.62%
2026-04-30 23:42:23 | INFO     | cross_validation |   Combo 3/20: {'n_neighbors': 3}
2026-04-30 23:42:23 | DEBUG    | reduction | Scaler fitted on 639 samples, 166 features
2026-04-30 23:42:24 | DEBUG    | reduction | PCA: 166 → 82 components (95% var)
2026-04-30 23:42:24 | INFO     | cross_validation |   Fold 1/5: train=639 (orig=639, aug=0), val=160, acc=60.62%  [0.6s]
2026-04-30 23:42:24 | DEBUG    | reduction | Scaler fitted on 639 samples, 166 features
2026-04-30 23:42:24 | DEBUG    | reduction | PCA: 166 → 83 components (95% var)
2026-04-30 23:42:24 | INFO     | cross_validation |   Fold 2/5: train=639 (orig=639, aug=0), val=160, acc=63.75%  [0.2s]
2026-04-30 23:42:24 | DEBUG    | reduction | Scaler fitted on 639 samples, 166 features
2026-04-30 23:42:24 | DEBUG    | reduction | PCA: 166 → 83 components (95% var)
2026-04-30 23:42:24 | INFO     | cross_validation |   Fold 3/5: train=639 (orig=639, aug=0), val=160, acc=60.62%  [0.4s]
2026-04-30 23:42:24 | DEBUG    | reduction | Scaler fitted on 639 samples, 166 features
2026-04-30 23:42:25 | DEBUG    | reduction | PCA: 166 → 83 components (95% var)
2026-04-30 23:42:25 | INFO     | cross_validation |   Fold 4/5: train=639 (orig=639, aug=0), val=160, acc=59.38%  [0.3s]
2026-04-30 23:42:25 | DEBUG    | reduction | Scaler fitted on 640 samples, 166 features
2026-04-30 23:42:25 | DEBUG    | reduction | PCA: 166 → 82 components (95% var)
2026-04-30 23:42:25 | INFO     | cross_validation |   Fold 5/5: train=640 (orig=640, aug=0), val=159, acc=56.60%  [0.5s]
2026-04-30 23:42:25 | INFO     | cross_validation |   CV result: 60.20% ± 2.31%
2026-04-30 23:42:25 | INFO     | cross_validation |   Combo 4/20: {'n_neighbors': 4}
2026-04-30 23:42:25 | DEBUG    | reduction | Scaler fitted on 639 samples, 166 features
2026-04-30 23:42:25 | DEBUG    | reduction | PCA: 166 → 82 components (95% var)
2026-04-30 23:42:25 | INFO     | cross_validation |   Fold 1/5: train=639 (orig=639, aug=0), val=160, acc=66.25%  [0.2s]
2026-04-30 23:42:25 | DEBUG    | reduction | Scaler fitted on 639 samples, 166 features
2026-04-30 23:42:26 | DEBUG    | reduction | PCA: 166 → 83 components (95% var)
2026-04-30 23:42:26 | INFO     | cross_validation |   Fold 2/5: train=639 (orig=639, aug=0), val=160, acc=61.88%  [0.3s]
2026-04-30 23:42:26 | DEBUG    | reduction | Scaler fitted on 639 samples, 166 features
2026-04-30 23:42:26 | DEBUG    | reduction | PCA: 166 → 83 components (95% var)
2026-04-30 23:42:26 | INFO     | cross_validation |   Fold 3/5: train=639 (orig=639, aug=0), val=160, acc=65.62%  [0.2s]
2026-04-30 23:42:26 | DEBUG    | reduction | Scaler fitted on 639 samples, 166 features
2026-04-30 23:42:26 | DEBUG    | reduction | PCA: 166 → 83 components (95% var)
2026-04-30 23:42:26 | INFO     | cross_validation |   Fold 4/5: train=639 (orig=639, aug=0), val=160, acc=57.50%  [0.2s]
2026-04-30 23:42:26 | DEBUG    | reduction | Scaler fitted on 640 samples, 166 features
2026-04-30 23:42:26 | DEBUG    | reduction | PCA: 166 → 82 components (95% var)
2026-04-30 23:42:27 | INFO     | cross_validation |   Fold 5/5: train=640 (orig=640, aug=0), val=159, acc=57.23%  [0.2s]
2026-04-30 23:42:27 | INFO     | cross_validation |   CV result: 61.70% ± 3.84%
2026-04-30 23:42:27 | INFO     | cross_validation |   Combo 5/20: {'n_neighbors': 5}
2026-04-30 23:42:27 | DEBUG    | reduction | Scaler fitted on 639 samples, 166 features
2026-04-30 23:42:27 | DEBUG    | reduction | PCA: 166 → 82 components (95% var)
2026-04-30 23:42:27 | INFO     | cross_validation |   Fold 1/5: train=639 (orig=639, aug=0), val=160, acc=61.88%  [0.3s]
2026-04-30 23:42:27 | DEBUG    | reduction | Scaler fitted on 639 samples, 166 features
2026-04-30 23:42:27 | DEBUG    | reduction | PCA: 166 → 83 components (95% var)
2026-04-30 23:42:27 | INFO     | cross_validation |   Fold 2/5: train=639 (orig=639, aug=0), val=160, acc=58.13%  [0.4s]
2026-04-30 23:42:27 | DEBUG    | reduction | Scaler fitted on 639 samples, 166 features
2026-04-30 23:42:27 | DEBUG    | reduction | PCA: 166 → 83 components (95% var)
2026-04-30 23:42:28 | INFO     | cross_validation |   Fold 3/5: train=639 (orig=639, aug=0), val=160, acc=61.25%  [0.3s]
2026-04-30 23:42:28 | DEBUG    | reduction | Scaler fitted on 639 samples, 166 features
2026-04-30 23:42:28 | DEBUG    | reduction | PCA: 166 → 83 components (95% var)
2026-04-30 23:42:28 | INFO     | cross_validation |   Fold 4/5: train=639 (orig=639, aug=0), val=160, acc=59.38%  [0.3s]
2026-04-30 23:42:28 | DEBUG    | reduction | Scaler fitted on 640 samples, 166 features
2026-04-30 23:42:28 | DEBUG    | reduction | PCA: 166 → 82 components (95% var)
2026-04-30 23:42:28 | INFO     | cross_validation |   Fold 5/5: train=640 (orig=640, aug=0), val=159, acc=61.64%  [0.2s]
2026-04-30 23:42:28 | INFO     | cross_validation |   CV result: 60.45% ± 1.46%
2026-04-30 23:42:28 | INFO     | cross_validation |   Combo 6/20: {'n_neighbors': 6}
2026-04-30 23:42:28 | DEBUG    | reduction | Scaler fitted on 639 samples, 166 features
2026-04-30 23:42:28 | DEBUG    | reduction | PCA: 166 → 82 components (95% var)
2026-04-30 23:42:28 | INFO     | cross_validation |   Fold 1/5: train=639 (orig=639, aug=0), val=160, acc=65.62%  [0.2s]
2026-04-30 23:42:28 | DEBUG    | reduction | Scaler fitted on 639 samples, 166 features
2026-04-30 23:42:28 | DEBUG    | reduction | PCA: 166 → 83 components (95% var)
2026-04-30 23:42:28 | INFO     | cross_validation |   Fold 2/5: train=639 (orig=639, aug=0), val=160, acc=60.62%  [0.2s]
2026-04-30 23:42:28 | DEBUG    | reduction | Scaler fitted on 639 samples, 166 features
2026-04-30 23:42:29 | DEBUG    | reduction | PCA: 166 → 83 components (95% var)
2026-04-30 23:42:29 | INFO     | cross_validation |   Fold 3/5: train=639 (orig=639, aug=0), val=160, acc=63.12%  [0.2s]
2026-04-30 23:42:29 | DEBUG    | reduction | Scaler fitted on 639 samples, 166 features
2026-04-30 23:42:29 | DEBUG    | reduction | PCA: 166 → 83 components (95% var)
2026-04-30 23:42:29 | INFO     | cross_validation |   Fold 4/5: train=639 (orig=639, aug=0), val=160, acc=58.75%  [0.2s]
2026-04-30 23:42:29 | DEBUG    | reduction | Scaler fitted on 640 samples, 166 features
2026-04-30 23:42:29 | DEBUG    | reduction | PCA: 166 → 82 components (95% var)
2026-04-30 23:42:29 | INFO     | cross_validation |   Fold 5/5: train=640 (orig=640, aug=0), val=159, acc=61.64%  [0.3s]
2026-04-30 23:42:29 | INFO     | cross_validation |   CV result: 61.95% ± 2.32%
2026-04-30 23:42:29 | INFO     | cross_validation |   Combo 7/20: {'n_neighbors': 7}
2026-04-30 23:42:29 | DEBUG    | reduction | Scaler fitted on 639 samples, 166 features
2026-04-30 23:42:29 | DEBUG    | reduction | PCA: 166 → 82 components (95% var)
2026-04-30 23:42:29 | INFO     | cross_validation |   Fold 1/5: train=639 (orig=639, aug=0), val=160, acc=64.38%  [0.3s]
2026-04-30 23:42:29 | DEBUG    | reduction | Scaler fitted on 639 samples, 166 features
2026-04-30 23:42:30 | DEBUG    | reduction | PCA: 166 → 83 components (95% var)
2026-04-30 23:42:30 | INFO     | cross_validation |   Fold 2/5: train=639 (orig=639, aug=0), val=160, acc=61.88%  [0.4s]
2026-04-30 23:42:30 | DEBUG    | reduction | Scaler fitted on 639 samples, 166 features
2026-04-30 23:42:30 | DEBUG    | reduction | PCA: 166 → 83 components (95% var)
2026-04-30 23:42:30 | INFO     | cross_validation |   Fold 3/5: train=639 (orig=639, aug=0), val=160, acc=63.12%  [0.3s]
2026-04-30 23:42:30 | DEBUG    | reduction | Scaler fitted on 639 samples, 166 features
2026-04-30 23:42:30 | DEBUG    | reduction | PCA: 166 → 83 components (95% var)
2026-04-30 23:42:30 | INFO     | cross_validation |   Fold 4/5: train=639 (orig=639, aug=0), val=160, acc=60.00%  [0.3s]
2026-04-30 23:42:30 | DEBUG    | reduction | Scaler fitted on 640 samples, 166 features
2026-04-30 23:42:31 | DEBUG    | reduction | PCA: 166 → 82 components (95% var)
2026-04-30 23:42:31 | INFO     | cross_validation |   Fold 5/5: train=640 (orig=640, aug=0), val=159, acc=63.52%  [0.2s]
2026-04-30 23:42:31 | INFO     | cross_validation |   CV result: 62.58% ± 1.52%
2026-04-30 23:42:31 | INFO     | cross_validation |   Combo 8/20: {'n_neighbors': 8}
2026-04-30 23:42:31 | DEBUG    | reduction | Scaler fitted on 639 samples, 166 features
2026-04-30 23:42:31 | DEBUG    | reduction | PCA: 166 → 82 components (95% var)
2026-04-30 23:42:31 | INFO     | cross_validation |   Fold 1/5: train=639 (orig=639, aug=0), val=160, acc=65.00%  [0.3s]
2026-04-30 23:42:31 | DEBUG    | reduction | Scaler fitted on 639 samples, 166 features
2026-04-30 23:42:31 | DEBUG    | reduction | PCA: 166 → 83 components (95% var)
2026-04-30 23:42:31 | INFO     | cross_validation |   Fold 2/5: train=639 (orig=639, aug=0), val=160, acc=65.62%  [0.3s]
2026-04-30 23:42:31 | DEBUG    | reduction | Scaler fitted on 639 samples, 166 features
2026-04-30 23:42:32 | DEBUG    | reduction | PCA: 166 → 83 components (95% var)
2026-04-30 23:42:32 | INFO     | cross_validation |   Fold 3/5: train=639 (orig=639, aug=0), val=160, acc=61.25%  [0.3s]
2026-04-30 23:42:32 | DEBUG    | reduction | Scaler fitted on 639 samples, 166 features
2026-04-30 23:42:32 | DEBUG    | reduction | PCA: 166 → 83 components (95% var)
2026-04-30 23:42:32 | INFO     | cross_validation |   Fold 4/5: train=639 (orig=639, aug=0), val=160, acc=60.62%  [0.3s]
2026-04-30 23:42:32 | DEBUG    | reduction | Scaler fitted on 640 samples, 166 features
2026-04-30 23:42:32 | DEBUG    | reduction | PCA: 166 → 82 components (95% var)
2026-04-30 23:42:32 | INFO     | cross_validation |   Fold 5/5: train=640 (orig=640, aug=0), val=159, acc=66.04%  [0.3s]
2026-04-30 23:42:32 | INFO     | cross_validation |   CV result: 63.71% ± 2.29%
2026-04-30 23:42:32 | INFO     | cross_validation |   Combo 9/20: {'n_neighbors': 9}
2026-04-30 23:42:32 | DEBUG    | reduction | Scaler fitted on 639 samples, 166 features
2026-04-30 23:42:32 | DEBUG    | reduction | PCA: 166 → 82 components (95% var)
2026-04-30 23:42:33 | INFO     | cross_validation |   Fold 1/5: train=639 (orig=639, aug=0), val=160, acc=65.62%  [0.4s]
2026-04-30 23:42:33 | DEBUG    | reduction | Scaler fitted on 639 samples, 166 features
2026-04-30 23:42:33 | DEBUG    | reduction | PCA: 166 → 83 components (95% var)
2026-04-30 23:42:33 | INFO     | cross_validation |   Fold 2/5: train=639 (orig=639, aug=0), val=160, acc=64.38%  [0.2s]
2026-04-30 23:42:33 | DEBUG    | reduction | Scaler fitted on 639 samples, 166 features
2026-04-30 23:42:33 | DEBUG    | reduction | PCA: 166 → 83 components (95% var)
2026-04-30 23:42:33 | INFO     | cross_validation |   Fold 3/5: train=639 (orig=639, aug=0), val=160, acc=65.62%  [0.2s]
2026-04-30 23:42:33 | DEBUG    | reduction | Scaler fitted on 639 samples, 166 features
2026-04-30 23:42:33 | DEBUG    | reduction | PCA: 166 → 83 components (95% var)
2026-04-30 23:42:33 | INFO     | cross_validation |   Fold 4/5: train=639 (orig=639, aug=0), val=160, acc=58.75%  [0.3s]
2026-04-30 23:42:33 | DEBUG    | reduction | Scaler fitted on 640 samples, 166 features
2026-04-30 23:42:33 | DEBUG    | reduction | PCA: 166 → 82 components (95% var)
2026-04-30 23:42:33 | INFO     | cross_validation |   Fold 5/5: train=640 (orig=640, aug=0), val=159, acc=62.26%  [0.2s]
2026-04-30 23:42:33 | INFO     | cross_validation |   CV result: 63.33% ± 2.60%
2026-04-30 23:42:33 | INFO     | cross_validation |   Combo 10/20: {'n_neighbors': 10}
2026-04-30 23:42:33 | DEBUG    | reduction | Scaler fitted on 639 samples, 166 features
2026-04-30 23:42:34 | DEBUG    | reduction | PCA: 166 → 82 components (95% var)
2026-04-30 23:42:34 | INFO     | cross_validation |   Fold 1/5: train=639 (orig=639, aug=0), val=160, acc=70.00%  [0.3s]
2026-04-30 23:42:34 | DEBUG    | reduction | Scaler fitted on 639 samples, 166 features
2026-04-30 23:42:34 | DEBUG    | reduction | PCA: 166 → 83 components (95% var)
2026-04-30 23:42:34 | INFO     | cross_validation |   Fold 2/5: train=639 (orig=639, aug=0), val=160, acc=63.12%  [0.2s]
2026-04-30 23:42:34 | DEBUG    | reduction | Scaler fitted on 639 samples, 166 features
2026-04-30 23:42:34 | DEBUG    | reduction | PCA: 166 → 83 components (95% var)
2026-04-30 23:42:34 | INFO     | cross_validation |   Fold 3/5: train=639 (orig=639, aug=0), val=160, acc=65.00%  [0.3s]
2026-04-30 23:42:34 | DEBUG    | reduction | Scaler fitted on 639 samples, 166 features
2026-04-30 23:42:34 | DEBUG    | reduction | PCA: 166 → 83 components (95% var)
2026-04-30 23:42:34 | INFO     | cross_validation |   Fold 4/5: train=639 (orig=639, aug=0), val=160, acc=58.75%  [0.2s]
2026-04-30 23:42:34 | DEBUG    | reduction | Scaler fitted on 640 samples, 166 features
2026-04-30 23:42:34 | DEBUG    | reduction | PCA: 166 → 82 components (95% var)
2026-04-30 23:42:35 | INFO     | cross_validation |   Fold 5/5: train=640 (orig=640, aug=0), val=159, acc=62.26%  [0.2s]
2026-04-30 23:42:35 | INFO     | cross_validation |   CV result: 63.83% ± 3.69%
2026-04-30 23:42:35 | INFO     | cross_validation |   Combo 11/20: {'n_neighbors': 11}
2026-04-30 23:42:35 | DEBUG    | reduction | Scaler fitted on 639 samples, 166 features
2026-04-30 23:42:35 | DEBUG    | reduction | PCA: 166 → 82 components (95% var)
2026-04-30 23:42:35 | INFO     | cross_validation |   Fold 1/5: train=639 (orig=639, aug=0), val=160, acc=66.25%  [0.2s]
2026-04-30 23:42:35 | DEBUG    | reduction | Scaler fitted on 639 samples, 166 features
2026-04-30 23:42:35 | DEBUG    | reduction | PCA: 166 → 83 components (95% var)
2026-04-30 23:42:35 | INFO     | cross_validation |   Fold 2/5: train=639 (orig=639, aug=0), val=160, acc=62.50%  [0.3s]
2026-04-30 23:42:35 | DEBUG    | reduction | Scaler fitted on 639 samples, 166 features
2026-04-30 23:42:35 | DEBUG    | reduction | PCA: 166 → 83 components (95% var)
2026-04-30 23:42:35 | INFO     | cross_validation |   Fold 3/5: train=639 (orig=639, aug=0), val=160, acc=65.62%  [0.3s]
2026-04-30 23:42:35 | DEBUG    | reduction | Scaler fitted on 639 samples, 166 features
2026-04-30 23:42:36 | DEBUG    | reduction | PCA: 166 → 83 components (95% var)
2026-04-30 23:42:36 | INFO     | cross_validation |   Fold 4/5: train=639 (orig=639, aug=0), val=160, acc=61.88%  [0.2s]
2026-04-30 23:42:36 | DEBUG    | reduction | Scaler fitted on 640 samples, 166 features
2026-04-30 23:42:36 | DEBUG    | reduction | PCA: 166 → 82 components (95% var)
2026-04-30 23:42:36 | INFO     | cross_validation |   Fold 5/5: train=640 (orig=640, aug=0), val=159, acc=61.01%  [0.5s]
2026-04-30 23:42:36 | INFO     | cross_validation |   CV result: 63.45% ± 2.09%
2026-04-30 23:42:36 | INFO     | cross_validation |   Combo 12/20: {'n_neighbors': 12}
2026-04-30 23:42:36 | DEBUG    | reduction | Scaler fitted on 639 samples, 166 features
2026-04-30 23:42:36 | DEBUG    | reduction | PCA: 166 → 82 components (95% var)
2026-04-30 23:42:36 | INFO     | cross_validation |   Fold 1/5: train=639 (orig=639, aug=0), val=160, acc=65.62%  [0.3s]
2026-04-30 23:42:36 | DEBUG    | reduction | Scaler fitted on 639 samples, 166 features
2026-04-30 23:42:37 | DEBUG    | reduction | PCA: 166 → 83 components (95% var)
2026-04-30 23:42:37 | INFO     | cross_validation |   Fold 2/5: train=639 (orig=639, aug=0), val=160, acc=64.38%  [0.4s]
2026-04-30 23:42:37 | DEBUG    | reduction | Scaler fitted on 639 samples, 166 features
2026-04-30 23:42:37 | DEBUG    | reduction | PCA: 166 → 83 components (95% var)
2026-04-30 23:42:37 | INFO     | cross_validation |   Fold 3/5: train=639 (orig=639, aug=0), val=160, acc=64.38%  [0.2s]
2026-04-30 23:42:37 | DEBUG    | reduction | Scaler fitted on 639 samples, 166 features
2026-04-30 23:42:37 | DEBUG    | reduction | PCA: 166 → 83 components (95% var)
2026-04-30 23:42:37 | INFO     | cross_validation |   Fold 4/5: train=639 (orig=639, aug=0), val=160, acc=63.75%  [0.3s]
2026-04-30 23:42:37 | DEBUG    | reduction | Scaler fitted on 640 samples, 166 features
2026-04-30 23:42:38 | DEBUG    | reduction | PCA: 166 → 82 components (95% var)
2026-04-30 23:42:38 | INFO     | cross_validation |   Fold 5/5: train=640 (orig=640, aug=0), val=159, acc=60.38%  [0.3s]
2026-04-30 23:42:38 | INFO     | cross_validation |   CV result: 63.70% ± 1.77%
2026-04-30 23:42:38 | INFO     | cross_validation |   Combo 13/20: {'n_neighbors': 13}
2026-04-30 23:42:38 | DEBUG    | reduction | Scaler fitted on 639 samples, 166 features
2026-04-30 23:42:38 | DEBUG    | reduction | PCA: 166 → 82 components (95% var)
2026-04-30 23:42:38 | INFO     | cross_validation |   Fold 1/5: train=639 (orig=639, aug=0), val=160, acc=66.25%  [0.3s]
2026-04-30 23:42:38 | DEBUG    | reduction | Scaler fitted on 639 samples, 166 features
2026-04-30 23:42:38 | DEBUG    | reduction | PCA: 166 → 83 components (95% var)
2026-04-30 23:42:38 | INFO     | cross_validation |   Fold 2/5: train=639 (orig=639, aug=0), val=160, acc=63.12%  [0.3s]
2026-04-30 23:42:38 | DEBUG    | reduction | Scaler fitted on 639 samples, 166 features
2026-04-30 23:42:38 | DEBUG    | reduction | PCA: 166 → 83 components (95% var)
2026-04-30 23:42:39 | INFO     | cross_validation |   Fold 3/5: train=639 (orig=639, aug=0), val=160, acc=64.38%  [0.3s]
2026-04-30 23:42:39 | DEBUG    | reduction | Scaler fitted on 639 samples, 166 features
2026-04-30 23:42:39 | DEBUG    | reduction | PCA: 166 → 83 components (95% var)
2026-04-30 23:42:39 | INFO     | cross_validation |   Fold 4/5: train=639 (orig=639, aug=0), val=160, acc=61.88%  [0.3s]
2026-04-30 23:42:39 | DEBUG    | reduction | Scaler fitted on 640 samples, 166 features
2026-04-30 23:42:39 | DEBUG    | reduction | PCA: 166 → 82 components (95% var)
2026-04-30 23:42:39 | INFO     | cross_validation |   Fold 5/5: train=640 (orig=640, aug=0), val=159, acc=64.78%  [0.4s]
2026-04-30 23:42:39 | INFO     | cross_validation |   CV result: 64.08% ± 1.49%
2026-04-30 23:42:39 | INFO     | cross_validation |   Combo 14/20: {'n_neighbors': 14}
2026-04-30 23:42:39 | DEBUG    | reduction | Scaler fitted on 639 samples, 166 features
2026-04-30 23:42:39 | DEBUG    | reduction | PCA: 166 → 82 components (95% var)
2026-04-30 23:42:40 | INFO     | cross_validation |   Fold 1/5: train=639 (orig=639, aug=0), val=160, acc=67.50%  [0.2s]
2026-04-30 23:42:40 | DEBUG    | reduction | Scaler fitted on 639 samples, 166 features
2026-04-30 23:42:40 | DEBUG    | reduction | PCA: 166 → 83 components (95% var)
2026-04-30 23:42:40 | INFO     | cross_validation |   Fold 2/5: train=639 (orig=639, aug=0), val=160, acc=63.12%  [0.3s]
2026-04-30 23:42:40 | DEBUG    | reduction | Scaler fitted on 639 samples, 166 features
2026-04-30 23:42:40 | DEBUG    | reduction | PCA: 166 → 83 components (95% var)
2026-04-30 23:42:40 | INFO     | cross_validation |   Fold 3/5: train=639 (orig=639, aug=0), val=160, acc=63.12%  [0.3s]
2026-04-30 23:42:40 | DEBUG    | reduction | Scaler fitted on 639 samples, 166 features
2026-04-30 23:42:40 | DEBUG    | reduction | PCA: 166 → 83 components (95% var)
2026-04-30 23:42:40 | INFO     | cross_validation |   Fold 4/5: train=639 (orig=639, aug=0), val=160, acc=63.12%  [0.3s]
2026-04-30 23:42:40 | DEBUG    | reduction | Scaler fitted on 640 samples, 166 features
2026-04-30 23:42:41 | DEBUG    | reduction | PCA: 166 → 82 components (95% var)
2026-04-30 23:42:41 | INFO     | cross_validation |   Fold 5/5: train=640 (orig=640, aug=0), val=159, acc=62.26%  [0.3s]
2026-04-30 23:42:41 | INFO     | cross_validation |   CV result: 63.83% ± 1.87%
2026-04-30 23:42:41 | INFO     | cross_validation |   Combo 15/20: {'n_neighbors': 15}
2026-04-30 23:42:41 | DEBUG    | reduction | Scaler fitted on 639 samples, 166 features
2026-04-30 23:42:41 | DEBUG    | reduction | PCA: 166 → 82 components (95% var)
2026-04-30 23:42:41 | INFO     | cross_validation |   Fold 1/5: train=639 (orig=639, aug=0), val=160, acc=67.50%  [0.2s]
2026-04-30 23:42:41 | DEBUG    | reduction | Scaler fitted on 639 samples, 166 features
2026-04-30 23:42:41 | DEBUG    | reduction | PCA: 166 → 83 components (95% var)
2026-04-30 23:42:41 | INFO     | cross_validation |   Fold 2/5: train=639 (orig=639, aug=0), val=160, acc=63.75%  [0.2s]
2026-04-30 23:42:41 | DEBUG    | reduction | Scaler fitted on 639 samples, 166 features
2026-04-30 23:42:41 | DEBUG    | reduction | PCA: 166 → 83 components (95% var)
2026-04-30 23:42:41 | INFO     | cross_validation |   Fold 3/5: train=639 (orig=639, aug=0), val=160, acc=61.25%  [0.3s]
2026-04-30 23:42:41 | DEBUG    | reduction | Scaler fitted on 639 samples, 166 features
2026-04-30 23:42:42 | DEBUG    | reduction | PCA: 166 → 83 components (95% var)
2026-04-30 23:42:42 | INFO     | cross_validation |   Fold 4/5: train=639 (orig=639, aug=0), val=160, acc=62.50%  [0.3s]
2026-04-30 23:42:42 | DEBUG    | reduction | Scaler fitted on 640 samples, 166 features
2026-04-30 23:42:42 | DEBUG    | reduction | PCA: 166 → 82 components (95% var)
2026-04-30 23:42:42 | INFO     | cross_validation |   Fold 5/5: train=640 (orig=640, aug=0), val=159, acc=62.26%  [0.2s]
2026-04-30 23:42:42 | INFO     | cross_validation |   CV result: 63.45% ± 2.17%
2026-04-30 23:42:42 | INFO     | cross_validation |   Combo 16/20: {'n_neighbors': 16}
2026-04-30 23:42:42 | DEBUG    | reduction | Scaler fitted on 639 samples, 166 features
2026-04-30 23:42:42 | DEBUG    | reduction | PCA: 166 → 82 components (95% var)
2026-04-30 23:42:42 | INFO     | cross_validation |   Fold 1/5: train=639 (orig=639, aug=0), val=160, acc=68.12%  [0.2s]
2026-04-30 23:42:42 | DEBUG    | reduction | Scaler fitted on 639 samples, 166 features
2026-04-30 23:42:43 | DEBUG    | reduction | PCA: 166 → 83 components (95% var)
2026-04-30 23:42:43 | INFO     | cross_validation |   Fold 2/5: train=639 (orig=639, aug=0), val=160, acc=66.25%  [0.5s]
2026-04-30 23:42:43 | DEBUG    | reduction | Scaler fitted on 639 samples, 166 features
2026-04-30 23:42:43 | DEBUG    | reduction | PCA: 166 → 83 components (95% var)
2026-04-30 23:42:43 | INFO     | cross_validation |   Fold 3/5: train=639 (orig=639, aug=0), val=160, acc=60.62%  [0.3s]
2026-04-30 23:42:43 | DEBUG    | reduction | Scaler fitted on 639 samples, 166 features
2026-04-30 23:42:43 | DEBUG    | reduction | PCA: 166 → 83 components (95% var)
2026-04-30 23:42:43 | INFO     | cross_validation |   Fold 4/5: train=639 (orig=639, aug=0), val=160, acc=60.00%  [0.3s]
2026-04-30 23:42:43 | DEBUG    | reduction | Scaler fitted on 640 samples, 166 features
2026-04-30 23:42:43 | DEBUG    | reduction | PCA: 166 → 82 components (95% var)
2026-04-30 23:42:43 | INFO     | cross_validation |   Fold 5/5: train=640 (orig=640, aug=0), val=159, acc=60.38%  [0.2s]
2026-04-30 23:42:43 | INFO     | cross_validation |   CV result: 63.08% ± 3.42%
2026-04-30 23:42:43 | INFO     | cross_validation |   Combo 17/20: {'n_neighbors': 17}
2026-04-30 23:42:43 | DEBUG    | reduction | Scaler fitted on 639 samples, 166 features
2026-04-30 23:42:44 | DEBUG    | reduction | PCA: 166 → 82 components (95% var)
2026-04-30 23:42:44 | INFO     | cross_validation |   Fold 1/5: train=639 (orig=639, aug=0), val=160, acc=66.25%  [0.3s]
2026-04-30 23:42:44 | DEBUG    | reduction | Scaler fitted on 639 samples, 166 features
2026-04-30 23:42:48 | DEBUG    | reduction | PCA: 166 → 83 components (95% var)
2026-04-30 23:42:48 | INFO     | cross_validation |   Fold 2/5: train=639 (orig=639, aug=0), val=160, acc=63.12%  [0.3s]
2026-04-30 23:42:48 | DEBUG    | reduction | Scaler fitted on 639 samples, 166 features
2026-04-30 23:42:48 | DEBUG    | reduction | PCA: 166 → 83 components (95% var)
2026-04-30 23:42:48 | INFO     | cross_validation |   Fold 3/5: train=639 (orig=639, aug=0), val=160, acc=61.88%  [0.4s]
2026-04-30 23:42:48 | DEBUG    | reduction | Scaler fitted on 639 samples, 166 features
2026-04-30 23:42:48 | DEBUG    | reduction | PCA: 166 → 83 components (95% var)
2026-04-30 23:42:48 | INFO     | cross_validation |   Fold 4/5: train=639 (orig=639, aug=0), val=160, acc=61.88%  [0.2s]
2026-04-30 23:42:48 | DEBUG    | reduction | Scaler fitted on 640 samples, 166 features
2026-04-30 23:42:49 | DEBUG    | reduction | PCA: 166 → 82 components (95% var)
2026-04-30 23:42:49 | INFO     | cross_validation |   Fold 5/5: train=640 (orig=640, aug=0), val=159, acc=58.49%  [0.3s]
2026-04-30 23:42:49 | INFO     | cross_validation |   CV result: 62.32% ± 2.50%
2026-04-30 23:42:49 | INFO     | cross_validation |   Combo 18/20: {'n_neighbors': 18}
2026-04-30 23:42:49 | DEBUG    | reduction | Scaler fitted on 639 samples, 166 features
2026-04-30 23:42:49 | DEBUG    | reduction | PCA: 166 → 82 components (95% var)
2026-04-30 23:42:49 | INFO     | cross_validation |   Fold 1/5: train=639 (orig=639, aug=0), val=160, acc=66.88%  [0.2s]
2026-04-30 23:42:49 | DEBUG    | reduction | Scaler fitted on 639 samples, 166 features
2026-04-30 23:42:49 | DEBUG    | reduction | PCA: 166 → 83 components (95% var)
2026-04-30 23:42:49 | INFO     | cross_validation |   Fold 2/5: train=639 (orig=639, aug=0), val=160, acc=64.38%  [0.2s]
2026-04-30 23:42:49 | DEBUG    | reduction | Scaler fitted on 639 samples, 166 features
2026-04-30 23:42:49 | DEBUG    | reduction | PCA: 166 → 83 components (95% var)
2026-04-30 23:42:50 | INFO     | cross_validation |   Fold 3/5: train=639 (orig=639, aug=0), val=160, acc=62.50%  [0.4s]
2026-04-30 23:42:50 | DEBUG    | reduction | Scaler fitted on 639 samples, 166 features
2026-04-30 23:42:50 | DEBUG    | reduction | PCA: 166 → 83 components (95% var)
2026-04-30 23:42:50 | INFO     | cross_validation |   Fold 4/5: train=639 (orig=639, aug=0), val=160, acc=61.25%  [0.2s]
2026-04-30 23:42:50 | DEBUG    | reduction | Scaler fitted on 640 samples, 166 features
2026-04-30 23:42:50 | DEBUG    | reduction | PCA: 166 → 82 components (95% var)
2026-04-30 23:42:50 | INFO     | cross_validation |   Fold 5/5: train=640 (orig=640, aug=0), val=159, acc=61.64%  [0.2s]
2026-04-30 23:42:50 | INFO     | cross_validation |   CV result: 63.33% ± 2.08%
2026-04-30 23:42:50 | INFO     | cross_validation |   Combo 19/20: {'n_neighbors': 19}
2026-04-30 23:42:50 | DEBUG    | reduction | Scaler fitted on 639 samples, 166 features
2026-04-30 23:42:50 | DEBUG    | reduction | PCA: 166 → 82 components (95% var)
2026-04-30 23:42:50 | INFO     | cross_validation |   Fold 1/5: train=639 (orig=639, aug=0), val=160, acc=66.25%  [0.4s]
2026-04-30 23:42:50 | DEBUG    | reduction | Scaler fitted on 639 samples, 166 features
2026-04-30 23:42:51 | DEBUG    | reduction | PCA: 166 → 83 components (95% var)
2026-04-30 23:42:51 | INFO     | cross_validation |   Fold 2/5: train=639 (orig=639, aug=0), val=160, acc=61.25%  [0.3s]
2026-04-30 23:42:51 | DEBUG    | reduction | Scaler fitted on 639 samples, 166 features
2026-04-30 23:42:51 | DEBUG    | reduction | PCA: 166 → 83 components (95% var)
2026-04-30 23:42:51 | INFO     | cross_validation |   Fold 3/5: train=639 (orig=639, aug=0), val=160, acc=61.88%  [0.2s]
2026-04-30 23:42:51 | DEBUG    | reduction | Scaler fitted on 639 samples, 166 features
2026-04-30 23:42:51 | DEBUG    | reduction | PCA: 166 → 83 components (95% var)
2026-04-30 23:42:51 | INFO     | cross_validation |   Fold 4/5: train=639 (orig=639, aug=0), val=160, acc=62.50%  [0.3s]
2026-04-30 23:42:51 | DEBUG    | reduction | Scaler fitted on 640 samples, 166 features
2026-04-30 23:42:51 | DEBUG    | reduction | PCA: 166 → 82 components (95% var)
2026-04-30 23:42:51 | INFO     | cross_validation |   Fold 5/5: train=640 (orig=640, aug=0), val=159, acc=59.75%  [0.3s]
2026-04-30 23:42:51 | INFO     | cross_validation |   CV result: 62.32% ± 2.16%
2026-04-30 23:42:51 | INFO     | cross_validation |   Combo 20/20: {'n_neighbors': 20}
2026-04-30 23:42:51 | DEBUG    | reduction | Scaler fitted on 639 samples, 166 features
2026-04-30 23:42:52 | DEBUG    | reduction | PCA: 166 → 82 components (95% var)
2026-04-30 23:42:52 | INFO     | cross_validation |   Fold 1/5: train=639 (orig=639, aug=0), val=160, acc=65.62%  [0.2s]
2026-04-30 23:42:52 | DEBUG    | reduction | Scaler fitted on 639 samples, 166 features
2026-04-30 23:42:52 | DEBUG    | reduction | PCA: 166 → 83 components (95% var)
2026-04-30 23:42:52 | INFO     | cross_validation |   Fold 2/5: train=639 (orig=639, aug=0), val=160, acc=61.88%  [0.2s]
2026-04-30 23:42:52 | DEBUG    | reduction | Scaler fitted on 639 samples, 166 features
2026-04-30 23:42:52 | DEBUG    | reduction | PCA: 166 → 83 components (95% var)
2026-04-30 23:42:52 | INFO     | cross_validation |   Fold 3/5: train=639 (orig=639, aug=0), val=160, acc=62.50%  [0.3s]
2026-04-30 23:42:52 | DEBUG    | reduction | Scaler fitted on 639 samples, 166 features
2026-04-30 23:42:52 | DEBUG    | reduction | PCA: 166 → 83 components (95% var)
2026-04-30 23:42:52 | INFO     | cross_validation |   Fold 4/5: train=639 (orig=639, aug=0), val=160, acc=63.12%  [0.2s]
2026-04-30 23:42:52 | DEBUG    | reduction | Scaler fitted on 640 samples, 166 features
2026-04-30 23:42:52 | DEBUG    | reduction | PCA: 166 → 82 components (95% var)
2026-04-30 23:42:53 | INFO     | cross_validation |   Fold 5/5: train=640 (orig=640, aug=0), val=159, acc=57.86%  [0.3s]
2026-04-30 23:42:53 | INFO     | cross_validation |   CV result: 62.20% ± 2.51%
2026-04-30 23:42:53 | INFO     | cross_validation |   Best params: {'n_neighbors': 13}
2026-04-30 23:42:53 | INFO     | cross_validation |   Best CV: 64.08% ± 1.49%
2026-04-30 23:42:53 | INFO     | cross_validation | ✓ grid_search_cv finished in 29.2s
2026-04-30 23:42:53 | INFO     | main | ────────────────────────────────────────────────────────────
2026-04-30 23:42:53 | INFO     | main |   KNN [lda, aug]
2026-04-30 23:42:53 | INFO     | main | ────────────────────────────────────────────────────────────
2026-04-30 23:42:53 | INFO     | cross_validation | → grid_search_cv started
2026-04-30 23:42:53 | INFO     | cross_validation | Grid search: 20 parameter combinations × 5 folds
2026-04-30 23:42:53 | INFO     | cross_validation |   Combo 1/20: {'n_neighbors': 1}
2026-04-30 23:42:53 | DEBUG    | reduction | Scaler fitted on 639 samples, 166 features
2026-04-30 23:42:53 | DEBUG    | reduction | LDA: 166 → 9 discriminant components
2026-04-30 23:42:53 | INFO     | cross_validation |   Fold 1/5: train=1917 (orig=639, aug=1278), val=160, acc=68.12%  [0.3s]
2026-04-30 23:42:53 | DEBUG    | reduction | Scaler fitted on 639 samples, 166 features
2026-04-30 23:42:53 | DEBUG    | reduction | LDA: 166 → 9 discriminant components
2026-04-30 23:42:53 | INFO     | cross_validation |   Fold 2/5: train=1917 (orig=639, aug=1278), val=160, acc=66.25%  [0.6s]
2026-04-30 23:42:53 | DEBUG    | reduction | Scaler fitted on 639 samples, 166 features
2026-04-30 23:42:54 | DEBUG    | reduction | LDA: 166 → 9 discriminant components
2026-04-30 23:42:54 | INFO     | cross_validation |   Fold 3/5: train=1917 (orig=639, aug=1278), val=160, acc=68.12%  [0.4s]
2026-04-30 23:42:54 | DEBUG    | reduction | Scaler fitted on 639 samples, 166 features
2026-04-30 23:42:54 | DEBUG    | reduction | LDA: 166 → 9 discriminant components
2026-04-30 23:42:54 | INFO     | cross_validation |   Fold 4/5: train=1917 (orig=639, aug=1278), val=160, acc=72.50%  [0.4s]
2026-04-30 23:42:54 | DEBUG    | reduction | Scaler fitted on 640 samples, 166 features
2026-04-30 23:42:54 | DEBUG    | reduction | LDA: 166 → 9 discriminant components
2026-04-30 23:42:54 | INFO     | cross_validation |   Fold 5/5: train=1920 (orig=640, aug=1280), val=159, acc=71.70%  [0.1s]
2026-04-30 23:42:54 | INFO     | cross_validation |   CV result: 69.34% ± 2.37%
2026-04-30 23:42:54 | INFO     | cross_validation |   Combo 2/20: {'n_neighbors': 2}
2026-04-30 23:42:54 | DEBUG    | reduction | Scaler fitted on 639 samples, 166 features
2026-04-30 23:42:55 | DEBUG    | reduction | LDA: 166 → 9 discriminant components
2026-04-30 23:42:55 | INFO     | cross_validation |   Fold 1/5: train=1917 (orig=639, aug=1278), val=160, acc=64.38%  [0.2s]
2026-04-30 23:42:55 | DEBUG    | reduction | Scaler fitted on 639 samples, 166 features
2026-04-30 23:42:55 | DEBUG    | reduction | LDA: 166 → 9 discriminant components
2026-04-30 23:42:55 | INFO     | cross_validation |   Fold 2/5: train=1917 (orig=639, aug=1278), val=160, acc=65.62%  [0.4s]
2026-04-30 23:42:55 | DEBUG    | reduction | Scaler fitted on 639 samples, 166 features
2026-04-30 23:42:55 | DEBUG    | reduction | LDA: 166 → 9 discriminant components
2026-04-30 23:42:55 | INFO     | cross_validation |   Fold 3/5: train=1917 (orig=639, aug=1278), val=160, acc=71.88%  [0.5s]
2026-04-30 23:42:55 | DEBUG    | reduction | Scaler fitted on 639 samples, 166 features
2026-04-30 23:42:56 | DEBUG    | reduction | LDA: 166 → 9 discriminant components
2026-04-30 23:42:56 | INFO     | cross_validation |   Fold 4/5: train=1917 (orig=639, aug=1278), val=160, acc=71.25%  [0.4s]
2026-04-30 23:42:56 | DEBUG    | reduction | Scaler fitted on 640 samples, 166 features
2026-04-30 23:42:56 | DEBUG    | reduction | LDA: 166 → 9 discriminant components
2026-04-30 23:42:56 | INFO     | cross_validation |   Fold 5/5: train=1920 (orig=640, aug=1280), val=159, acc=71.07%  [0.2s]
2026-04-30 23:42:56 | INFO     | cross_validation |   CV result: 68.84% ± 3.17%
2026-04-30 23:42:56 | INFO     | cross_validation |   Combo 3/20: {'n_neighbors': 3}
2026-04-30 23:42:56 | DEBUG    | reduction | Scaler fitted on 639 samples, 166 features
2026-04-30 23:42:56 | DEBUG    | reduction | LDA: 166 → 9 discriminant components
2026-04-30 23:42:56 | INFO     | cross_validation |   Fold 1/5: train=1917 (orig=639, aug=1278), val=160, acc=68.12%  [0.5s]
2026-04-30 23:42:56 | DEBUG    | reduction | Scaler fitted on 639 samples, 166 features
2026-04-30 23:42:57 | DEBUG    | reduction | LDA: 166 → 9 discriminant components
2026-04-30 23:42:57 | INFO     | cross_validation |   Fold 2/5: train=1917 (orig=639, aug=1278), val=160, acc=66.25%  [0.5s]
2026-04-30 23:42:57 | DEBUG    | reduction | Scaler fitted on 639 samples, 166 features
2026-04-30 23:42:57 | DEBUG    | reduction | LDA: 166 → 9 discriminant components
2026-04-30 23:42:57 | INFO     | cross_validation |   Fold 3/5: train=1917 (orig=639, aug=1278), val=160, acc=71.88%  [0.4s]
2026-04-30 23:42:57 | DEBUG    | reduction | Scaler fitted on 639 samples, 166 features
2026-04-30 23:42:58 | DEBUG    | reduction | LDA: 166 → 9 discriminant components
2026-04-30 23:42:58 | INFO     | cross_validation |   Fold 4/5: train=1917 (orig=639, aug=1278), val=160, acc=75.62%  [0.3s]
2026-04-30 23:42:58 | DEBUG    | reduction | Scaler fitted on 640 samples, 166 features
2026-04-30 23:42:58 | DEBUG    | reduction | LDA: 166 → 9 discriminant components
2026-04-30 23:42:58 | INFO     | cross_validation |   Fold 5/5: train=1920 (orig=640, aug=1280), val=159, acc=72.33%  [0.4s]
2026-04-30 23:42:58 | INFO     | cross_validation |   CV result: 70.84% ± 3.31%
2026-04-30 23:42:58 | INFO     | cross_validation |   Combo 4/20: {'n_neighbors': 4}
2026-04-30 23:42:58 | DEBUG    | reduction | Scaler fitted on 639 samples, 166 features
2026-04-30 23:42:58 | DEBUG    | reduction | LDA: 166 → 9 discriminant components
2026-04-30 23:42:58 | INFO     | cross_validation |   Fold 1/5: train=1917 (orig=639, aug=1278), val=160, acc=65.00%  [0.3s]
2026-04-30 23:42:58 | DEBUG    | reduction | Scaler fitted on 639 samples, 166 features
2026-04-30 23:42:59 | DEBUG    | reduction | LDA: 166 → 9 discriminant components
2026-04-30 23:42:59 | INFO     | cross_validation |   Fold 2/5: train=1917 (orig=639, aug=1278), val=160, acc=68.75%  [0.3s]
2026-04-30 23:42:59 | DEBUG    | reduction | Scaler fitted on 639 samples, 166 features
2026-04-30 23:42:59 | DEBUG    | reduction | LDA: 166 → 9 discriminant components
2026-04-30 23:42:59 | INFO     | cross_validation |   Fold 3/5: train=1917 (orig=639, aug=1278), val=160, acc=73.12%  [0.2s]
2026-04-30 23:42:59 | DEBUG    | reduction | Scaler fitted on 639 samples, 166 features
2026-04-30 23:42:59 | DEBUG    | reduction | LDA: 166 → 9 discriminant components
2026-04-30 23:42:59 | INFO     | cross_validation |   Fold 4/5: train=1917 (orig=639, aug=1278), val=160, acc=73.12%  [0.4s]
2026-04-30 23:42:59 | DEBUG    | reduction | Scaler fitted on 640 samples, 166 features
2026-04-30 23:43:00 | DEBUG    | reduction | LDA: 166 → 9 discriminant components
2026-04-30 23:43:00 | INFO     | cross_validation |   Fold 5/5: train=1920 (orig=640, aug=1280), val=159, acc=72.96%  [0.4s]
2026-04-30 23:43:00 | INFO     | cross_validation |   CV result: 70.59% ± 3.26%
2026-04-30 23:43:00 | INFO     | cross_validation |   Combo 5/20: {'n_neighbors': 5}
2026-04-30 23:43:00 | DEBUG    | reduction | Scaler fitted on 639 samples, 166 features
2026-04-30 23:43:00 | DEBUG    | reduction | LDA: 166 → 9 discriminant components
2026-04-30 23:43:00 | INFO     | cross_validation |   Fold 1/5: train=1917 (orig=639, aug=1278), val=160, acc=66.25%  [0.5s]
2026-04-30 23:43:00 | DEBUG    | reduction | Scaler fitted on 639 samples, 166 features
2026-04-30 23:43:00 | DEBUG    | reduction | LDA: 166 → 9 discriminant components
2026-04-30 23:43:00 | INFO     | cross_validation |   Fold 2/5: train=1917 (orig=639, aug=1278), val=160, acc=70.00%  [0.2s]
2026-04-30 23:43:00 | DEBUG    | reduction | Scaler fitted on 639 samples, 166 features
2026-04-30 23:43:00 | DEBUG    | reduction | LDA: 166 → 9 discriminant components
2026-04-30 23:43:00 | INFO     | cross_validation |   Fold 3/5: train=1917 (orig=639, aug=1278), val=160, acc=75.00%  [0.2s]
2026-04-30 23:43:00 | DEBUG    | reduction | Scaler fitted on 639 samples, 166 features
2026-04-30 23:43:01 | DEBUG    | reduction | LDA: 166 → 9 discriminant components
2026-04-30 23:43:01 | INFO     | cross_validation |   Fold 4/5: train=1917 (orig=639, aug=1278), val=160, acc=73.75%  [0.3s]
2026-04-30 23:43:01 | DEBUG    | reduction | Scaler fitted on 640 samples, 166 features
2026-04-30 23:43:01 | DEBUG    | reduction | LDA: 166 → 9 discriminant components
2026-04-30 23:43:01 | INFO     | cross_validation |   Fold 5/5: train=1920 (orig=640, aug=1280), val=159, acc=72.33%  [0.3s]
2026-04-30 23:43:01 | INFO     | cross_validation |   CV result: 71.47% ± 3.09%
2026-04-30 23:43:01 | INFO     | cross_validation |   Combo 6/20: {'n_neighbors': 6}
2026-04-30 23:43:01 | DEBUG    | reduction | Scaler fitted on 639 samples, 166 features
2026-04-30 23:43:02 | DEBUG    | reduction | LDA: 166 → 9 discriminant components
2026-04-30 23:43:02 | INFO     | cross_validation |   Fold 1/5: train=1917 (orig=639, aug=1278), val=160, acc=66.88%  [0.5s]
2026-04-30 23:43:02 | DEBUG    | reduction | Scaler fitted on 639 samples, 166 features
2026-04-30 23:43:02 | DEBUG    | reduction | LDA: 166 → 9 discriminant components
2026-04-30 23:43:02 | INFO     | cross_validation |   Fold 2/5: train=1917 (orig=639, aug=1278), val=160, acc=70.00%  [0.4s]
2026-04-30 23:43:02 | DEBUG    | reduction | Scaler fitted on 639 samples, 166 features
2026-04-30 23:43:02 | DEBUG    | reduction | LDA: 166 → 9 discriminant components
2026-04-30 23:43:02 | INFO     | cross_validation |   Fold 3/5: train=1917 (orig=639, aug=1278), val=160, acc=75.00%  [0.1s]
2026-04-30 23:43:02 | DEBUG    | reduction | Scaler fitted on 639 samples, 166 features
2026-04-30 23:43:03 | DEBUG    | reduction | LDA: 166 → 9 discriminant components
2026-04-30 23:43:03 | INFO     | cross_validation |   Fold 4/5: train=1917 (orig=639, aug=1278), val=160, acc=75.00%  [0.5s]
2026-04-30 23:43:03 | DEBUG    | reduction | Scaler fitted on 640 samples, 166 features
2026-04-30 23:43:03 | DEBUG    | reduction | LDA: 166 → 9 discriminant components
2026-04-30 23:43:03 | INFO     | cross_validation |   Fold 5/5: train=1920 (orig=640, aug=1280), val=159, acc=73.58%  [0.4s]
2026-04-30 23:43:03 | INFO     | cross_validation |   CV result: 72.09% ± 3.19%
2026-04-30 23:43:03 | INFO     | cross_validation |   Combo 7/20: {'n_neighbors': 7}
2026-04-30 23:43:03 | DEBUG    | reduction | Scaler fitted on 639 samples, 166 features
2026-04-30 23:43:03 | DEBUG    | reduction | LDA: 166 → 9 discriminant components
2026-04-30 23:43:03 | INFO     | cross_validation |   Fold 1/5: train=1917 (orig=639, aug=1278), val=160, acc=68.75%  [0.3s]
2026-04-30 23:43:03 | DEBUG    | reduction | Scaler fitted on 639 samples, 166 features
2026-04-30 23:43:04 | DEBUG    | reduction | LDA: 166 → 9 discriminant components
2026-04-30 23:43:04 | INFO     | cross_validation |   Fold 2/5: train=1917 (orig=639, aug=1278), val=160, acc=68.75%  [0.3s]
2026-04-30 23:43:04 | DEBUG    | reduction | Scaler fitted on 639 samples, 166 features
2026-04-30 23:43:04 | DEBUG    | reduction | LDA: 166 → 9 discriminant components
2026-04-30 23:43:04 | INFO     | cross_validation |   Fold 3/5: train=1917 (orig=639, aug=1278), val=160, acc=76.88%  [0.2s]
2026-04-30 23:43:04 | DEBUG    | reduction | Scaler fitted on 639 samples, 166 features
2026-04-30 23:43:04 | DEBUG    | reduction | LDA: 166 → 9 discriminant components
2026-04-30 23:43:04 | INFO     | cross_validation |   Fold 4/5: train=1917 (orig=639, aug=1278), val=160, acc=74.38%  [0.2s]
2026-04-30 23:43:04 | DEBUG    | reduction | Scaler fitted on 640 samples, 166 features
2026-04-30 23:43:04 | DEBUG    | reduction | LDA: 166 → 9 discriminant components
2026-04-30 23:43:04 | INFO     | cross_validation |   Fold 5/5: train=1920 (orig=640, aug=1280), val=159, acc=72.96%  [0.2s]
2026-04-30 23:43:04 | INFO     | cross_validation |   CV result: 72.34% ± 3.19%
2026-04-30 23:43:04 | INFO     | cross_validation |   Combo 8/20: {'n_neighbors': 8}
2026-04-30 23:43:04 | DEBUG    | reduction | Scaler fitted on 639 samples, 166 features
2026-04-30 23:43:04 | DEBUG    | reduction | LDA: 166 → 9 discriminant components
2026-04-30 23:43:04 | INFO     | cross_validation |   Fold 1/5: train=1917 (orig=639, aug=1278), val=160, acc=69.38%  [0.3s]
2026-04-30 23:43:04 | DEBUG    | reduction | Scaler fitted on 639 samples, 166 features
2026-04-30 23:43:05 | DEBUG    | reduction | LDA: 166 → 9 discriminant components
2026-04-30 23:43:05 | INFO     | cross_validation |   Fold 2/5: train=1917 (orig=639, aug=1278), val=160, acc=70.00%  [0.4s]
2026-04-30 23:43:05 | DEBUG    | reduction | Scaler fitted on 639 samples, 166 features
2026-04-30 23:43:05 | DEBUG    | reduction | LDA: 166 → 9 discriminant components
2026-04-30 23:43:05 | INFO     | cross_validation |   Fold 3/5: train=1917 (orig=639, aug=1278), val=160, acc=77.50%  [0.5s]
2026-04-30 23:43:05 | DEBUG    | reduction | Scaler fitted on 639 samples, 166 features
2026-04-30 23:43:06 | DEBUG    | reduction | LDA: 166 → 9 discriminant components
2026-04-30 23:43:06 | INFO     | cross_validation |   Fold 4/5: train=1917 (orig=639, aug=1278), val=160, acc=73.12%  [0.4s]
2026-04-30 23:43:06 | DEBUG    | reduction | Scaler fitted on 640 samples, 166 features
2026-04-30 23:43:06 | DEBUG    | reduction | LDA: 166 → 9 discriminant components
2026-04-30 23:43:06 | INFO     | cross_validation |   Fold 5/5: train=1920 (orig=640, aug=1280), val=159, acc=76.10%  [0.2s]
2026-04-30 23:43:06 | INFO     | cross_validation |   CV result: 73.22% ± 3.22%
2026-04-30 23:43:06 | INFO     | cross_validation |   Combo 9/20: {'n_neighbors': 9}
2026-04-30 23:43:06 | DEBUG    | reduction | Scaler fitted on 639 samples, 166 features
2026-04-30 23:43:06 | DEBUG    | reduction | LDA: 166 → 9 discriminant components
2026-04-30 23:43:06 | INFO     | cross_validation |   Fold 1/5: train=1917 (orig=639, aug=1278), val=160, acc=68.75%  [0.2s]
2026-04-30 23:43:06 | DEBUG    | reduction | Scaler fitted on 639 samples, 166 features
2026-04-30 23:43:06 | DEBUG    | reduction | LDA: 166 → 9 discriminant components
2026-04-30 23:43:06 | INFO     | cross_validation |   Fold 2/5: train=1917 (orig=639, aug=1278), val=160, acc=69.38%  [0.3s]
2026-04-30 23:43:06 | DEBUG    | reduction | Scaler fitted on 639 samples, 166 features
2026-04-30 23:43:07 | DEBUG    | reduction | LDA: 166 → 9 discriminant components
2026-04-30 23:43:07 | INFO     | cross_validation |   Fold 3/5: train=1917 (orig=639, aug=1278), val=160, acc=76.25%  [0.2s]
2026-04-30 23:43:07 | DEBUG    | reduction | Scaler fitted on 639 samples, 166 features
2026-04-30 23:43:07 | DEBUG    | reduction | LDA: 166 → 9 discriminant components
2026-04-30 23:43:07 | INFO     | cross_validation |   Fold 4/5: train=1917 (orig=639, aug=1278), val=160, acc=75.62%  [0.3s]
2026-04-30 23:43:07 | DEBUG    | reduction | Scaler fitted on 640 samples, 166 features
2026-04-30 23:43:07 | DEBUG    | reduction | LDA: 166 → 9 discriminant components
2026-04-30 23:43:08 | INFO     | cross_validation |   Fold 5/5: train=1920 (orig=640, aug=1280), val=159, acc=76.10%  [0.5s]
2026-04-30 23:43:08 | INFO     | cross_validation |   CV result: 73.22% ± 3.41%
2026-04-30 23:43:08 | INFO     | cross_validation |   Combo 10/20: {'n_neighbors': 10}
2026-04-30 23:43:08 | DEBUG    | reduction | Scaler fitted on 639 samples, 166 features
2026-04-30 23:43:08 | DEBUG    | reduction | LDA: 166 → 9 discriminant components
2026-04-30 23:43:08 | INFO     | cross_validation |   Fold 1/5: train=1917 (orig=639, aug=1278), val=160, acc=69.38%  [0.1s]
2026-04-30 23:43:08 | DEBUG    | reduction | Scaler fitted on 639 samples, 166 features
2026-04-30 23:43:08 | DEBUG    | reduction | LDA: 166 → 9 discriminant components
2026-04-30 23:43:08 | INFO     | cross_validation |   Fold 2/5: train=1917 (orig=639, aug=1278), val=160, acc=70.62%  [0.3s]
2026-04-30 23:43:08 | DEBUG    | reduction | Scaler fitted on 639 samples, 166 features
2026-04-30 23:43:08 | DEBUG    | reduction | LDA: 166 → 9 discriminant components
2026-04-30 23:43:08 | INFO     | cross_validation |   Fold 3/5: train=1917 (orig=639, aug=1278), val=160, acc=75.62%  [0.4s]
2026-04-30 23:43:08 | DEBUG    | reduction | Scaler fitted on 639 samples, 166 features
2026-04-30 23:43:09 | DEBUG    | reduction | LDA: 166 → 9 discriminant components
2026-04-30 23:43:09 | INFO     | cross_validation |   Fold 4/5: train=1917 (orig=639, aug=1278), val=160, acc=74.38%  [0.3s]
2026-04-30 23:43:09 | DEBUG    | reduction | Scaler fitted on 640 samples, 166 features
2026-04-30 23:43:09 | DEBUG    | reduction | LDA: 166 → 9 discriminant components
2026-04-30 23:43:09 | INFO     | cross_validation |   Fold 5/5: train=1920 (orig=640, aug=1280), val=159, acc=74.21%  [0.5s]
2026-04-30 23:43:09 | INFO     | cross_validation |   CV result: 72.84% ± 2.40%
2026-04-30 23:43:09 | INFO     | cross_validation |   Combo 11/20: {'n_neighbors': 11}
2026-04-30 23:43:09 | DEBUG    | reduction | Scaler fitted on 639 samples, 166 features
2026-04-30 23:43:09 | DEBUG    | reduction | LDA: 166 → 9 discriminant components
2026-04-30 23:43:09 | INFO     | cross_validation |   Fold 1/5: train=1917 (orig=639, aug=1278), val=160, acc=69.38%  [0.3s]
2026-04-30 23:43:09 | DEBUG    | reduction | Scaler fitted on 639 samples, 166 features
2026-04-30 23:43:09 | DEBUG    | reduction | LDA: 166 → 9 discriminant components
2026-04-30 23:43:09 | INFO     | cross_validation |   Fold 2/5: train=1917 (orig=639, aug=1278), val=160, acc=71.88%  [0.1s]
2026-04-30 23:43:10 | DEBUG    | reduction | Scaler fitted on 639 samples, 166 features
2026-04-30 23:43:10 | DEBUG    | reduction | LDA: 166 → 9 discriminant components
2026-04-30 23:43:10 | INFO     | cross_validation |   Fold 3/5: train=1917 (orig=639, aug=1278), val=160, acc=76.25%  [0.3s]
2026-04-30 23:43:10 | DEBUG    | reduction | Scaler fitted on 639 samples, 166 features
2026-04-30 23:43:10 | DEBUG    | reduction | LDA: 166 → 9 discriminant components
2026-04-30 23:43:10 | INFO     | cross_validation |   Fold 4/5: train=1917 (orig=639, aug=1278), val=160, acc=75.00%  [0.4s]
2026-04-30 23:43:10 | DEBUG    | reduction | Scaler fitted on 640 samples, 166 features
2026-04-30 23:43:11 | DEBUG    | reduction | LDA: 166 → 9 discriminant components
2026-04-30 23:43:11 | INFO     | cross_validation |   Fold 5/5: train=1920 (orig=640, aug=1280), val=159, acc=74.21%  [0.4s]
2026-04-30 23:43:11 | INFO     | cross_validation |   CV result: 73.34% ± 2.44%
2026-04-30 23:43:11 | INFO     | cross_validation |   Combo 12/20: {'n_neighbors': 12}
2026-04-30 23:43:11 | DEBUG    | reduction | Scaler fitted on 639 samples, 166 features
2026-04-30 23:43:11 | DEBUG    | reduction | LDA: 166 → 9 discriminant components
2026-04-30 23:43:11 | INFO     | cross_validation |   Fold 1/5: train=1917 (orig=639, aug=1278), val=160, acc=70.00%  [0.3s]
2026-04-30 23:43:11 | DEBUG    | reduction | Scaler fitted on 639 samples, 166 features
2026-04-30 23:43:11 | DEBUG    | reduction | LDA: 166 → 9 discriminant components
2026-04-30 23:43:11 | INFO     | cross_validation |   Fold 2/5: train=1917 (orig=639, aug=1278), val=160, acc=71.25%  [0.2s]
2026-04-30 23:43:11 | DEBUG    | reduction | Scaler fitted on 639 samples, 166 features
2026-04-30 23:43:12 | DEBUG    | reduction | LDA: 166 → 9 discriminant components
2026-04-30 23:43:12 | INFO     | cross_validation |   Fold 3/5: train=1917 (orig=639, aug=1278), val=160, acc=77.50%  [0.4s]
2026-04-30 23:43:12 | DEBUG    | reduction | Scaler fitted on 639 samples, 166 features
2026-04-30 23:43:12 | DEBUG    | reduction | LDA: 166 → 9 discriminant components
2026-04-30 23:43:12 | INFO     | cross_validation |   Fold 4/5: train=1917 (orig=639, aug=1278), val=160, acc=75.00%  [0.5s]
2026-04-30 23:43:12 | DEBUG    | reduction | Scaler fitted on 640 samples, 166 features
2026-04-30 23:43:12 | DEBUG    | reduction | LDA: 166 → 9 discriminant components
2026-04-30 23:43:12 | INFO     | cross_validation |   Fold 5/5: train=1920 (orig=640, aug=1280), val=159, acc=73.58%  [0.4s]
2026-04-30 23:43:12 | INFO     | cross_validation |   CV result: 73.47% ± 2.67%
2026-04-30 23:43:12 | INFO     | cross_validation |   Combo 13/20: {'n_neighbors': 13}
2026-04-30 23:43:12 | DEBUG    | reduction | Scaler fitted on 639 samples, 166 features
2026-04-30 23:43:13 | DEBUG    | reduction | LDA: 166 → 9 discriminant components
2026-04-30 23:43:13 | INFO     | cross_validation |   Fold 1/5: train=1917 (orig=639, aug=1278), val=160, acc=71.25%  [0.2s]
2026-04-30 23:43:13 | DEBUG    | reduction | Scaler fitted on 639 samples, 166 features
2026-04-30 23:43:13 | DEBUG    | reduction | LDA: 166 → 9 discriminant components
2026-04-30 23:43:13 | INFO     | cross_validation |   Fold 2/5: train=1917 (orig=639, aug=1278), val=160, acc=71.25%  [0.3s]
2026-04-30 23:43:13 | DEBUG    | reduction | Scaler fitted on 639 samples, 166 features
2026-04-30 23:43:13 | DEBUG    | reduction | LDA: 166 → 9 discriminant components
2026-04-30 23:43:13 | INFO     | cross_validation |   Fold 3/5: train=1917 (orig=639, aug=1278), val=160, acc=77.50%  [0.4s]
2026-04-30 23:43:13 | DEBUG    | reduction | Scaler fitted on 639 samples, 166 features
2026-04-30 23:43:14 | DEBUG    | reduction | LDA: 166 → 9 discriminant components
2026-04-30 23:43:14 | INFO     | cross_validation |   Fold 4/5: train=1917 (orig=639, aug=1278), val=160, acc=75.00%  [0.3s]
2026-04-30 23:43:14 | DEBUG    | reduction | Scaler fitted on 640 samples, 166 features
2026-04-30 23:43:14 | DEBUG    | reduction | LDA: 166 → 9 discriminant components
2026-04-30 23:43:14 | INFO     | cross_validation |   Fold 5/5: train=1920 (orig=640, aug=1280), val=159, acc=75.47%  [0.2s]
2026-04-30 23:43:14 | INFO     | cross_validation |   CV result: 74.09% ± 2.47%
2026-04-30 23:43:14 | INFO     | cross_validation |   Combo 14/20: {'n_neighbors': 14}
2026-04-30 23:43:14 | DEBUG    | reduction | Scaler fitted on 639 samples, 166 features
2026-04-30 23:43:14 | DEBUG    | reduction | LDA: 166 → 9 discriminant components
2026-04-30 23:43:14 | INFO     | cross_validation |   Fold 1/5: train=1917 (orig=639, aug=1278), val=160, acc=72.50%  [0.4s]
2026-04-30 23:43:14 | DEBUG    | reduction | Scaler fitted on 639 samples, 166 features
2026-04-30 23:43:15 | DEBUG    | reduction | LDA: 166 → 9 discriminant components
2026-04-30 23:43:15 | INFO     | cross_validation |   Fold 2/5: train=1917 (orig=639, aug=1278), val=160, acc=71.25%  [0.5s]
2026-04-30 23:43:15 | DEBUG    | reduction | Scaler fitted on 639 samples, 166 features
2026-04-30 23:43:15 | DEBUG    | reduction | LDA: 166 → 9 discriminant components
2026-04-30 23:43:15 | INFO     | cross_validation |   Fold 3/5: train=1917 (orig=639, aug=1278), val=160, acc=76.25%  [0.2s]
2026-04-30 23:43:15 | DEBUG    | reduction | Scaler fitted on 639 samples, 166 features
2026-04-30 23:43:15 | DEBUG    | reduction | LDA: 166 → 9 discriminant components
2026-04-30 23:43:15 | INFO     | cross_validation |   Fold 4/5: train=1917 (orig=639, aug=1278), val=160, acc=74.38%  [0.3s]
2026-04-30 23:43:15 | DEBUG    | reduction | Scaler fitted on 640 samples, 166 features
2026-04-30 23:43:16 | DEBUG    | reduction | LDA: 166 → 9 discriminant components
2026-04-30 23:43:16 | INFO     | cross_validation |   Fold 5/5: train=1920 (orig=640, aug=1280), val=159, acc=76.10%  [0.2s]
2026-04-30 23:43:16 | INFO     | cross_validation |   CV result: 74.10% ± 1.97%
2026-04-30 23:43:16 | INFO     | cross_validation |   Combo 15/20: {'n_neighbors': 15}
2026-04-30 23:43:16 | DEBUG    | reduction | Scaler fitted on 639 samples, 166 features
2026-04-30 23:43:16 | DEBUG    | reduction | LDA: 166 → 9 discriminant components
2026-04-30 23:43:16 | INFO     | cross_validation |   Fold 1/5: train=1917 (orig=639, aug=1278), val=160, acc=71.25%  [0.2s]
2026-04-30 23:43:16 | DEBUG    | reduction | Scaler fitted on 639 samples, 166 features
2026-04-30 23:43:16 | DEBUG    | reduction | LDA: 166 → 9 discriminant components
2026-04-30 23:43:16 | INFO     | cross_validation |   Fold 2/5: train=1917 (orig=639, aug=1278), val=160, acc=73.12%  [0.2s]
2026-04-30 23:43:16 | DEBUG    | reduction | Scaler fitted on 639 samples, 166 features
2026-04-30 23:43:16 | DEBUG    | reduction | LDA: 166 → 9 discriminant components
2026-04-30 23:43:16 | INFO     | cross_validation |   Fold 3/5: train=1917 (orig=639, aug=1278), val=160, acc=74.38%  [0.3s]
2026-04-30 23:43:16 | DEBUG    | reduction | Scaler fitted on 639 samples, 166 features
2026-04-30 23:43:17 | DEBUG    | reduction | LDA: 166 → 9 discriminant components
2026-04-30 23:43:17 | INFO     | cross_validation |   Fold 4/5: train=1917 (orig=639, aug=1278), val=160, acc=74.38%  [0.4s]
2026-04-30 23:43:17 | DEBUG    | reduction | Scaler fitted on 640 samples, 166 features
2026-04-30 23:43:17 | DEBUG    | reduction | LDA: 166 → 9 discriminant components
2026-04-30 23:43:17 | INFO     | cross_validation |   Fold 5/5: train=1920 (orig=640, aug=1280), val=159, acc=75.47%  [0.4s]
2026-04-30 23:43:17 | INFO     | cross_validation |   CV result: 73.72% ± 1.44%
2026-04-30 23:43:17 | INFO     | cross_validation |   Combo 16/20: {'n_neighbors': 16}
2026-04-30 23:43:17 | DEBUG    | reduction | Scaler fitted on 639 samples, 166 features
2026-04-30 23:43:17 | DEBUG    | reduction | LDA: 166 → 9 discriminant components
2026-04-30 23:43:17 | INFO     | cross_validation |   Fold 1/5: train=1917 (orig=639, aug=1278), val=160, acc=70.00%  [0.3s]
2026-04-30 23:43:17 | DEBUG    | reduction | Scaler fitted on 639 samples, 166 features
2026-04-30 23:43:18 | DEBUG    | reduction | LDA: 166 → 9 discriminant components
2026-04-30 23:43:18 | INFO     | cross_validation |   Fold 2/5: train=1917 (orig=639, aug=1278), val=160, acc=71.88%  [0.4s]
2026-04-30 23:43:18 | DEBUG    | reduction | Scaler fitted on 639 samples, 166 features
2026-04-30 23:43:18 | DEBUG    | reduction | LDA: 166 → 9 discriminant components
2026-04-30 23:43:18 | INFO     | cross_validation |   Fold 3/5: train=1917 (orig=639, aug=1278), val=160, acc=76.25%  [0.4s]
2026-04-30 23:43:18 | DEBUG    | reduction | Scaler fitted on 639 samples, 166 features
2026-04-30 23:43:18 | DEBUG    | reduction | LDA: 166 → 9 discriminant components
2026-04-30 23:43:19 | INFO     | cross_validation |   Fold 4/5: train=1917 (orig=639, aug=1278), val=160, acc=73.12%  [0.5s]
2026-04-30 23:43:19 | DEBUG    | reduction | Scaler fitted on 640 samples, 166 features
2026-04-30 23:43:19 | DEBUG    | reduction | LDA: 166 → 9 discriminant components
2026-04-30 23:43:19 | INFO     | cross_validation |   Fold 5/5: train=1920 (orig=640, aug=1280), val=159, acc=76.73%  [0.4s]
2026-04-30 23:43:19 | INFO     | cross_validation |   CV result: 73.60% ± 2.57%
2026-04-30 23:43:19 | INFO     | cross_validation |   Combo 17/20: {'n_neighbors': 17}
2026-04-30 23:43:19 | DEBUG    | reduction | Scaler fitted on 639 samples, 166 features
2026-04-30 23:43:19 | DEBUG    | reduction | LDA: 166 → 9 discriminant components
2026-04-30 23:43:19 | INFO     | cross_validation |   Fold 1/5: train=1917 (orig=639, aug=1278), val=160, acc=71.88%  [0.2s]
2026-04-30 23:43:19 | DEBUG    | reduction | Scaler fitted on 639 samples, 166 features
2026-04-30 23:43:20 | DEBUG    | reduction | LDA: 166 → 9 discriminant components
2026-04-30 23:43:20 | INFO     | cross_validation |   Fold 2/5: train=1917 (orig=639, aug=1278), val=160, acc=71.88%  [0.5s]
2026-04-30 23:43:20 | DEBUG    | reduction | Scaler fitted on 639 samples, 166 features
2026-04-30 23:43:24 | DEBUG    | reduction | LDA: 166 → 9 discriminant components
2026-04-30 23:43:24 | INFO     | cross_validation |   Fold 3/5: train=1917 (orig=639, aug=1278), val=160, acc=75.62%  [0.4s]
2026-04-30 23:43:24 | DEBUG    | reduction | Scaler fitted on 639 samples, 166 features
2026-04-30 23:43:24 | DEBUG    | reduction | LDA: 166 → 9 discriminant components
2026-04-30 23:43:24 | INFO     | cross_validation |   Fold 4/5: train=1917 (orig=639, aug=1278), val=160, acc=75.00%  [0.1s]
2026-04-30 23:43:24 | DEBUG    | reduction | Scaler fitted on 640 samples, 166 features
2026-04-30 23:43:24 | DEBUG    | reduction | LDA: 166 → 9 discriminant components
2026-04-30 23:43:24 | INFO     | cross_validation |   Fold 5/5: train=1920 (orig=640, aug=1280), val=159, acc=76.10%  [0.3s]
2026-04-30 23:43:24 | INFO     | cross_validation |   CV result: 74.10% ± 1.85%
2026-04-30 23:43:24 | INFO     | cross_validation |   Combo 18/20: {'n_neighbors': 18}
2026-04-30 23:43:24 | DEBUG    | reduction | Scaler fitted on 639 samples, 166 features
2026-04-30 23:43:24 | DEBUG    | reduction | LDA: 166 → 9 discriminant components
2026-04-30 23:43:24 | INFO     | cross_validation |   Fold 1/5: train=1917 (orig=639, aug=1278), val=160, acc=71.88%  [0.2s]
2026-04-30 23:43:24 | DEBUG    | reduction | Scaler fitted on 639 samples, 166 features
2026-04-30 23:43:25 | DEBUG    | reduction | LDA: 166 → 9 discriminant components
2026-04-30 23:43:25 | INFO     | cross_validation |   Fold 2/5: train=1917 (orig=639, aug=1278), val=160, acc=71.88%  [0.4s]
2026-04-30 23:43:25 | DEBUG    | reduction | Scaler fitted on 639 samples, 166 features
2026-04-30 23:43:25 | DEBUG    | reduction | LDA: 166 → 9 discriminant components
2026-04-30 23:43:25 | INFO     | cross_validation |   Fold 3/5: train=1917 (orig=639, aug=1278), val=160, acc=79.38%  [0.2s]
2026-04-30 23:43:25 | DEBUG    | reduction | Scaler fitted on 639 samples, 166 features
2026-04-30 23:43:25 | DEBUG    | reduction | LDA: 166 → 9 discriminant components
2026-04-30 23:43:25 | INFO     | cross_validation |   Fold 4/5: train=1917 (orig=639, aug=1278), val=160, acc=74.38%  [0.3s]
2026-04-30 23:43:25 | DEBUG    | reduction | Scaler fitted on 640 samples, 166 features
2026-04-30 23:43:25 | DEBUG    | reduction | LDA: 166 → 9 discriminant components
2026-04-30 23:43:25 | INFO     | cross_validation |   Fold 5/5: train=1920 (orig=640, aug=1280), val=159, acc=76.73%  [0.2s]
2026-04-30 23:43:25 | INFO     | cross_validation |   CV result: 74.85% ± 2.90%
2026-04-30 23:43:25 | INFO     | cross_validation |   Combo 19/20: {'n_neighbors': 19}
2026-04-30 23:43:25 | DEBUG    | reduction | Scaler fitted on 639 samples, 166 features
2026-04-30 23:43:25 | DEBUG    | reduction | LDA: 166 → 9 discriminant components
2026-04-30 23:43:25 | INFO     | cross_validation |   Fold 1/5: train=1917 (orig=639, aug=1278), val=160, acc=71.88%  [0.2s]
2026-04-30 23:43:25 | DEBUG    | reduction | Scaler fitted on 639 samples, 166 features
2026-04-30 23:43:26 | DEBUG    | reduction | LDA: 166 → 9 discriminant components
2026-04-30 23:43:26 | INFO     | cross_validation |   Fold 2/5: train=1917 (orig=639, aug=1278), val=160, acc=71.25%  [0.3s]
2026-04-30 23:43:26 | DEBUG    | reduction | Scaler fitted on 639 samples, 166 features
2026-04-30 23:43:26 | DEBUG    | reduction | LDA: 166 → 9 discriminant components
2026-04-30 23:43:26 | INFO     | cross_validation |   Fold 3/5: train=1917 (orig=639, aug=1278), val=160, acc=77.50%  [0.4s]
2026-04-30 23:43:26 | DEBUG    | reduction | Scaler fitted on 639 samples, 166 features
2026-04-30 23:43:26 | DEBUG    | reduction | LDA: 166 → 9 discriminant components
2026-04-30 23:43:26 | INFO     | cross_validation |   Fold 4/5: train=1917 (orig=639, aug=1278), val=160, acc=75.62%  [0.3s]
2026-04-30 23:43:26 | DEBUG    | reduction | Scaler fitted on 640 samples, 166 features
2026-04-30 23:43:27 | DEBUG    | reduction | LDA: 166 → 9 discriminant components
2026-04-30 23:43:27 | INFO     | cross_validation |   Fold 5/5: train=1920 (orig=640, aug=1280), val=159, acc=76.73%  [0.2s]
2026-04-30 23:43:27 | INFO     | cross_validation |   CV result: 74.60% ± 2.56%
2026-04-30 23:43:27 | INFO     | cross_validation |   Combo 20/20: {'n_neighbors': 20}
2026-04-30 23:43:27 | DEBUG    | reduction | Scaler fitted on 639 samples, 166 features
2026-04-30 23:43:27 | DEBUG    | reduction | LDA: 166 → 9 discriminant components
2026-04-30 23:43:27 | INFO     | cross_validation |   Fold 1/5: train=1917 (orig=639, aug=1278), val=160, acc=71.25%  [0.1s]
2026-04-30 23:43:27 | DEBUG    | reduction | Scaler fitted on 639 samples, 166 features
2026-04-30 23:43:27 | DEBUG    | reduction | LDA: 166 → 9 discriminant components
2026-04-30 23:43:27 | INFO     | cross_validation |   Fold 2/5: train=1917 (orig=639, aug=1278), val=160, acc=70.62%  [0.4s]
2026-04-30 23:43:27 | DEBUG    | reduction | Scaler fitted on 639 samples, 166 features
2026-04-30 23:43:27 | DEBUG    | reduction | LDA: 166 → 9 discriminant components
2026-04-30 23:43:27 | INFO     | cross_validation |   Fold 3/5: train=1917 (orig=639, aug=1278), val=160, acc=76.25%  [0.3s]
2026-04-30 23:43:27 | DEBUG    | reduction | Scaler fitted on 639 samples, 166 features
2026-04-30 23:43:28 | DEBUG    | reduction | LDA: 166 → 9 discriminant components
2026-04-30 23:43:28 | INFO     | cross_validation |   Fold 4/5: train=1917 (orig=639, aug=1278), val=160, acc=73.75%  [0.2s]
2026-04-30 23:43:28 | DEBUG    | reduction | Scaler fitted on 640 samples, 166 features
2026-04-30 23:43:28 | DEBUG    | reduction | LDA: 166 → 9 discriminant components
2026-04-30 23:43:28 | INFO     | cross_validation |   Fold 5/5: train=1920 (orig=640, aug=1280), val=159, acc=75.47%  [0.2s]
2026-04-30 23:43:28 | INFO     | cross_validation |   CV result: 73.47% ± 2.23%
2026-04-30 23:43:28 | INFO     | cross_validation |   Best params: {'n_neighbors': 18}
2026-04-30 23:43:28 | INFO     | cross_validation |   Best CV: 74.85% ± 2.90%
2026-04-30 23:43:28 | INFO     | cross_validation | ✓ grid_search_cv finished in 31.7s
2026-04-30 23:43:28 | INFO     | main | ────────────────────────────────────────────────────────────
2026-04-30 23:43:28 | INFO     | main |   KNN [lda, no-aug]
2026-04-30 23:43:28 | INFO     | main | ────────────────────────────────────────────────────────────
2026-04-30 23:43:28 | INFO     | cross_validation | → grid_search_cv started
2026-04-30 23:43:28 | INFO     | cross_validation | Grid search: 20 parameter combinations × 5 folds
2026-04-30 23:43:28 | INFO     | cross_validation |   Combo 1/20: {'n_neighbors': 1}
2026-04-30 23:43:28 | DEBUG    | reduction | Scaler fitted on 639 samples, 166 features
2026-04-30 23:43:28 | DEBUG    | reduction | LDA: 166 → 9 discriminant components
2026-04-30 23:43:28 | INFO     | cross_validation |   Fold 1/5: train=639 (orig=639, aug=0), val=160, acc=72.50%  [0.2s]
2026-04-30 23:43:28 | DEBUG    | reduction | Scaler fitted on 639 samples, 166 features
2026-04-30 23:43:29 | DEBUG    | reduction | LDA: 166 → 9 discriminant components
2026-04-30 23:43:29 | INFO     | cross_validation |   Fold 2/5: train=639 (orig=639, aug=0), val=160, acc=67.50%  [0.5s]
2026-04-30 23:43:29 | DEBUG    | reduction | Scaler fitted on 639 samples, 166 features
2026-04-30 23:43:29 | DEBUG    | reduction | LDA: 166 → 9 discriminant components
2026-04-30 23:43:29 | INFO     | cross_validation |   Fold 3/5: train=639 (orig=639, aug=0), val=160, acc=70.62%  [0.4s]
2026-04-30 23:43:29 | DEBUG    | reduction | Scaler fitted on 639 samples, 166 features
2026-04-30 23:43:29 | DEBUG    | reduction | LDA: 166 → 9 discriminant components
2026-04-30 23:43:29 | INFO     | cross_validation |   Fold 4/5: train=639 (orig=639, aug=0), val=160, acc=75.62%  [0.4s]
2026-04-30 23:43:29 | DEBUG    | reduction | Scaler fitted on 640 samples, 166 features
2026-04-30 23:43:30 | DEBUG    | reduction | LDA: 166 → 9 discriminant components
2026-04-30 23:43:30 | INFO     | cross_validation |   Fold 5/5: train=640 (orig=640, aug=0), val=159, acc=69.18%  [0.1s]
2026-04-30 23:43:30 | INFO     | cross_validation |   CV result: 71.09% ± 2.80%
2026-04-30 23:43:30 | INFO     | cross_validation |   Combo 2/20: {'n_neighbors': 2}
2026-04-30 23:43:30 | DEBUG    | reduction | Scaler fitted on 639 samples, 166 features
2026-04-30 23:43:30 | DEBUG    | reduction | LDA: 166 → 9 discriminant components
2026-04-30 23:43:30 | INFO     | cross_validation |   Fold 1/5: train=639 (orig=639, aug=0), val=160, acc=67.50%  [0.3s]
2026-04-30 23:43:30 | DEBUG    | reduction | Scaler fitted on 639 samples, 166 features
2026-04-30 23:43:30 | DEBUG    | reduction | LDA: 166 → 9 discriminant components
2026-04-30 23:43:30 | INFO     | cross_validation |   Fold 2/5: train=639 (orig=639, aug=0), val=160, acc=71.25%  [0.2s]
2026-04-30 23:43:30 | DEBUG    | reduction | Scaler fitted on 639 samples, 166 features
2026-04-30 23:43:30 | DEBUG    | reduction | LDA: 166 → 9 discriminant components
2026-04-30 23:43:30 | INFO     | cross_validation |   Fold 3/5: train=639 (orig=639, aug=0), val=160, acc=70.62%  [0.4s]
2026-04-30 23:43:30 | DEBUG    | reduction | Scaler fitted on 639 samples, 166 features
2026-04-30 23:43:31 | DEBUG    | reduction | LDA: 166 → 9 discriminant components
2026-04-30 23:43:31 | INFO     | cross_validation |   Fold 4/5: train=639 (orig=639, aug=0), val=160, acc=74.38%  [0.3s]
2026-04-30 23:43:31 | DEBUG    | reduction | Scaler fitted on 640 samples, 166 features
2026-04-30 23:43:31 | DEBUG    | reduction | LDA: 166 → 9 discriminant components
2026-04-30 23:43:31 | INFO     | cross_validation |   Fold 5/5: train=640 (orig=640, aug=0), val=159, acc=71.70%  [0.2s]
2026-04-30 23:43:31 | INFO     | cross_validation |   CV result: 71.09% ± 2.20%
2026-04-30 23:43:31 | INFO     | cross_validation |   Combo 3/20: {'n_neighbors': 3}
2026-04-30 23:43:31 | DEBUG    | reduction | Scaler fitted on 639 samples, 166 features
2026-04-30 23:43:31 | DEBUG    | reduction | LDA: 166 → 9 discriminant components
2026-04-30 23:43:31 | INFO     | cross_validation |   Fold 1/5: train=639 (orig=639, aug=0), val=160, acc=67.50%  [0.3s]
2026-04-30 23:43:31 | DEBUG    | reduction | Scaler fitted on 639 samples, 166 features
2026-04-30 23:43:32 | DEBUG    | reduction | LDA: 166 → 9 discriminant components
2026-04-30 23:43:32 | INFO     | cross_validation |   Fold 2/5: train=639 (orig=639, aug=0), val=160, acc=71.25%  [0.3s]
2026-04-30 23:43:32 | DEBUG    | reduction | Scaler fitted on 639 samples, 166 features
2026-04-30 23:43:32 | DEBUG    | reduction | LDA: 166 → 9 discriminant components
2026-04-30 23:43:32 | INFO     | cross_validation |   Fold 3/5: train=639 (orig=639, aug=0), val=160, acc=70.62%  [0.3s]
2026-04-30 23:43:32 | DEBUG    | reduction | Scaler fitted on 639 samples, 166 features
2026-04-30 23:43:32 | DEBUG    | reduction | LDA: 166 → 9 discriminant components
2026-04-30 23:43:32 | INFO     | cross_validation |   Fold 4/5: train=639 (orig=639, aug=0), val=160, acc=72.50%  [0.2s]
2026-04-30 23:43:32 | DEBUG    | reduction | Scaler fitted on 640 samples, 166 features
2026-04-30 23:43:32 | DEBUG    | reduction | LDA: 166 → 9 discriminant components
2026-04-30 23:43:32 | INFO     | cross_validation |   Fold 5/5: train=640 (orig=640, aug=0), val=159, acc=72.96%  [0.3s]
2026-04-30 23:43:32 | INFO     | cross_validation |   CV result: 70.97% ± 1.92%
2026-04-30 23:43:32 | INFO     | cross_validation |   Combo 4/20: {'n_neighbors': 4}
2026-04-30 23:43:32 | DEBUG    | reduction | Scaler fitted on 639 samples, 166 features
2026-04-30 23:43:33 | DEBUG    | reduction | LDA: 166 → 9 discriminant components
2026-04-30 23:43:33 | INFO     | cross_validation |   Fold 1/5: train=639 (orig=639, aug=0), val=160, acc=68.12%  [0.4s]
2026-04-30 23:43:33 | DEBUG    | reduction | Scaler fitted on 639 samples, 166 features
2026-04-30 23:43:33 | DEBUG    | reduction | LDA: 166 → 9 discriminant components
2026-04-30 23:43:33 | INFO     | cross_validation |   Fold 2/5: train=639 (orig=639, aug=0), val=160, acc=70.00%  [0.2s]
2026-04-30 23:43:33 | DEBUG    | reduction | Scaler fitted on 639 samples, 166 features
2026-04-30 23:43:33 | DEBUG    | reduction | LDA: 166 → 9 discriminant components
2026-04-30 23:43:33 | INFO     | cross_validation |   Fold 3/5: train=639 (orig=639, aug=0), val=160, acc=75.00%  [0.3s]
2026-04-30 23:43:33 | DEBUG    | reduction | Scaler fitted on 639 samples, 166 features
2026-04-30 23:43:34 | DEBUG    | reduction | LDA: 166 → 9 discriminant components
2026-04-30 23:43:34 | INFO     | cross_validation |   Fold 4/5: train=639 (orig=639, aug=0), val=160, acc=73.12%  [0.4s]
2026-04-30 23:43:34 | DEBUG    | reduction | Scaler fitted on 640 samples, 166 features
2026-04-30 23:43:34 | DEBUG    | reduction | LDA: 166 → 9 discriminant components
2026-04-30 23:43:34 | INFO     | cross_validation |   Fold 5/5: train=640 (orig=640, aug=0), val=159, acc=72.96%  [0.3s]
2026-04-30 23:43:34 | INFO     | cross_validation |   CV result: 71.84% ± 2.45%
2026-04-30 23:43:34 | INFO     | cross_validation |   Combo 5/20: {'n_neighbors': 5}
2026-04-30 23:43:34 | DEBUG    | reduction | Scaler fitted on 639 samples, 166 features
2026-04-30 23:43:34 | DEBUG    | reduction | LDA: 166 → 9 discriminant components
2026-04-30 23:43:34 | INFO     | cross_validation |   Fold 1/5: train=639 (orig=639, aug=0), val=160, acc=68.75%  [0.3s]
2026-04-30 23:43:34 | DEBUG    | reduction | Scaler fitted on 639 samples, 166 features
2026-04-30 23:43:34 | DEBUG    | reduction | LDA: 166 → 9 discriminant components
2026-04-30 23:43:34 | INFO     | cross_validation |   Fold 2/5: train=639 (orig=639, aug=0), val=160, acc=71.25%  [0.2s]
2026-04-30 23:43:34 | DEBUG    | reduction | Scaler fitted on 639 samples, 166 features
2026-04-30 23:43:35 | DEBUG    | reduction | LDA: 166 → 9 discriminant components
2026-04-30 23:43:35 | INFO     | cross_validation |   Fold 3/5: train=639 (orig=639, aug=0), val=160, acc=75.00%  [0.2s]
2026-04-30 23:43:35 | DEBUG    | reduction | Scaler fitted on 639 samples, 166 features
2026-04-30 23:43:35 | DEBUG    | reduction | LDA: 166 → 9 discriminant components
2026-04-30 23:43:35 | INFO     | cross_validation |   Fold 4/5: train=639 (orig=639, aug=0), val=160, acc=75.62%  [0.4s]
2026-04-30 23:43:35 | DEBUG    | reduction | Scaler fitted on 640 samples, 166 features
2026-04-30 23:43:35 | DEBUG    | reduction | LDA: 166 → 9 discriminant components
2026-04-30 23:43:35 | INFO     | cross_validation |   Fold 5/5: train=640 (orig=640, aug=0), val=159, acc=73.58%  [0.2s]
2026-04-30 23:43:35 | INFO     | cross_validation |   CV result: 72.84% ± 2.54%
2026-04-30 23:43:35 | INFO     | cross_validation |   Combo 6/20: {'n_neighbors': 6}
2026-04-30 23:43:35 | DEBUG    | reduction | Scaler fitted on 639 samples, 166 features
2026-04-30 23:43:35 | DEBUG    | reduction | LDA: 166 → 9 discriminant components
2026-04-30 23:43:36 | INFO     | cross_validation |   Fold 1/5: train=639 (orig=639, aug=0), val=160, acc=70.00%  [0.2s]
2026-04-30 23:43:36 | DEBUG    | reduction | Scaler fitted on 639 samples, 166 features
2026-04-30 23:43:36 | DEBUG    | reduction | LDA: 166 → 9 discriminant components
2026-04-30 23:43:36 | INFO     | cross_validation |   Fold 2/5: train=639 (orig=639, aug=0), val=160, acc=71.25%  [0.3s]
2026-04-30 23:43:36 | DEBUG    | reduction | Scaler fitted on 639 samples, 166 features
2026-04-30 23:43:36 | DEBUG    | reduction | LDA: 166 → 9 discriminant components
2026-04-30 23:43:36 | INFO     | cross_validation |   Fold 3/5: train=639 (orig=639, aug=0), val=160, acc=76.88%  [0.3s]
2026-04-30 23:43:36 | DEBUG    | reduction | Scaler fitted on 639 samples, 166 features
2026-04-30 23:43:36 | DEBUG    | reduction | LDA: 166 → 9 discriminant components
2026-04-30 23:43:36 | INFO     | cross_validation |   Fold 4/5: train=639 (orig=639, aug=0), val=160, acc=75.62%  [0.2s]
2026-04-30 23:43:36 | DEBUG    | reduction | Scaler fitted on 640 samples, 166 features
2026-04-30 23:43:37 | DEBUG    | reduction | LDA: 166 → 9 discriminant components
2026-04-30 23:43:37 | INFO     | cross_validation |   Fold 5/5: train=640 (orig=640, aug=0), val=159, acc=72.96%  [0.4s]
2026-04-30 23:43:37 | INFO     | cross_validation |   CV result: 73.34% ± 2.58%
2026-04-30 23:43:37 | INFO     | cross_validation |   Combo 7/20: {'n_neighbors': 7}
2026-04-30 23:43:37 | DEBUG    | reduction | Scaler fitted on 639 samples, 166 features
2026-04-30 23:43:37 | DEBUG    | reduction | LDA: 166 → 9 discriminant components
2026-04-30 23:43:37 | INFO     | cross_validation |   Fold 1/5: train=639 (orig=639, aug=0), val=160, acc=70.00%  [0.1s]
2026-04-30 23:43:37 | DEBUG    | reduction | Scaler fitted on 639 samples, 166 features
2026-04-30 23:43:37 | DEBUG    | reduction | LDA: 166 → 9 discriminant components
2026-04-30 23:43:37 | INFO     | cross_validation |   Fold 2/5: train=639 (orig=639, aug=0), val=160, acc=68.12%  [0.3s]
2026-04-30 23:43:37 | DEBUG    | reduction | Scaler fitted on 639 samples, 166 features
2026-04-30 23:43:37 | DEBUG    | reduction | LDA: 166 → 9 discriminant components
2026-04-30 23:43:37 | INFO     | cross_validation |   Fold 3/5: train=639 (orig=639, aug=0), val=160, acc=75.00%  [0.3s]
2026-04-30 23:43:37 | DEBUG    | reduction | Scaler fitted on 639 samples, 166 features
2026-04-30 23:43:38 | DEBUG    | reduction | LDA: 166 → 9 discriminant components
2026-04-30 23:43:38 | INFO     | cross_validation |   Fold 4/5: train=639 (orig=639, aug=0), val=160, acc=75.62%  [0.3s]
2026-04-30 23:43:38 | DEBUG    | reduction | Scaler fitted on 640 samples, 166 features
2026-04-30 23:43:38 | DEBUG    | reduction | LDA: 166 → 9 discriminant components
2026-04-30 23:43:38 | INFO     | cross_validation |   Fold 5/5: train=640 (orig=640, aug=0), val=159, acc=74.21%  [0.3s]
2026-04-30 23:43:38 | INFO     | cross_validation |   CV result: 72.59% ± 2.98%
2026-04-30 23:43:38 | INFO     | cross_validation |   Combo 8/20: {'n_neighbors': 8}
2026-04-30 23:43:38 | DEBUG    | reduction | Scaler fitted on 639 samples, 166 features
2026-04-30 23:43:38 | DEBUG    | reduction | LDA: 166 → 9 discriminant components
2026-04-30 23:43:38 | INFO     | cross_validation |   Fold 1/5: train=639 (orig=639, aug=0), val=160, acc=70.62%  [0.3s]
2026-04-30 23:43:38 | DEBUG    | reduction | Scaler fitted on 639 samples, 166 features
2026-04-30 23:43:38 | DEBUG    | reduction | LDA: 166 → 9 discriminant components
2026-04-30 23:43:38 | INFO     | cross_validation |   Fold 2/5: train=639 (orig=639, aug=0), val=160, acc=69.38%  [0.3s]
2026-04-30 23:43:38 | DEBUG    | reduction | Scaler fitted on 639 samples, 166 features
2026-04-30 23:43:39 | DEBUG    | reduction | LDA: 166 → 9 discriminant components
2026-04-30 23:43:39 | INFO     | cross_validation |   Fold 3/5: train=639 (orig=639, aug=0), val=160, acc=77.50%  [0.3s]
2026-04-30 23:43:39 | DEBUG    | reduction | Scaler fitted on 639 samples, 166 features
2026-04-30 23:43:39 | DEBUG    | reduction | LDA: 166 → 9 discriminant components
2026-04-30 23:43:39 | INFO     | cross_validation |   Fold 4/5: train=639 (orig=639, aug=0), val=160, acc=75.62%  [0.3s]
2026-04-30 23:43:39 | DEBUG    | reduction | Scaler fitted on 640 samples, 166 features
2026-04-30 23:43:39 | DEBUG    | reduction | LDA: 166 → 9 discriminant components
2026-04-30 23:43:39 | INFO     | cross_validation |   Fold 5/5: train=640 (orig=640, aug=0), val=159, acc=75.47%  [0.4s]
2026-04-30 23:43:39 | INFO     | cross_validation |   CV result: 73.72% ± 3.14%
2026-04-30 23:43:39 | INFO     | cross_validation |   Combo 9/20: {'n_neighbors': 9}
2026-04-30 23:43:40 | DEBUG    | reduction | Scaler fitted on 639 samples, 166 features
2026-04-30 23:43:40 | DEBUG    | reduction | LDA: 166 → 9 discriminant components
2026-04-30 23:43:40 | INFO     | cross_validation |   Fold 1/5: train=639 (orig=639, aug=0), val=160, acc=70.00%  [0.5s]
2026-04-30 23:43:40 | DEBUG    | reduction | Scaler fitted on 639 samples, 166 features
2026-04-30 23:43:40 | DEBUG    | reduction | LDA: 166 → 9 discriminant components
2026-04-30 23:43:40 | INFO     | cross_validation |   Fold 2/5: train=639 (orig=639, aug=0), val=160, acc=71.25%  [0.2s]
2026-04-30 23:43:40 | DEBUG    | reduction | Scaler fitted on 639 samples, 166 features
2026-04-30 23:43:40 | DEBUG    | reduction | LDA: 166 → 9 discriminant components
2026-04-30 23:43:40 | INFO     | cross_validation |   Fold 3/5: train=639 (orig=639, aug=0), val=160, acc=76.25%  [0.3s]
2026-04-30 23:43:40 | DEBUG    | reduction | Scaler fitted on 639 samples, 166 features
2026-04-30 23:43:41 | DEBUG    | reduction | LDA: 166 → 9 discriminant components
2026-04-30 23:43:41 | INFO     | cross_validation |   Fold 4/5: train=639 (orig=639, aug=0), val=160, acc=76.25%  [0.2s]
2026-04-30 23:43:41 | DEBUG    | reduction | Scaler fitted on 640 samples, 166 features
2026-04-30 23:43:41 | DEBUG    | reduction | LDA: 166 → 9 discriminant components
2026-04-30 23:43:41 | INFO     | cross_validation |   Fold 5/5: train=640 (orig=640, aug=0), val=159, acc=75.47%  [0.3s]
2026-04-30 23:43:41 | INFO     | cross_validation |   CV result: 73.84% ± 2.67%
2026-04-30 23:43:41 | INFO     | cross_validation |   Combo 10/20: {'n_neighbors': 10}
2026-04-30 23:43:41 | DEBUG    | reduction | Scaler fitted on 639 samples, 166 features
2026-04-30 23:43:41 | DEBUG    | reduction | LDA: 166 → 9 discriminant components
2026-04-30 23:43:41 | INFO     | cross_validation |   Fold 1/5: train=639 (orig=639, aug=0), val=160, acc=71.25%  [0.3s]
2026-04-30 23:43:41 | DEBUG    | reduction | Scaler fitted on 639 samples, 166 features
2026-04-30 23:43:41 | DEBUG    | reduction | LDA: 166 → 9 discriminant components
2026-04-30 23:43:41 | INFO     | cross_validation |   Fold 2/5: train=639 (orig=639, aug=0), val=160, acc=70.00%  [0.2s]
2026-04-30 23:43:41 | DEBUG    | reduction | Scaler fitted on 639 samples, 166 features
2026-04-30 23:43:42 | DEBUG    | reduction | LDA: 166 → 9 discriminant components
2026-04-30 23:43:42 | INFO     | cross_validation |   Fold 3/5: train=639 (orig=639, aug=0), val=160, acc=76.88%  [0.3s]
2026-04-30 23:43:42 | DEBUG    | reduction | Scaler fitted on 639 samples, 166 features
2026-04-30 23:43:42 | DEBUG    | reduction | LDA: 166 → 9 discriminant components
2026-04-30 23:43:42 | INFO     | cross_validation |   Fold 4/5: train=639 (orig=639, aug=0), val=160, acc=75.62%  [0.1s]
2026-04-30 23:43:42 | DEBUG    | reduction | Scaler fitted on 640 samples, 166 features
2026-04-30 23:43:42 | DEBUG    | reduction | LDA: 166 → 9 discriminant components
2026-04-30 23:43:42 | INFO     | cross_validation |   Fold 5/5: train=640 (orig=640, aug=0), val=159, acc=75.47%  [0.3s]
2026-04-30 23:43:42 | INFO     | cross_validation |   CV result: 73.84% ± 2.70%
2026-04-30 23:43:42 | INFO     | cross_validation |   Combo 11/20: {'n_neighbors': 11}
2026-04-30 23:43:42 | DEBUG    | reduction | Scaler fitted on 639 samples, 166 features
2026-04-30 23:43:42 | DEBUG    | reduction | LDA: 166 → 9 discriminant components
2026-04-30 23:43:42 | INFO     | cross_validation |   Fold 1/5: train=639 (orig=639, aug=0), val=160, acc=70.62%  [0.2s]
2026-04-30 23:43:42 | DEBUG    | reduction | Scaler fitted on 639 samples, 166 features
2026-04-30 23:43:43 | DEBUG    | reduction | LDA: 166 → 9 discriminant components
2026-04-30 23:43:43 | INFO     | cross_validation |   Fold 2/5: train=639 (orig=639, aug=0), val=160, acc=70.62%  [0.4s]
2026-04-30 23:43:43 | DEBUG    | reduction | Scaler fitted on 639 samples, 166 features
2026-04-30 23:43:43 | DEBUG    | reduction | LDA: 166 → 9 discriminant components
2026-04-30 23:43:43 | INFO     | cross_validation |   Fold 3/5: train=639 (orig=639, aug=0), val=160, acc=76.88%  [0.3s]
2026-04-30 23:43:43 | DEBUG    | reduction | Scaler fitted on 639 samples, 166 features
2026-04-30 23:43:43 | DEBUG    | reduction | LDA: 166 → 9 discriminant components
2026-04-30 23:43:43 | INFO     | cross_validation |   Fold 4/5: train=639 (orig=639, aug=0), val=160, acc=75.62%  [0.3s]
2026-04-30 23:43:43 | DEBUG    | reduction | Scaler fitted on 640 samples, 166 features
2026-04-30 23:43:44 | DEBUG    | reduction | LDA: 166 → 9 discriminant components
2026-04-30 23:43:44 | INFO     | cross_validation |   Fold 5/5: train=640 (orig=640, aug=0), val=159, acc=74.84%  [0.4s]
2026-04-30 23:43:44 | INFO     | cross_validation |   CV result: 73.72% ± 2.61%
2026-04-30 23:43:44 | INFO     | cross_validation |   Combo 12/20: {'n_neighbors': 12}
2026-04-30 23:43:44 | DEBUG    | reduction | Scaler fitted on 639 samples, 166 features
2026-04-30 23:43:44 | DEBUG    | reduction | LDA: 166 → 9 discriminant components
2026-04-30 23:43:44 | INFO     | cross_validation |   Fold 1/5: train=639 (orig=639, aug=0), val=160, acc=70.00%  [0.3s]
2026-04-30 23:43:44 | DEBUG    | reduction | Scaler fitted on 639 samples, 166 features
2026-04-30 23:43:45 | DEBUG    | reduction | LDA: 166 → 9 discriminant components
2026-04-30 23:43:45 | INFO     | cross_validation |   Fold 2/5: train=639 (orig=639, aug=0), val=160, acc=70.62%  [0.4s]
2026-04-30 23:43:45 | DEBUG    | reduction | Scaler fitted on 639 samples, 166 features
2026-04-30 23:43:45 | DEBUG    | reduction | LDA: 166 → 9 discriminant components
2026-04-30 23:43:45 | INFO     | cross_validation |   Fold 3/5: train=639 (orig=639, aug=0), val=160, acc=76.25%  [0.2s]
2026-04-30 23:43:45 | DEBUG    | reduction | Scaler fitted on 639 samples, 166 features
2026-04-30 23:43:45 | DEBUG    | reduction | LDA: 166 → 9 discriminant components
2026-04-30 23:43:45 | INFO     | cross_validation |   Fold 4/5: train=639 (orig=639, aug=0), val=160, acc=75.62%  [0.4s]
2026-04-30 23:43:45 | DEBUG    | reduction | Scaler fitted on 640 samples, 166 features
2026-04-30 23:43:45 | DEBUG    | reduction | LDA: 166 → 9 discriminant components
2026-04-30 23:43:45 | INFO     | cross_validation |   Fold 5/5: train=640 (orig=640, aug=0), val=159, acc=74.21%  [0.3s]
2026-04-30 23:43:45 | INFO     | cross_validation |   CV result: 73.34% ± 2.57%
2026-04-30 23:43:45 | INFO     | cross_validation |   Combo 13/20: {'n_neighbors': 13}
2026-04-30 23:43:45 | DEBUG    | reduction | Scaler fitted on 639 samples, 166 features
2026-04-30 23:43:46 | DEBUG    | reduction | LDA: 166 → 9 discriminant components
2026-04-30 23:43:46 | INFO     | cross_validation |   Fold 1/5: train=639 (orig=639, aug=0), val=160, acc=70.62%  [0.3s]
2026-04-30 23:43:46 | DEBUG    | reduction | Scaler fitted on 639 samples, 166 features
2026-04-30 23:43:46 | DEBUG    | reduction | LDA: 166 → 9 discriminant components
2026-04-30 23:43:46 | INFO     | cross_validation |   Fold 2/5: train=639 (orig=639, aug=0), val=160, acc=70.62%  [0.1s]
2026-04-30 23:43:46 | DEBUG    | reduction | Scaler fitted on 639 samples, 166 features
2026-04-30 23:43:46 | DEBUG    | reduction | LDA: 166 → 9 discriminant components
2026-04-30 23:43:46 | INFO     | cross_validation |   Fold 3/5: train=639 (orig=639, aug=0), val=160, acc=76.88%  [0.3s]
2026-04-30 23:43:46 | DEBUG    | reduction | Scaler fitted on 639 samples, 166 features
2026-04-30 23:43:47 | DEBUG    | reduction | LDA: 166 → 9 discriminant components
2026-04-30 23:43:47 | INFO     | cross_validation |   Fold 4/5: train=639 (orig=639, aug=0), val=160, acc=75.62%  [0.4s]
2026-04-30 23:43:47 | DEBUG    | reduction | Scaler fitted on 640 samples, 166 features
2026-04-30 23:43:47 | DEBUG    | reduction | LDA: 166 → 9 discriminant components
2026-04-30 23:43:47 | INFO     | cross_validation |   Fold 5/5: train=640 (orig=640, aug=0), val=159, acc=74.84%  [0.2s]
2026-04-30 23:43:47 | INFO     | cross_validation |   CV result: 73.72% ± 2.61%
2026-04-30 23:43:47 | INFO     | cross_validation |   Combo 14/20: {'n_neighbors': 14}
2026-04-30 23:43:47 | DEBUG    | reduction | Scaler fitted on 639 samples, 166 features
2026-04-30 23:43:47 | DEBUG    | reduction | LDA: 166 → 9 discriminant components
2026-04-30 23:43:47 | INFO     | cross_validation |   Fold 1/5: train=639 (orig=639, aug=0), val=160, acc=71.25%  [0.2s]
2026-04-30 23:43:47 | DEBUG    | reduction | Scaler fitted on 639 samples, 166 features
2026-04-30 23:43:47 | DEBUG    | reduction | LDA: 166 → 9 discriminant components
2026-04-30 23:43:47 | INFO     | cross_validation |   Fold 2/5: train=639 (orig=639, aug=0), val=160, acc=71.25%  [0.3s]
2026-04-30 23:43:47 | DEBUG    | reduction | Scaler fitted on 639 samples, 166 features
2026-04-30 23:43:47 | DEBUG    | reduction | LDA: 166 → 9 discriminant components
2026-04-30 23:43:47 | INFO     | cross_validation |   Fold 3/5: train=639 (orig=639, aug=0), val=160, acc=76.25%  [0.3s]
2026-04-30 23:43:47 | DEBUG    | reduction | Scaler fitted on 639 samples, 166 features
2026-04-30 23:43:48 | DEBUG    | reduction | LDA: 166 → 9 discriminant components
2026-04-30 23:43:48 | INFO     | cross_validation |   Fold 4/5: train=639 (orig=639, aug=0), val=160, acc=75.00%  [0.5s]
2026-04-30 23:43:48 | DEBUG    | reduction | Scaler fitted on 640 samples, 166 features
2026-04-30 23:43:48 | DEBUG    | reduction | LDA: 166 → 9 discriminant components
2026-04-30 23:43:48 | INFO     | cross_validation |   Fold 5/5: train=640 (orig=640, aug=0), val=159, acc=74.21%  [0.6s]
2026-04-30 23:43:48 | INFO     | cross_validation |   CV result: 73.59% ± 2.02%
2026-04-30 23:43:48 | INFO     | cross_validation |   Combo 15/20: {'n_neighbors': 15}
2026-04-30 23:43:48 | DEBUG    | reduction | Scaler fitted on 639 samples, 166 features
2026-04-30 23:43:49 | DEBUG    | reduction | LDA: 166 → 9 discriminant components
2026-04-30 23:43:49 | INFO     | cross_validation |   Fold 1/5: train=639 (orig=639, aug=0), val=160, acc=70.00%  [0.4s]
2026-04-30 23:43:49 | DEBUG    | reduction | Scaler fitted on 639 samples, 166 features
2026-04-30 23:43:49 | DEBUG    | reduction | LDA: 166 → 9 discriminant components
2026-04-30 23:43:49 | INFO     | cross_validation |   Fold 2/5: train=639 (orig=639, aug=0), val=160, acc=72.50%  [0.2s]
2026-04-30 23:43:49 | DEBUG    | reduction | Scaler fitted on 639 samples, 166 features
2026-04-30 23:43:49 | DEBUG    | reduction | LDA: 166 → 9 discriminant components
2026-04-30 23:43:49 | INFO     | cross_validation |   Fold 3/5: train=639 (orig=639, aug=0), val=160, acc=75.62%  [0.3s]
2026-04-30 23:43:49 | DEBUG    | reduction | Scaler fitted on 639 samples, 166 features
2026-04-30 23:43:50 | DEBUG    | reduction | LDA: 166 → 9 discriminant components
2026-04-30 23:43:50 | INFO     | cross_validation |   Fold 4/5: train=639 (orig=639, aug=0), val=160, acc=76.25%  [0.2s]
2026-04-30 23:43:50 | DEBUG    | reduction | Scaler fitted on 640 samples, 166 features
2026-04-30 23:43:50 | DEBUG    | reduction | LDA: 166 → 9 discriminant components
2026-04-30 23:43:50 | INFO     | cross_validation |   Fold 5/5: train=640 (orig=640, aug=0), val=159, acc=72.96%  [0.2s]
2026-04-30 23:43:50 | INFO     | cross_validation |   CV result: 73.47% ± 2.26%
2026-04-30 23:43:50 | INFO     | cross_validation |   Combo 16/20: {'n_neighbors': 16}
2026-04-30 23:43:50 | DEBUG    | reduction | Scaler fitted on 639 samples, 166 features
2026-04-30 23:43:50 | DEBUG    | reduction | LDA: 166 → 9 discriminant components
2026-04-30 23:43:50 | INFO     | cross_validation |   Fold 1/5: train=639 (orig=639, aug=0), val=160, acc=70.00%  [0.4s]
2026-04-30 23:43:50 | DEBUG    | reduction | Scaler fitted on 639 samples, 166 features
2026-04-30 23:43:50 | DEBUG    | reduction | LDA: 166 → 9 discriminant components
2026-04-30 23:43:50 | INFO     | cross_validation |   Fold 2/5: train=639 (orig=639, aug=0), val=160, acc=72.50%  [0.3s]
2026-04-30 23:43:50 | DEBUG    | reduction | Scaler fitted on 639 samples, 166 features
2026-04-30 23:43:51 | DEBUG    | reduction | LDA: 166 → 9 discriminant components
2026-04-30 23:43:51 | INFO     | cross_validation |   Fold 3/5: train=639 (orig=639, aug=0), val=160, acc=76.25%  [0.2s]
2026-04-30 23:43:51 | DEBUG    | reduction | Scaler fitted on 639 samples, 166 features
2026-04-30 23:43:51 | DEBUG    | reduction | LDA: 166 → 9 discriminant components
2026-04-30 23:43:51 | INFO     | cross_validation |   Fold 4/5: train=639 (orig=639, aug=0), val=160, acc=75.62%  [0.4s]
2026-04-30 23:43:51 | DEBUG    | reduction | Scaler fitted on 640 samples, 166 features
2026-04-30 23:43:51 | DEBUG    | reduction | LDA: 166 → 9 discriminant components
2026-04-30 23:43:51 | INFO     | cross_validation |   Fold 5/5: train=640 (orig=640, aug=0), val=159, acc=74.84%  [0.3s]
2026-04-30 23:43:51 | INFO     | cross_validation |   CV result: 73.84% ± 2.30%
2026-04-30 23:43:51 | INFO     | cross_validation |   Combo 17/20: {'n_neighbors': 17}
2026-04-30 23:43:51 | DEBUG    | reduction | Scaler fitted on 639 samples, 166 features
2026-04-30 23:43:51 | DEBUG    | reduction | LDA: 166 → 9 discriminant components
2026-04-30 23:43:51 | INFO     | cross_validation |   Fold 1/5: train=639 (orig=639, aug=0), val=160, acc=70.00%  [0.2s]
2026-04-30 23:43:51 | DEBUG    | reduction | Scaler fitted on 639 samples, 166 features
2026-04-30 23:43:52 | DEBUG    | reduction | LDA: 166 → 9 discriminant components
2026-04-30 23:43:52 | INFO     | cross_validation |   Fold 2/5: train=639 (orig=639, aug=0), val=160, acc=73.75%  [0.4s]
2026-04-30 23:43:52 | DEBUG    | reduction | Scaler fitted on 639 samples, 166 features
2026-04-30 23:43:52 | DEBUG    | reduction | LDA: 166 → 9 discriminant components
2026-04-30 23:43:52 | INFO     | cross_validation |   Fold 3/5: train=639 (orig=639, aug=0), val=160, acc=76.88%  [0.2s]
2026-04-30 23:43:52 | DEBUG    | reduction | Scaler fitted on 639 samples, 166 features
2026-04-30 23:43:52 | DEBUG    | reduction | LDA: 166 → 9 discriminant components
2026-04-30 23:43:52 | INFO     | cross_validation |   Fold 4/5: train=639 (orig=639, aug=0), val=160, acc=76.25%  [0.3s]
2026-04-30 23:43:52 | DEBUG    | reduction | Scaler fitted on 640 samples, 166 features
2026-04-30 23:43:52 | DEBUG    | reduction | LDA: 166 → 9 discriminant components
2026-04-30 23:43:52 | INFO     | cross_validation |   Fold 5/5: train=640 (orig=640, aug=0), val=159, acc=76.73%  [0.1s]
2026-04-30 23:43:52 | INFO     | cross_validation |   CV result: 74.72% ± 2.62%
2026-04-30 23:43:52 | INFO     | cross_validation |   Combo 18/20: {'n_neighbors': 18}
2026-04-30 23:43:52 | DEBUG    | reduction | Scaler fitted on 639 samples, 166 features
2026-04-30 23:43:53 | DEBUG    | reduction | LDA: 166 → 9 discriminant components
2026-04-30 23:43:53 | INFO     | cross_validation |   Fold 1/5: train=639 (orig=639, aug=0), val=160, acc=70.62%  [0.3s]
2026-04-30 23:43:53 | DEBUG    | reduction | Scaler fitted on 639 samples, 166 features
2026-04-30 23:43:53 | DEBUG    | reduction | LDA: 166 → 9 discriminant components
2026-04-30 23:43:53 | INFO     | cross_validation |   Fold 2/5: train=639 (orig=639, aug=0), val=160, acc=73.12%  [0.3s]
2026-04-30 23:43:53 | DEBUG    | reduction | Scaler fitted on 639 samples, 166 features
2026-04-30 23:43:53 | DEBUG    | reduction | LDA: 166 → 9 discriminant components
2026-04-30 23:43:53 | INFO     | cross_validation |   Fold 3/5: train=639 (orig=639, aug=0), val=160, acc=76.25%  [0.1s]
2026-04-30 23:43:53 | DEBUG    | reduction | Scaler fitted on 639 samples, 166 features
2026-04-30 23:43:53 | DEBUG    | reduction | LDA: 166 → 9 discriminant components
2026-04-30 23:43:53 | INFO     | cross_validation |   Fold 4/5: train=639 (orig=639, aug=0), val=160, acc=75.00%  [0.3s]
2026-04-30 23:43:53 | DEBUG    | reduction | Scaler fitted on 640 samples, 166 features
2026-04-30 23:43:54 | DEBUG    | reduction | LDA: 166 → 9 discriminant components
2026-04-30 23:43:54 | INFO     | cross_validation |   Fold 5/5: train=640 (orig=640, aug=0), val=159, acc=76.73%  [0.4s]
2026-04-30 23:43:54 | INFO     | cross_validation |   CV result: 74.35% ± 2.24%
2026-04-30 23:43:54 | INFO     | cross_validation |   Combo 19/20: {'n_neighbors': 19}
2026-04-30 23:43:54 | DEBUG    | reduction | Scaler fitted on 639 samples, 166 features
2026-04-30 23:43:54 | DEBUG    | reduction | LDA: 166 → 9 discriminant components
2026-04-30 23:43:54 | INFO     | cross_validation |   Fold 1/5: train=639 (orig=639, aug=0), val=160, acc=70.62%  [0.2s]
2026-04-30 23:43:54 | DEBUG    | reduction | Scaler fitted on 639 samples, 166 features
2026-04-30 23:43:54 | DEBUG    | reduction | LDA: 166 → 9 discriminant components
2026-04-30 23:43:54 | INFO     | cross_validation |   Fold 2/5: train=639 (orig=639, aug=0), val=160, acc=71.88%  [0.2s]
2026-04-30 23:43:54 | DEBUG    | reduction | Scaler fitted on 639 samples, 166 features
2026-04-30 23:43:54 | DEBUG    | reduction | LDA: 166 → 9 discriminant components
2026-04-30 23:43:54 | INFO     | cross_validation |   Fold 3/5: train=639 (orig=639, aug=0), val=160, acc=75.00%  [0.2s]
2026-04-30 23:43:54 | DEBUG    | reduction | Scaler fitted on 639 samples, 166 features
2026-04-30 23:43:54 | DEBUG    | reduction | LDA: 166 → 9 discriminant components
2026-04-30 23:43:54 | INFO     | cross_validation |   Fold 4/5: train=639 (orig=639, aug=0), val=160, acc=76.25%  [0.2s]
2026-04-30 23:43:54 | DEBUG    | reduction | Scaler fitted on 640 samples, 166 features
2026-04-30 23:43:55 | DEBUG    | reduction | LDA: 166 → 9 discriminant components
2026-04-30 23:43:55 | INFO     | cross_validation |   Fold 5/5: train=640 (orig=640, aug=0), val=159, acc=75.47%  [0.3s]
2026-04-30 23:43:55 | INFO     | cross_validation |   CV result: 73.84% ± 2.19%
2026-04-30 23:43:55 | INFO     | cross_validation |   Combo 20/20: {'n_neighbors': 20}
2026-04-30 23:43:55 | DEBUG    | reduction | Scaler fitted on 639 samples, 166 features
2026-04-30 23:43:55 | DEBUG    | reduction | LDA: 166 → 9 discriminant components
2026-04-30 23:43:55 | INFO     | cross_validation |   Fold 1/5: train=639 (orig=639, aug=0), val=160, acc=70.62%  [0.3s]
2026-04-30 23:43:55 | DEBUG    | reduction | Scaler fitted on 639 samples, 166 features
2026-04-30 23:43:55 | DEBUG    | reduction | LDA: 166 → 9 discriminant components
2026-04-30 23:43:55 | INFO     | cross_validation |   Fold 2/5: train=639 (orig=639, aug=0), val=160, acc=71.88%  [0.3s]
2026-04-30 23:43:55 | DEBUG    | reduction | Scaler fitted on 639 samples, 166 features
2026-04-30 23:43:56 | DEBUG    | reduction | LDA: 166 → 9 discriminant components
2026-04-30 23:43:56 | INFO     | cross_validation |   Fold 3/5: train=639 (orig=639, aug=0), val=160, acc=75.62%  [0.3s]
2026-04-30 23:43:56 | DEBUG    | reduction | Scaler fitted on 639 samples, 166 features
2026-04-30 23:43:59 | DEBUG    | reduction | LDA: 166 → 9 discriminant components
2026-04-30 23:43:59 | INFO     | cross_validation |   Fold 4/5: train=639 (orig=639, aug=0), val=160, acc=76.88%  [0.2s]
2026-04-30 23:43:59 | DEBUG    | reduction | Scaler fitted on 640 samples, 166 features
2026-04-30 23:44:00 | DEBUG    | reduction | LDA: 166 → 9 discriminant components
2026-04-30 23:44:00 | INFO     | cross_validation |   Fold 5/5: train=640 (orig=640, aug=0), val=159, acc=75.47%  [0.2s]
2026-04-30 23:44:00 | INFO     | cross_validation |   CV result: 74.09% ± 2.41%
2026-04-30 23:44:00 | INFO     | cross_validation |   Best params: {'n_neighbors': 17}
2026-04-30 23:44:00 | INFO     | cross_validation |   Best CV: 74.72% ± 2.62%
2026-04-30 23:44:00 | INFO     | cross_validation | ✓ grid_search_cv finished in 28.2s
2026-04-30 23:44:00 | INFO     | main | ────────────────────────────────────────────────────────────
2026-04-30 23:44:00 | INFO     | main |   KNN [skb, aug]
2026-04-30 23:44:00 | INFO     | main | ────────────────────────────────────────────────────────────
2026-04-30 23:44:00 | INFO     | cross_validation | → grid_search_cv started
2026-04-30 23:44:00 | INFO     | cross_validation | Grid search: 20 parameter combinations × 5 folds
2026-04-30 23:44:00 | INFO     | cross_validation |   Combo 1/20: {'n_neighbors': 1}
2026-04-30 23:44:00 | DEBUG    | reduction | Scaler fitted on 639 samples, 166 features
2026-04-30 23:44:00 | DEBUG    | reduction | SelectKBest: 166 → 80 features
2026-04-30 23:44:00 | INFO     | cross_validation |   Fold 1/5: train=1917 (orig=639, aug=1278), val=160, acc=67.50%  [0.1s]
2026-04-30 23:44:00 | DEBUG    | reduction | Scaler fitted on 639 samples, 166 features
2026-04-30 23:44:00 | DEBUG    | reduction | SelectKBest: 166 → 80 features
2026-04-30 23:44:00 | INFO     | cross_validation |   Fold 2/5: train=1917 (orig=639, aug=1278), val=160, acc=68.12%  [0.0s]
2026-04-30 23:44:00 | DEBUG    | reduction | Scaler fitted on 639 samples, 166 features
2026-04-30 23:44:00 | DEBUG    | reduction | SelectKBest: 166 → 80 features
2026-04-30 23:44:00 | INFO     | cross_validation |   Fold 3/5: train=1917 (orig=639, aug=1278), val=160, acc=76.88%  [0.0s]
2026-04-30 23:44:00 | DEBUG    | reduction | Scaler fitted on 639 samples, 166 features
2026-04-30 23:44:00 | DEBUG    | reduction | SelectKBest: 166 → 80 features
2026-04-30 23:44:00 | INFO     | cross_validation |   Fold 4/5: train=1917 (orig=639, aug=1278), val=160, acc=78.12%  [0.0s]
2026-04-30 23:44:00 | DEBUG    | reduction | Scaler fitted on 640 samples, 166 features
2026-04-30 23:44:00 | DEBUG    | reduction | SelectKBest: 166 → 80 features
2026-04-30 23:44:00 | INFO     | cross_validation |   Fold 5/5: train=1920 (orig=640, aug=1280), val=159, acc=65.41%  [0.0s]
2026-04-30 23:44:00 | INFO     | cross_validation |   CV result: 71.21% ± 5.23%
2026-04-30 23:44:00 | INFO     | cross_validation |   Combo 2/20: {'n_neighbors': 2}
2026-04-30 23:44:00 | DEBUG    | reduction | Scaler fitted on 639 samples, 166 features
2026-04-30 23:44:00 | DEBUG    | reduction | SelectKBest: 166 → 80 features
2026-04-30 23:44:00 | INFO     | cross_validation |   Fold 1/5: train=1917 (orig=639, aug=1278), val=160, acc=65.00%  [0.0s]
2026-04-30 23:44:00 | DEBUG    | reduction | Scaler fitted on 639 samples, 166 features
2026-04-30 23:44:00 | DEBUG    | reduction | SelectKBest: 166 → 80 features
2026-04-30 23:44:00 | INFO     | cross_validation |   Fold 2/5: train=1917 (orig=639, aug=1278), val=160, acc=68.12%  [0.0s]
2026-04-30 23:44:00 | DEBUG    | reduction | Scaler fitted on 639 samples, 166 features
2026-04-30 23:44:00 | DEBUG    | reduction | SelectKBest: 166 → 80 features
2026-04-30 23:44:00 | INFO     | cross_validation |   Fold 3/5: train=1917 (orig=639, aug=1278), val=160, acc=76.25%  [0.0s]
2026-04-30 23:44:00 | DEBUG    | reduction | Scaler fitted on 639 samples, 166 features
2026-04-30 23:44:00 | DEBUG    | reduction | SelectKBest: 166 → 80 features
2026-04-30 23:44:00 | INFO     | cross_validation |   Fold 4/5: train=1917 (orig=639, aug=1278), val=160, acc=71.25%  [0.0s]
2026-04-30 23:44:00 | DEBUG    | reduction | Scaler fitted on 640 samples, 166 features
2026-04-30 23:44:00 | DEBUG    | reduction | SelectKBest: 166 → 80 features
2026-04-30 23:44:00 | INFO     | cross_validation |   Fold 5/5: train=1920 (orig=640, aug=1280), val=159, acc=65.41%  [0.0s]
2026-04-30 23:44:00 | INFO     | cross_validation |   CV result: 69.21% ± 4.17%
2026-04-30 23:44:00 | INFO     | cross_validation |   Combo 3/20: {'n_neighbors': 3}
2026-04-30 23:44:00 | DEBUG    | reduction | Scaler fitted on 639 samples, 166 features
2026-04-30 23:44:00 | DEBUG    | reduction | SelectKBest: 166 → 80 features
2026-04-30 23:44:00 | INFO     | cross_validation |   Fold 1/5: train=1917 (orig=639, aug=1278), val=160, acc=70.00%  [0.0s]
2026-04-30 23:44:00 | DEBUG    | reduction | Scaler fitted on 639 samples, 166 features
2026-04-30 23:44:00 | DEBUG    | reduction | SelectKBest: 166 → 80 features
2026-04-30 23:44:00 | INFO     | cross_validation |   Fold 2/5: train=1917 (orig=639, aug=1278), val=160, acc=71.25%  [0.0s]
2026-04-30 23:44:00 | DEBUG    | reduction | Scaler fitted on 639 samples, 166 features
2026-04-30 23:44:00 | DEBUG    | reduction | SelectKBest: 166 → 80 features
2026-04-30 23:44:00 | INFO     | cross_validation |   Fold 3/5: train=1917 (orig=639, aug=1278), val=160, acc=72.50%  [0.0s]
2026-04-30 23:44:00 | DEBUG    | reduction | Scaler fitted on 639 samples, 166 features
2026-04-30 23:44:00 | DEBUG    | reduction | SelectKBest: 166 → 80 features
2026-04-30 23:44:00 | INFO     | cross_validation |   Fold 4/5: train=1917 (orig=639, aug=1278), val=160, acc=69.38%  [0.0s]
2026-04-30 23:44:00 | DEBUG    | reduction | Scaler fitted on 640 samples, 166 features
2026-04-30 23:44:00 | DEBUG    | reduction | SelectKBest: 166 → 80 features
2026-04-30 23:44:00 | INFO     | cross_validation |   Fold 5/5: train=1920 (orig=640, aug=1280), val=159, acc=67.30%  [0.0s]
2026-04-30 23:44:00 | INFO     | cross_validation |   CV result: 70.08% ± 1.76%
2026-04-30 23:44:00 | INFO     | cross_validation |   Combo 4/20: {'n_neighbors': 4}
2026-04-30 23:44:00 | DEBUG    | reduction | Scaler fitted on 639 samples, 166 features
2026-04-30 23:44:00 | DEBUG    | reduction | SelectKBest: 166 → 80 features
2026-04-30 23:44:00 | INFO     | cross_validation |   Fold 1/5: train=1917 (orig=639, aug=1278), val=160, acc=71.88%  [0.0s]
2026-04-30 23:44:00 | DEBUG    | reduction | Scaler fitted on 639 samples, 166 features
2026-04-30 23:44:00 | DEBUG    | reduction | SelectKBest: 166 → 80 features
2026-04-30 23:44:00 | INFO     | cross_validation |   Fold 2/5: train=1917 (orig=639, aug=1278), val=160, acc=70.62%  [0.0s]
2026-04-30 23:44:00 | DEBUG    | reduction | Scaler fitted on 639 samples, 166 features
2026-04-30 23:44:00 | DEBUG    | reduction | SelectKBest: 166 → 80 features
2026-04-30 23:44:00 | INFO     | cross_validation |   Fold 3/5: train=1917 (orig=639, aug=1278), val=160, acc=75.62%  [0.0s]
2026-04-30 23:44:00 | DEBUG    | reduction | Scaler fitted on 639 samples, 166 features
2026-04-30 23:44:00 | DEBUG    | reduction | SelectKBest: 166 → 80 features
2026-04-30 23:44:00 | INFO     | cross_validation |   Fold 4/5: train=1917 (orig=639, aug=1278), val=160, acc=70.62%  [0.0s]
2026-04-30 23:44:00 | DEBUG    | reduction | Scaler fitted on 640 samples, 166 features
2026-04-30 23:44:00 | DEBUG    | reduction | SelectKBest: 166 → 80 features
2026-04-30 23:44:00 | INFO     | cross_validation |   Fold 5/5: train=1920 (orig=640, aug=1280), val=159, acc=66.67%  [0.0s]
2026-04-30 23:44:00 | INFO     | cross_validation |   CV result: 71.08% ± 2.87%
2026-04-30 23:44:00 | INFO     | cross_validation |   Combo 5/20: {'n_neighbors': 5}
2026-04-30 23:44:00 | DEBUG    | reduction | Scaler fitted on 639 samples, 166 features
2026-04-30 23:44:00 | DEBUG    | reduction | SelectKBest: 166 → 80 features
2026-04-30 23:44:00 | INFO     | cross_validation |   Fold 1/5: train=1917 (orig=639, aug=1278), val=160, acc=71.25%  [0.0s]
2026-04-30 23:44:00 | DEBUG    | reduction | Scaler fitted on 639 samples, 166 features
2026-04-30 23:44:00 | DEBUG    | reduction | SelectKBest: 166 → 80 features
2026-04-30 23:44:00 | INFO     | cross_validation |   Fold 2/5: train=1917 (orig=639, aug=1278), val=160, acc=72.50%  [0.0s]
2026-04-30 23:44:00 | DEBUG    | reduction | Scaler fitted on 639 samples, 166 features
2026-04-30 23:44:00 | DEBUG    | reduction | SelectKBest: 166 → 80 features
2026-04-30 23:44:00 | INFO     | cross_validation |   Fold 3/5: train=1917 (orig=639, aug=1278), val=160, acc=78.12%  [0.0s]
2026-04-30 23:44:00 | DEBUG    | reduction | Scaler fitted on 639 samples, 166 features
2026-04-30 23:44:00 | DEBUG    | reduction | SelectKBest: 166 → 80 features
2026-04-30 23:44:00 | INFO     | cross_validation |   Fold 4/5: train=1917 (orig=639, aug=1278), val=160, acc=70.62%  [0.0s]
2026-04-30 23:44:00 | DEBUG    | reduction | Scaler fitted on 640 samples, 166 features
2026-04-30 23:44:00 | DEBUG    | reduction | SelectKBest: 166 → 80 features
2026-04-30 23:44:00 | INFO     | cross_validation |   Fold 5/5: train=1920 (orig=640, aug=1280), val=159, acc=66.67%  [0.0s]
2026-04-30 23:44:00 | INFO     | cross_validation |   CV result: 71.83% ± 3.70%
2026-04-30 23:44:00 | INFO     | cross_validation |   Combo 6/20: {'n_neighbors': 6}
2026-04-30 23:44:00 | DEBUG    | reduction | Scaler fitted on 639 samples, 166 features
2026-04-30 23:44:00 | DEBUG    | reduction | SelectKBest: 166 → 80 features
2026-04-30 23:44:00 | INFO     | cross_validation |   Fold 1/5: train=1917 (orig=639, aug=1278), val=160, acc=69.38%  [0.0s]
2026-04-30 23:44:00 | DEBUG    | reduction | Scaler fitted on 639 samples, 166 features
2026-04-30 23:44:00 | DEBUG    | reduction | SelectKBest: 166 → 80 features
2026-04-30 23:44:00 | INFO     | cross_validation |   Fold 2/5: train=1917 (orig=639, aug=1278), val=160, acc=70.00%  [0.0s]
2026-04-30 23:44:00 | DEBUG    | reduction | Scaler fitted on 639 samples, 166 features
2026-04-30 23:44:00 | DEBUG    | reduction | SelectKBest: 166 → 80 features
2026-04-30 23:44:00 | INFO     | cross_validation |   Fold 3/5: train=1917 (orig=639, aug=1278), val=160, acc=79.38%  [0.0s]
2026-04-30 23:44:00 | DEBUG    | reduction | Scaler fitted on 639 samples, 166 features
2026-04-30 23:44:00 | DEBUG    | reduction | SelectKBest: 166 → 80 features
2026-04-30 23:44:00 | INFO     | cross_validation |   Fold 4/5: train=1917 (orig=639, aug=1278), val=160, acc=71.25%  [0.0s]
2026-04-30 23:44:00 | DEBUG    | reduction | Scaler fitted on 640 samples, 166 features
2026-04-30 23:44:00 | DEBUG    | reduction | SelectKBest: 166 → 80 features
2026-04-30 23:44:00 | INFO     | cross_validation |   Fold 5/5: train=1920 (orig=640, aug=1280), val=159, acc=67.92%  [0.0s]
2026-04-30 23:44:00 | INFO     | cross_validation |   CV result: 71.58% ± 4.04%
2026-04-30 23:44:00 | INFO     | cross_validation |   Combo 7/20: {'n_neighbors': 7}
2026-04-30 23:44:00 | DEBUG    | reduction | Scaler fitted on 639 samples, 166 features
2026-04-30 23:44:00 | DEBUG    | reduction | SelectKBest: 166 → 80 features
2026-04-30 23:44:00 | INFO     | cross_validation |   Fold 1/5: train=1917 (orig=639, aug=1278), val=160, acc=71.88%  [0.0s]
2026-04-30 23:44:00 | DEBUG    | reduction | Scaler fitted on 639 samples, 166 features
2026-04-30 23:44:00 | DEBUG    | reduction | SelectKBest: 166 → 80 features
2026-04-30 23:44:00 | INFO     | cross_validation |   Fold 2/5: train=1917 (orig=639, aug=1278), val=160, acc=75.00%  [0.0s]
2026-04-30 23:44:00 | DEBUG    | reduction | Scaler fitted on 639 samples, 166 features
2026-04-30 23:44:00 | DEBUG    | reduction | SelectKBest: 166 → 80 features
2026-04-30 23:44:00 | INFO     | cross_validation |   Fold 3/5: train=1917 (orig=639, aug=1278), val=160, acc=78.12%  [0.0s]
2026-04-30 23:44:00 | DEBUG    | reduction | Scaler fitted on 639 samples, 166 features
2026-04-30 23:44:00 | DEBUG    | reduction | SelectKBest: 166 → 80 features
2026-04-30 23:44:00 | INFO     | cross_validation |   Fold 4/5: train=1917 (orig=639, aug=1278), val=160, acc=70.00%  [0.0s]
2026-04-30 23:44:00 | DEBUG    | reduction | Scaler fitted on 640 samples, 166 features
2026-04-30 23:44:00 | DEBUG    | reduction | SelectKBest: 166 → 80 features
2026-04-30 23:44:00 | INFO     | cross_validation |   Fold 5/5: train=1920 (orig=640, aug=1280), val=159, acc=70.44%  [0.0s]
2026-04-30 23:44:00 | INFO     | cross_validation |   CV result: 73.09% ± 3.07%
2026-04-30 23:44:00 | INFO     | cross_validation |   Combo 8/20: {'n_neighbors': 8}
2026-04-30 23:44:00 | DEBUG    | reduction | Scaler fitted on 639 samples, 166 features
2026-04-30 23:44:00 | DEBUG    | reduction | SelectKBest: 166 → 80 features
2026-04-30 23:44:00 | INFO     | cross_validation |   Fold 1/5: train=1917 (orig=639, aug=1278), val=160, acc=73.12%  [0.0s]
2026-04-30 23:44:00 | DEBUG    | reduction | Scaler fitted on 639 samples, 166 features
2026-04-30 23:44:00 | DEBUG    | reduction | SelectKBest: 166 → 80 features
2026-04-30 23:44:00 | INFO     | cross_validation |   Fold 2/5: train=1917 (orig=639, aug=1278), val=160, acc=72.50%  [0.0s]
2026-04-30 23:44:00 | DEBUG    | reduction | Scaler fitted on 639 samples, 166 features
2026-04-30 23:44:00 | DEBUG    | reduction | SelectKBest: 166 → 80 features
2026-04-30 23:44:00 | INFO     | cross_validation |   Fold 3/5: train=1917 (orig=639, aug=1278), val=160, acc=78.75%  [0.0s]
2026-04-30 23:44:00 | DEBUG    | reduction | Scaler fitted on 639 samples, 166 features
2026-04-30 23:44:00 | DEBUG    | reduction | SelectKBest: 166 → 80 features
2026-04-30 23:44:00 | INFO     | cross_validation |   Fold 4/5: train=1917 (orig=639, aug=1278), val=160, acc=68.12%  [0.0s]
2026-04-30 23:44:00 | DEBUG    | reduction | Scaler fitted on 640 samples, 166 features
2026-04-30 23:44:00 | DEBUG    | reduction | SelectKBest: 166 → 80 features
2026-04-30 23:44:01 | INFO     | cross_validation |   Fold 5/5: train=1920 (orig=640, aug=1280), val=159, acc=70.44%  [0.0s]
2026-04-30 23:44:01 | INFO     | cross_validation |   CV result: 72.59% ± 3.54%
2026-04-30 23:44:01 | INFO     | cross_validation |   Combo 9/20: {'n_neighbors': 9}
2026-04-30 23:44:01 | DEBUG    | reduction | Scaler fitted on 639 samples, 166 features
2026-04-30 23:44:01 | DEBUG    | reduction | SelectKBest: 166 → 80 features
2026-04-30 23:44:01 | INFO     | cross_validation |   Fold 1/5: train=1917 (orig=639, aug=1278), val=160, acc=73.12%  [0.0s]
2026-04-30 23:44:01 | DEBUG    | reduction | Scaler fitted on 639 samples, 166 features
2026-04-30 23:44:01 | DEBUG    | reduction | SelectKBest: 166 → 80 features
2026-04-30 23:44:01 | INFO     | cross_validation |   Fold 2/5: train=1917 (orig=639, aug=1278), val=160, acc=73.12%  [0.0s]
2026-04-30 23:44:01 | DEBUG    | reduction | Scaler fitted on 639 samples, 166 features
2026-04-30 23:44:01 | DEBUG    | reduction | SelectKBest: 166 → 80 features
2026-04-30 23:44:01 | INFO     | cross_validation |   Fold 3/5: train=1917 (orig=639, aug=1278), val=160, acc=77.50%  [0.0s]
2026-04-30 23:44:01 | DEBUG    | reduction | Scaler fitted on 639 samples, 166 features
2026-04-30 23:44:01 | DEBUG    | reduction | SelectKBest: 166 → 80 features
2026-04-30 23:44:01 | INFO     | cross_validation |   Fold 4/5: train=1917 (orig=639, aug=1278), val=160, acc=70.00%  [0.0s]
2026-04-30 23:44:01 | DEBUG    | reduction | Scaler fitted on 640 samples, 166 features
2026-04-30 23:44:01 | DEBUG    | reduction | SelectKBest: 166 → 80 features
2026-04-30 23:44:01 | INFO     | cross_validation |   Fold 5/5: train=1920 (orig=640, aug=1280), val=159, acc=70.44%  [0.0s]
2026-04-30 23:44:01 | INFO     | cross_validation |   CV result: 72.84% ± 2.67%
2026-04-30 23:44:01 | INFO     | cross_validation |   Combo 10/20: {'n_neighbors': 10}
2026-04-30 23:44:01 | DEBUG    | reduction | Scaler fitted on 639 samples, 166 features
2026-04-30 23:44:01 | DEBUG    | reduction | SelectKBest: 166 → 80 features
2026-04-30 23:44:01 | INFO     | cross_validation |   Fold 1/5: train=1917 (orig=639, aug=1278), val=160, acc=70.62%  [0.0s]
2026-04-30 23:44:01 | DEBUG    | reduction | Scaler fitted on 639 samples, 166 features
2026-04-30 23:44:01 | DEBUG    | reduction | SelectKBest: 166 → 80 features
2026-04-30 23:44:01 | INFO     | cross_validation |   Fold 2/5: train=1917 (orig=639, aug=1278), val=160, acc=68.75%  [0.0s]
2026-04-30 23:44:01 | DEBUG    | reduction | Scaler fitted on 639 samples, 166 features
2026-04-30 23:44:01 | DEBUG    | reduction | SelectKBest: 166 → 80 features
2026-04-30 23:44:01 | INFO     | cross_validation |   Fold 3/5: train=1917 (orig=639, aug=1278), val=160, acc=80.62%  [0.0s]
2026-04-30 23:44:01 | DEBUG    | reduction | Scaler fitted on 639 samples, 166 features
2026-04-30 23:44:01 | DEBUG    | reduction | SelectKBest: 166 → 80 features
2026-04-30 23:44:01 | INFO     | cross_validation |   Fold 4/5: train=1917 (orig=639, aug=1278), val=160, acc=68.75%  [0.0s]
2026-04-30 23:44:01 | DEBUG    | reduction | Scaler fitted on 640 samples, 166 features
2026-04-30 23:44:01 | DEBUG    | reduction | SelectKBest: 166 → 80 features
2026-04-30 23:44:01 | INFO     | cross_validation |   Fold 5/5: train=1920 (orig=640, aug=1280), val=159, acc=73.58%  [0.0s]
2026-04-30 23:44:01 | INFO     | cross_validation |   CV result: 72.47% ± 4.45%
2026-04-30 23:44:01 | INFO     | cross_validation |   Combo 11/20: {'n_neighbors': 11}
2026-04-30 23:44:01 | DEBUG    | reduction | Scaler fitted on 639 samples, 166 features
2026-04-30 23:44:01 | DEBUG    | reduction | SelectKBest: 166 → 80 features
2026-04-30 23:44:01 | INFO     | cross_validation |   Fold 1/5: train=1917 (orig=639, aug=1278), val=160, acc=72.50%  [0.0s]
2026-04-30 23:44:01 | DEBUG    | reduction | Scaler fitted on 639 samples, 166 features
2026-04-30 23:44:01 | DEBUG    | reduction | SelectKBest: 166 → 80 features
2026-04-30 23:44:01 | INFO     | cross_validation |   Fold 2/5: train=1917 (orig=639, aug=1278), val=160, acc=68.75%  [0.0s]
2026-04-30 23:44:01 | DEBUG    | reduction | Scaler fitted on 639 samples, 166 features
2026-04-30 23:44:01 | DEBUG    | reduction | SelectKBest: 166 → 80 features
2026-04-30 23:44:01 | INFO     | cross_validation |   Fold 3/5: train=1917 (orig=639, aug=1278), val=160, acc=80.00%  [0.0s]
2026-04-30 23:44:01 | DEBUG    | reduction | Scaler fitted on 639 samples, 166 features
2026-04-30 23:44:01 | DEBUG    | reduction | SelectKBest: 166 → 80 features
2026-04-30 23:44:01 | INFO     | cross_validation |   Fold 4/5: train=1917 (orig=639, aug=1278), val=160, acc=68.75%  [0.0s]
2026-04-30 23:44:01 | DEBUG    | reduction | Scaler fitted on 640 samples, 166 features
2026-04-30 23:44:01 | DEBUG    | reduction | SelectKBest: 166 → 80 features
2026-04-30 23:44:01 | INFO     | cross_validation |   Fold 5/5: train=1920 (orig=640, aug=1280), val=159, acc=72.96%  [0.0s]
2026-04-30 23:44:01 | INFO     | cross_validation |   CV result: 72.59% ± 4.11%
2026-04-30 23:44:01 | INFO     | cross_validation |   Combo 12/20: {'n_neighbors': 12}
2026-04-30 23:44:01 | DEBUG    | reduction | Scaler fitted on 639 samples, 166 features
2026-04-30 23:44:01 | DEBUG    | reduction | SelectKBest: 166 → 80 features
2026-04-30 23:44:01 | INFO     | cross_validation |   Fold 1/5: train=1917 (orig=639, aug=1278), val=160, acc=70.62%  [0.0s]
2026-04-30 23:44:01 | DEBUG    | reduction | Scaler fitted on 639 samples, 166 features
2026-04-30 23:44:01 | DEBUG    | reduction | SelectKBest: 166 → 80 features
2026-04-30 23:44:01 | INFO     | cross_validation |   Fold 2/5: train=1917 (orig=639, aug=1278), val=160, acc=68.12%  [0.0s]
2026-04-30 23:44:01 | DEBUG    | reduction | Scaler fitted on 639 samples, 166 features
2026-04-30 23:44:01 | DEBUG    | reduction | SelectKBest: 166 → 80 features
2026-04-30 23:44:01 | INFO     | cross_validation |   Fold 3/5: train=1917 (orig=639, aug=1278), val=160, acc=78.75%  [0.0s]
2026-04-30 23:44:01 | DEBUG    | reduction | Scaler fitted on 639 samples, 166 features
2026-04-30 23:44:01 | DEBUG    | reduction | SelectKBest: 166 → 80 features
2026-04-30 23:44:01 | INFO     | cross_validation |   Fold 4/5: train=1917 (orig=639, aug=1278), val=160, acc=69.38%  [0.0s]
2026-04-30 23:44:01 | DEBUG    | reduction | Scaler fitted on 640 samples, 166 features
2026-04-30 23:44:01 | DEBUG    | reduction | SelectKBest: 166 → 80 features
2026-04-30 23:44:01 | INFO     | cross_validation |   Fold 5/5: train=1920 (orig=640, aug=1280), val=159, acc=73.58%  [0.0s]
2026-04-30 23:44:01 | INFO     | cross_validation |   CV result: 72.09% ± 3.79%
2026-04-30 23:44:01 | INFO     | cross_validation |   Combo 13/20: {'n_neighbors': 13}
2026-04-30 23:44:01 | DEBUG    | reduction | Scaler fitted on 639 samples, 166 features
2026-04-30 23:44:01 | DEBUG    | reduction | SelectKBest: 166 → 80 features
2026-04-30 23:44:01 | INFO     | cross_validation |   Fold 1/5: train=1917 (orig=639, aug=1278), val=160, acc=73.12%  [0.0s]
2026-04-30 23:44:01 | DEBUG    | reduction | Scaler fitted on 639 samples, 166 features
2026-04-30 23:44:01 | DEBUG    | reduction | SelectKBest: 166 → 80 features
2026-04-30 23:44:01 | INFO     | cross_validation |   Fold 2/5: train=1917 (orig=639, aug=1278), val=160, acc=69.38%  [0.0s]
2026-04-30 23:44:01 | DEBUG    | reduction | Scaler fitted on 639 samples, 166 features
2026-04-30 23:44:01 | DEBUG    | reduction | SelectKBest: 166 → 80 features
2026-04-30 23:44:01 | INFO     | cross_validation |   Fold 3/5: train=1917 (orig=639, aug=1278), val=160, acc=78.75%  [0.0s]
2026-04-30 23:44:01 | DEBUG    | reduction | Scaler fitted on 639 samples, 166 features
2026-04-30 23:44:01 | DEBUG    | reduction | SelectKBest: 166 → 80 features
2026-04-30 23:44:01 | INFO     | cross_validation |   Fold 4/5: train=1917 (orig=639, aug=1278), val=160, acc=70.00%  [0.0s]
2026-04-30 23:44:01 | DEBUG    | reduction | Scaler fitted on 640 samples, 166 features
2026-04-30 23:44:01 | DEBUG    | reduction | SelectKBest: 166 → 80 features
2026-04-30 23:44:01 | INFO     | cross_validation |   Fold 5/5: train=1920 (orig=640, aug=1280), val=159, acc=71.70%  [0.0s]
2026-04-30 23:44:01 | INFO     | cross_validation |   CV result: 72.59% ± 3.35%
2026-04-30 23:44:01 | INFO     | cross_validation |   Combo 14/20: {'n_neighbors': 14}
2026-04-30 23:44:01 | DEBUG    | reduction | Scaler fitted on 639 samples, 166 features
2026-04-30 23:44:01 | DEBUG    | reduction | SelectKBest: 166 → 80 features
2026-04-30 23:44:01 | INFO     | cross_validation |   Fold 1/5: train=1917 (orig=639, aug=1278), val=160, acc=70.62%  [0.0s]
2026-04-30 23:44:01 | DEBUG    | reduction | Scaler fitted on 639 samples, 166 features
2026-04-30 23:44:01 | DEBUG    | reduction | SelectKBest: 166 → 80 features
2026-04-30 23:44:01 | INFO     | cross_validation |   Fold 2/5: train=1917 (orig=639, aug=1278), val=160, acc=68.12%  [0.0s]
2026-04-30 23:44:01 | DEBUG    | reduction | Scaler fitted on 639 samples, 166 features
2026-04-30 23:44:01 | DEBUG    | reduction | SelectKBest: 166 → 80 features
2026-04-30 23:44:01 | INFO     | cross_validation |   Fold 3/5: train=1917 (orig=639, aug=1278), val=160, acc=80.00%  [0.0s]
2026-04-30 23:44:01 | DEBUG    | reduction | Scaler fitted on 639 samples, 166 features
2026-04-30 23:44:01 | DEBUG    | reduction | SelectKBest: 166 → 80 features
2026-04-30 23:44:01 | INFO     | cross_validation |   Fold 4/5: train=1917 (orig=639, aug=1278), val=160, acc=70.62%  [0.0s]
2026-04-30 23:44:01 | DEBUG    | reduction | Scaler fitted on 640 samples, 166 features
2026-04-30 23:44:01 | DEBUG    | reduction | SelectKBest: 166 → 80 features
2026-04-30 23:44:01 | INFO     | cross_validation |   Fold 5/5: train=1920 (orig=640, aug=1280), val=159, acc=71.07%  [0.0s]
2026-04-30 23:44:01 | INFO     | cross_validation |   CV result: 72.09% ± 4.09%
2026-04-30 23:44:01 | INFO     | cross_validation |   Combo 15/20: {'n_neighbors': 15}
2026-04-30 23:44:01 | DEBUG    | reduction | Scaler fitted on 639 samples, 166 features
2026-04-30 23:44:01 | DEBUG    | reduction | SelectKBest: 166 → 80 features
2026-04-30 23:44:01 | INFO     | cross_validation |   Fold 1/5: train=1917 (orig=639, aug=1278), val=160, acc=71.88%  [0.0s]
2026-04-30 23:44:01 | DEBUG    | reduction | Scaler fitted on 639 samples, 166 features
2026-04-30 23:44:01 | DEBUG    | reduction | SelectKBest: 166 → 80 features
2026-04-30 23:44:01 | INFO     | cross_validation |   Fold 2/5: train=1917 (orig=639, aug=1278), val=160, acc=67.50%  [0.0s]
2026-04-30 23:44:01 | DEBUG    | reduction | Scaler fitted on 639 samples, 166 features
2026-04-30 23:44:01 | DEBUG    | reduction | SelectKBest: 166 → 80 features
2026-04-30 23:44:01 | INFO     | cross_validation |   Fold 3/5: train=1917 (orig=639, aug=1278), val=160, acc=77.50%  [0.0s]
2026-04-30 23:44:01 | DEBUG    | reduction | Scaler fitted on 639 samples, 166 features
2026-04-30 23:44:01 | DEBUG    | reduction | SelectKBest: 166 → 80 features
2026-04-30 23:44:01 | INFO     | cross_validation |   Fold 4/5: train=1917 (orig=639, aug=1278), val=160, acc=68.75%  [0.0s]
2026-04-30 23:44:01 | DEBUG    | reduction | Scaler fitted on 640 samples, 166 features
2026-04-30 23:44:01 | DEBUG    | reduction | SelectKBest: 166 → 80 features
2026-04-30 23:44:01 | INFO     | cross_validation |   Fold 5/5: train=1920 (orig=640, aug=1280), val=159, acc=69.81%  [0.0s]
2026-04-30 23:44:01 | INFO     | cross_validation |   CV result: 71.09% ± 3.51%
2026-04-30 23:44:01 | INFO     | cross_validation |   Combo 16/20: {'n_neighbors': 16}
2026-04-30 23:44:01 | DEBUG    | reduction | Scaler fitted on 639 samples, 166 features
2026-04-30 23:44:01 | DEBUG    | reduction | SelectKBest: 166 → 80 features
2026-04-30 23:44:01 | INFO     | cross_validation |   Fold 1/5: train=1917 (orig=639, aug=1278), val=160, acc=71.25%  [0.0s]
2026-04-30 23:44:01 | DEBUG    | reduction | Scaler fitted on 639 samples, 166 features
2026-04-30 23:44:01 | DEBUG    | reduction | SelectKBest: 166 → 80 features
2026-04-30 23:44:01 | INFO     | cross_validation |   Fold 2/5: train=1917 (orig=639, aug=1278), val=160, acc=68.12%  [0.0s]
2026-04-30 23:44:01 | DEBUG    | reduction | Scaler fitted on 639 samples, 166 features
2026-04-30 23:44:01 | DEBUG    | reduction | SelectKBest: 166 → 80 features
2026-04-30 23:44:01 | INFO     | cross_validation |   Fold 3/5: train=1917 (orig=639, aug=1278), val=160, acc=75.00%  [0.0s]
2026-04-30 23:44:01 | DEBUG    | reduction | Scaler fitted on 639 samples, 166 features
2026-04-30 23:44:01 | DEBUG    | reduction | SelectKBest: 166 → 80 features
2026-04-30 23:44:01 | INFO     | cross_validation |   Fold 4/5: train=1917 (orig=639, aug=1278), val=160, acc=69.38%  [0.0s]
2026-04-30 23:44:01 | DEBUG    | reduction | Scaler fitted on 640 samples, 166 features
2026-04-30 23:44:01 | DEBUG    | reduction | SelectKBest: 166 → 80 features
2026-04-30 23:44:01 | INFO     | cross_validation |   Fold 5/5: train=1920 (orig=640, aug=1280), val=159, acc=69.81%  [0.0s]
2026-04-30 23:44:01 | INFO     | cross_validation |   CV result: 70.71% ± 2.37%
2026-04-30 23:44:01 | INFO     | cross_validation |   Combo 17/20: {'n_neighbors': 17}
2026-04-30 23:44:01 | DEBUG    | reduction | Scaler fitted on 639 samples, 166 features
2026-04-30 23:44:01 | DEBUG    | reduction | SelectKBest: 166 → 80 features
2026-04-30 23:44:01 | INFO     | cross_validation |   Fold 1/5: train=1917 (orig=639, aug=1278), val=160, acc=70.62%  [0.0s]
2026-04-30 23:44:01 | DEBUG    | reduction | Scaler fitted on 639 samples, 166 features
2026-04-30 23:44:01 | DEBUG    | reduction | SelectKBest: 166 → 80 features
2026-04-30 23:44:01 | INFO     | cross_validation |   Fold 2/5: train=1917 (orig=639, aug=1278), val=160, acc=67.50%  [0.0s]
2026-04-30 23:44:01 | DEBUG    | reduction | Scaler fitted on 639 samples, 166 features
2026-04-30 23:44:01 | DEBUG    | reduction | SelectKBest: 166 → 80 features
2026-04-30 23:44:01 | INFO     | cross_validation |   Fold 3/5: train=1917 (orig=639, aug=1278), val=160, acc=74.38%  [0.0s]
2026-04-30 23:44:01 | DEBUG    | reduction | Scaler fitted on 639 samples, 166 features
2026-04-30 23:44:01 | DEBUG    | reduction | SelectKBest: 166 → 80 features
2026-04-30 23:44:01 | INFO     | cross_validation |   Fold 4/5: train=1917 (orig=639, aug=1278), val=160, acc=69.38%  [0.0s]
2026-04-30 23:44:01 | DEBUG    | reduction | Scaler fitted on 640 samples, 166 features
2026-04-30 23:44:01 | DEBUG    | reduction | SelectKBest: 166 → 80 features
2026-04-30 23:44:01 | INFO     | cross_validation |   Fold 5/5: train=1920 (orig=640, aug=1280), val=159, acc=70.44%  [0.0s]
2026-04-30 23:44:01 | INFO     | cross_validation |   CV result: 70.46% ± 2.25%
2026-04-30 23:44:01 | INFO     | cross_validation |   Combo 18/20: {'n_neighbors': 18}
2026-04-30 23:44:01 | DEBUG    | reduction | Scaler fitted on 639 samples, 166 features
2026-04-30 23:44:01 | DEBUG    | reduction | SelectKBest: 166 → 80 features
2026-04-30 23:44:01 | INFO     | cross_validation |   Fold 1/5: train=1917 (orig=639, aug=1278), val=160, acc=70.62%  [0.0s]
2026-04-30 23:44:01 | DEBUG    | reduction | Scaler fitted on 639 samples, 166 features
2026-04-30 23:44:02 | DEBUG    | reduction | SelectKBest: 166 → 80 features
2026-04-30 23:44:02 | INFO     | cross_validation |   Fold 2/5: train=1917 (orig=639, aug=1278), val=160, acc=69.38%  [0.0s]
2026-04-30 23:44:02 | DEBUG    | reduction | Scaler fitted on 639 samples, 166 features
2026-04-30 23:44:02 | DEBUG    | reduction | SelectKBest: 166 → 80 features
2026-04-30 23:44:02 | INFO     | cross_validation |   Fold 3/5: train=1917 (orig=639, aug=1278), val=160, acc=72.50%  [0.0s]
2026-04-30 23:44:02 | DEBUG    | reduction | Scaler fitted on 639 samples, 166 features
2026-04-30 23:44:02 | DEBUG    | reduction | SelectKBest: 166 → 80 features
2026-04-30 23:44:02 | INFO     | cross_validation |   Fold 4/5: train=1917 (orig=639, aug=1278), val=160, acc=69.38%  [0.0s]
2026-04-30 23:44:02 | DEBUG    | reduction | Scaler fitted on 640 samples, 166 features
2026-04-30 23:44:02 | DEBUG    | reduction | SelectKBest: 166 → 80 features
2026-04-30 23:44:02 | INFO     | cross_validation |   Fold 5/5: train=1920 (orig=640, aug=1280), val=159, acc=69.81%  [0.0s]
2026-04-30 23:44:02 | INFO     | cross_validation |   CV result: 70.34% ± 1.17%
2026-04-30 23:44:02 | INFO     | cross_validation |   Combo 19/20: {'n_neighbors': 19}
2026-04-30 23:44:02 | DEBUG    | reduction | Scaler fitted on 639 samples, 166 features
2026-04-30 23:44:02 | DEBUG    | reduction | SelectKBest: 166 → 80 features
2026-04-30 23:44:02 | INFO     | cross_validation |   Fold 1/5: train=1917 (orig=639, aug=1278), val=160, acc=70.62%  [0.0s]
2026-04-30 23:44:02 | DEBUG    | reduction | Scaler fitted on 639 samples, 166 features
2026-04-30 23:44:02 | DEBUG    | reduction | SelectKBest: 166 → 80 features
2026-04-30 23:44:02 | INFO     | cross_validation |   Fold 2/5: train=1917 (orig=639, aug=1278), val=160, acc=68.75%  [0.0s]
2026-04-30 23:44:02 | DEBUG    | reduction | Scaler fitted on 639 samples, 166 features
2026-04-30 23:44:02 | DEBUG    | reduction | SelectKBest: 166 → 80 features
2026-04-30 23:44:02 | INFO     | cross_validation |   Fold 3/5: train=1917 (orig=639, aug=1278), val=160, acc=74.38%  [0.0s]
2026-04-30 23:44:02 | DEBUG    | reduction | Scaler fitted on 639 samples, 166 features
2026-04-30 23:44:02 | DEBUG    | reduction | SelectKBest: 166 → 80 features
2026-04-30 23:44:02 | INFO     | cross_validation |   Fold 4/5: train=1917 (orig=639, aug=1278), val=160, acc=69.38%  [0.0s]
2026-04-30 23:44:02 | DEBUG    | reduction | Scaler fitted on 640 samples, 166 features
2026-04-30 23:44:02 | DEBUG    | reduction | SelectKBest: 166 → 80 features
2026-04-30 23:44:02 | INFO     | cross_validation |   Fold 5/5: train=1920 (orig=640, aug=1280), val=159, acc=71.07%  [0.0s]
2026-04-30 23:44:02 | INFO     | cross_validation |   CV result: 70.84% ± 1.95%
2026-04-30 23:44:02 | INFO     | cross_validation |   Combo 20/20: {'n_neighbors': 20}
2026-04-30 23:44:02 | DEBUG    | reduction | Scaler fitted on 639 samples, 166 features
2026-04-30 23:44:02 | DEBUG    | reduction | SelectKBest: 166 → 80 features
2026-04-30 23:44:02 | INFO     | cross_validation |   Fold 1/5: train=1917 (orig=639, aug=1278), val=160, acc=73.12%  [0.0s]
2026-04-30 23:44:02 | DEBUG    | reduction | Scaler fitted on 639 samples, 166 features
2026-04-30 23:44:02 | DEBUG    | reduction | SelectKBest: 166 → 80 features
2026-04-30 23:44:02 | INFO     | cross_validation |   Fold 2/5: train=1917 (orig=639, aug=1278), val=160, acc=67.50%  [0.0s]
2026-04-30 23:44:02 | DEBUG    | reduction | Scaler fitted on 639 samples, 166 features
2026-04-30 23:44:02 | DEBUG    | reduction | SelectKBest: 166 → 80 features
2026-04-30 23:44:02 | INFO     | cross_validation |   Fold 3/5: train=1917 (orig=639, aug=1278), val=160, acc=73.75%  [0.0s]
2026-04-30 23:44:02 | DEBUG    | reduction | Scaler fitted on 639 samples, 166 features
2026-04-30 23:44:02 | DEBUG    | reduction | SelectKBest: 166 → 80 features
2026-04-30 23:44:02 | INFO     | cross_validation |   Fold 4/5: train=1917 (orig=639, aug=1278), val=160, acc=70.00%  [0.0s]
2026-04-30 23:44:02 | DEBUG    | reduction | Scaler fitted on 640 samples, 166 features
2026-04-30 23:44:02 | DEBUG    | reduction | SelectKBest: 166 → 80 features
2026-04-30 23:44:02 | INFO     | cross_validation |   Fold 5/5: train=1920 (orig=640, aug=1280), val=159, acc=71.07%  [0.0s]
2026-04-30 23:44:02 | INFO     | cross_validation |   CV result: 71.09% ± 2.25%
2026-04-30 23:44:02 | INFO     | cross_validation |   Best params: {'n_neighbors': 7}
2026-04-30 23:44:02 | INFO     | cross_validation |   Best CV: 73.09% ± 3.07%
2026-04-30 23:44:02 | INFO     | cross_validation | ✓ grid_search_cv finished in 2.2s
2026-04-30 23:44:02 | INFO     | main | ────────────────────────────────────────────────────────────
2026-04-30 23:44:02 | INFO     | main |   KNN [skb, no-aug]
2026-04-30 23:44:02 | INFO     | main | ────────────────────────────────────────────────────────────
2026-04-30 23:44:02 | INFO     | cross_validation | → grid_search_cv started
2026-04-30 23:44:02 | INFO     | cross_validation | Grid search: 20 parameter combinations × 5 folds
2026-04-30 23:44:02 | INFO     | cross_validation |   Combo 1/20: {'n_neighbors': 1}
2026-04-30 23:44:02 | DEBUG    | reduction | Scaler fitted on 639 samples, 166 features
2026-04-30 23:44:02 | DEBUG    | reduction | SelectKBest: 166 → 80 features
2026-04-30 23:44:02 | INFO     | cross_validation |   Fold 1/5: train=639 (orig=639, aug=0), val=160, acc=67.50%  [0.0s]
2026-04-30 23:44:02 | DEBUG    | reduction | Scaler fitted on 639 samples, 166 features
2026-04-30 23:44:02 | DEBUG    | reduction | SelectKBest: 166 → 80 features
2026-04-30 23:44:02 | INFO     | cross_validation |   Fold 2/5: train=639 (orig=639, aug=0), val=160, acc=69.38%  [0.0s]
2026-04-30 23:44:02 | DEBUG    | reduction | Scaler fitted on 639 samples, 166 features
2026-04-30 23:44:02 | DEBUG    | reduction | SelectKBest: 166 → 80 features
2026-04-30 23:44:02 | INFO     | cross_validation |   Fold 3/5: train=639 (orig=639, aug=0), val=160, acc=77.50%  [0.0s]
2026-04-30 23:44:02 | DEBUG    | reduction | Scaler fitted on 639 samples, 166 features
2026-04-30 23:44:02 | DEBUG    | reduction | SelectKBest: 166 → 80 features
2026-04-30 23:44:02 | INFO     | cross_validation |   Fold 4/5: train=639 (orig=639, aug=0), val=160, acc=78.75%  [0.0s]
2026-04-30 23:44:02 | DEBUG    | reduction | Scaler fitted on 640 samples, 166 features
2026-04-30 23:44:02 | DEBUG    | reduction | SelectKBest: 166 → 80 features
2026-04-30 23:44:02 | INFO     | cross_validation |   Fold 5/5: train=640 (orig=640, aug=0), val=159, acc=66.04%  [0.0s]
2026-04-30 23:44:02 | INFO     | cross_validation |   CV result: 71.83% ± 5.26%
2026-04-30 23:44:02 | INFO     | cross_validation |   Combo 2/20: {'n_neighbors': 2}
2026-04-30 23:44:02 | DEBUG    | reduction | Scaler fitted on 639 samples, 166 features
2026-04-30 23:44:02 | DEBUG    | reduction | SelectKBest: 166 → 80 features
2026-04-30 23:44:02 | INFO     | cross_validation |   Fold 1/5: train=639 (orig=639, aug=0), val=160, acc=62.50%  [0.0s]
2026-04-30 23:44:02 | DEBUG    | reduction | Scaler fitted on 639 samples, 166 features
2026-04-30 23:44:02 | DEBUG    | reduction | SelectKBest: 166 → 80 features
2026-04-30 23:44:02 | INFO     | cross_validation |   Fold 2/5: train=639 (orig=639, aug=0), val=160, acc=65.62%  [0.0s]
2026-04-30 23:44:02 | DEBUG    | reduction | Scaler fitted on 639 samples, 166 features
2026-04-30 23:44:02 | DEBUG    | reduction | SelectKBest: 166 → 80 features
2026-04-30 23:44:02 | INFO     | cross_validation |   Fold 3/5: train=639 (orig=639, aug=0), val=160, acc=74.38%  [0.0s]
2026-04-30 23:44:02 | DEBUG    | reduction | Scaler fitted on 639 samples, 166 features
2026-04-30 23:44:02 | DEBUG    | reduction | SelectKBest: 166 → 80 features
2026-04-30 23:44:02 | INFO     | cross_validation |   Fold 4/5: train=639 (orig=639, aug=0), val=160, acc=66.25%  [0.0s]
2026-04-30 23:44:02 | DEBUG    | reduction | Scaler fitted on 640 samples, 166 features
2026-04-30 23:44:02 | DEBUG    | reduction | SelectKBest: 166 → 80 features
2026-04-30 23:44:02 | INFO     | cross_validation |   Fold 5/5: train=640 (orig=640, aug=0), val=159, acc=65.41%  [0.0s]
2026-04-30 23:44:02 | INFO     | cross_validation |   CV result: 66.83% ± 3.99%
2026-04-30 23:44:02 | INFO     | cross_validation |   Combo 3/20: {'n_neighbors': 3}
2026-04-30 23:44:02 | DEBUG    | reduction | Scaler fitted on 639 samples, 166 features
2026-04-30 23:44:02 | DEBUG    | reduction | SelectKBest: 166 → 80 features
2026-04-30 23:44:02 | INFO     | cross_validation |   Fold 1/5: train=639 (orig=639, aug=0), val=160, acc=65.62%  [0.0s]
2026-04-30 23:44:02 | DEBUG    | reduction | Scaler fitted on 639 samples, 166 features
2026-04-30 23:44:02 | DEBUG    | reduction | SelectKBest: 166 → 80 features
2026-04-30 23:44:02 | INFO     | cross_validation |   Fold 2/5: train=639 (orig=639, aug=0), val=160, acc=69.38%  [0.0s]
2026-04-30 23:44:02 | DEBUG    | reduction | Scaler fitted on 639 samples, 166 features
2026-04-30 23:44:02 | DEBUG    | reduction | SelectKBest: 166 → 80 features
2026-04-30 23:44:02 | INFO     | cross_validation |   Fold 3/5: train=639 (orig=639, aug=0), val=160, acc=72.50%  [0.0s]
2026-04-30 23:44:02 | DEBUG    | reduction | Scaler fitted on 639 samples, 166 features
2026-04-30 23:44:02 | DEBUG    | reduction | SelectKBest: 166 → 80 features
2026-04-30 23:44:02 | INFO     | cross_validation |   Fold 4/5: train=639 (orig=639, aug=0), val=160, acc=68.12%  [0.0s]
2026-04-30 23:44:02 | DEBUG    | reduction | Scaler fitted on 640 samples, 166 features
2026-04-30 23:44:02 | DEBUG    | reduction | SelectKBest: 166 → 80 features
2026-04-30 23:44:02 | INFO     | cross_validation |   Fold 5/5: train=640 (orig=640, aug=0), val=159, acc=68.55%  [0.0s]
2026-04-30 23:44:02 | INFO     | cross_validation |   CV result: 68.84% ± 2.22%
2026-04-30 23:44:02 | INFO     | cross_validation |   Combo 4/20: {'n_neighbors': 4}
2026-04-30 23:44:02 | DEBUG    | reduction | Scaler fitted on 639 samples, 166 features
2026-04-30 23:44:02 | DEBUG    | reduction | SelectKBest: 166 → 80 features
2026-04-30 23:44:02 | INFO     | cross_validation |   Fold 1/5: train=639 (orig=639, aug=0), val=160, acc=69.38%  [0.0s]
2026-04-30 23:44:02 | DEBUG    | reduction | Scaler fitted on 639 samples, 166 features
2026-04-30 23:44:02 | DEBUG    | reduction | SelectKBest: 166 → 80 features
2026-04-30 23:44:02 | INFO     | cross_validation |   Fold 2/5: train=639 (orig=639, aug=0), val=160, acc=70.00%  [0.0s]
2026-04-30 23:44:02 | DEBUG    | reduction | Scaler fitted on 639 samples, 166 features
2026-04-30 23:44:02 | DEBUG    | reduction | SelectKBest: 166 → 80 features
2026-04-30 23:44:02 | INFO     | cross_validation |   Fold 3/5: train=639 (orig=639, aug=0), val=160, acc=76.25%  [0.0s]
2026-04-30 23:44:02 | DEBUG    | reduction | Scaler fitted on 639 samples, 166 features
2026-04-30 23:44:02 | DEBUG    | reduction | SelectKBest: 166 → 80 features
2026-04-30 23:44:02 | INFO     | cross_validation |   Fold 4/5: train=639 (orig=639, aug=0), val=160, acc=70.00%  [0.0s]
2026-04-30 23:44:02 | DEBUG    | reduction | Scaler fitted on 640 samples, 166 features
2026-04-30 23:44:02 | DEBUG    | reduction | SelectKBest: 166 → 80 features
2026-04-30 23:44:02 | INFO     | cross_validation |   Fold 5/5: train=640 (orig=640, aug=0), val=159, acc=71.07%  [0.0s]
2026-04-30 23:44:02 | INFO     | cross_validation |   CV result: 71.34% ± 2.52%
2026-04-30 23:44:02 | INFO     | cross_validation |   Combo 5/20: {'n_neighbors': 5}
2026-04-30 23:44:02 | DEBUG    | reduction | Scaler fitted on 639 samples, 166 features
2026-04-30 23:44:02 | DEBUG    | reduction | SelectKBest: 166 → 80 features
2026-04-30 23:44:02 | INFO     | cross_validation |   Fold 1/5: train=639 (orig=639, aug=0), val=160, acc=68.75%  [0.0s]
2026-04-30 23:44:02 | DEBUG    | reduction | Scaler fitted on 639 samples, 166 features
2026-04-30 23:44:02 | DEBUG    | reduction | SelectKBest: 166 → 80 features
2026-04-30 23:44:02 | INFO     | cross_validation |   Fold 2/5: train=639 (orig=639, aug=0), val=160, acc=70.00%  [0.0s]
2026-04-30 23:44:02 | DEBUG    | reduction | Scaler fitted on 639 samples, 166 features
2026-04-30 23:44:02 | DEBUG    | reduction | SelectKBest: 166 → 80 features
2026-04-30 23:44:02 | INFO     | cross_validation |   Fold 3/5: train=639 (orig=639, aug=0), val=160, acc=75.62%  [0.0s]
2026-04-30 23:44:02 | DEBUG    | reduction | Scaler fitted on 639 samples, 166 features
2026-04-30 23:44:02 | DEBUG    | reduction | SelectKBest: 166 → 80 features
2026-04-30 23:44:02 | INFO     | cross_validation |   Fold 4/5: train=639 (orig=639, aug=0), val=160, acc=69.38%  [0.0s]
2026-04-30 23:44:02 | DEBUG    | reduction | Scaler fitted on 640 samples, 166 features
2026-04-30 23:44:02 | DEBUG    | reduction | SelectKBest: 166 → 80 features
2026-04-30 23:44:02 | INFO     | cross_validation |   Fold 5/5: train=640 (orig=640, aug=0), val=159, acc=65.41%  [0.0s]
2026-04-30 23:44:02 | INFO     | cross_validation |   CV result: 69.83% ± 3.30%
2026-04-30 23:44:02 | INFO     | cross_validation |   Combo 6/20: {'n_neighbors': 6}
2026-04-30 23:44:02 | DEBUG    | reduction | Scaler fitted on 639 samples, 166 features
2026-04-30 23:44:02 | DEBUG    | reduction | SelectKBest: 166 → 80 features
2026-04-30 23:44:02 | INFO     | cross_validation |   Fold 1/5: train=639 (orig=639, aug=0), val=160, acc=66.88%  [0.0s]
2026-04-30 23:44:02 | DEBUG    | reduction | Scaler fitted on 639 samples, 166 features
2026-04-30 23:44:02 | DEBUG    | reduction | SelectKBest: 166 → 80 features
2026-04-30 23:44:02 | INFO     | cross_validation |   Fold 2/5: train=639 (orig=639, aug=0), val=160, acc=66.25%  [0.0s]
2026-04-30 23:44:02 | DEBUG    | reduction | Scaler fitted on 639 samples, 166 features
2026-04-30 23:44:02 | DEBUG    | reduction | SelectKBest: 166 → 80 features
2026-04-30 23:44:02 | INFO     | cross_validation |   Fold 3/5: train=639 (orig=639, aug=0), val=160, acc=76.25%  [0.0s]
2026-04-30 23:44:02 | DEBUG    | reduction | Scaler fitted on 639 samples, 166 features
2026-04-30 23:44:02 | DEBUG    | reduction | SelectKBest: 166 → 80 features
2026-04-30 23:44:02 | INFO     | cross_validation |   Fold 4/5: train=639 (orig=639, aug=0), val=160, acc=71.25%  [0.0s]
2026-04-30 23:44:02 | DEBUG    | reduction | Scaler fitted on 640 samples, 166 features
2026-04-30 23:44:02 | DEBUG    | reduction | SelectKBest: 166 → 80 features
2026-04-30 23:44:02 | INFO     | cross_validation |   Fold 5/5: train=640 (orig=640, aug=0), val=159, acc=69.18%  [0.0s]
2026-04-30 23:44:02 | INFO     | cross_validation |   CV result: 69.96% ± 3.61%
2026-04-30 23:44:02 | INFO     | cross_validation |   Combo 7/20: {'n_neighbors': 7}
2026-04-30 23:44:02 | DEBUG    | reduction | Scaler fitted on 639 samples, 166 features
2026-04-30 23:44:02 | DEBUG    | reduction | SelectKBest: 166 → 80 features
2026-04-30 23:44:02 | INFO     | cross_validation |   Fold 1/5: train=639 (orig=639, aug=0), val=160, acc=67.50%  [0.0s]
2026-04-30 23:44:02 | DEBUG    | reduction | Scaler fitted on 639 samples, 166 features
2026-04-30 23:44:02 | DEBUG    | reduction | SelectKBest: 166 → 80 features
2026-04-30 23:44:02 | INFO     | cross_validation |   Fold 2/5: train=639 (orig=639, aug=0), val=160, acc=70.00%  [0.0s]
2026-04-30 23:44:02 | DEBUG    | reduction | Scaler fitted on 639 samples, 166 features
2026-04-30 23:44:02 | DEBUG    | reduction | SelectKBest: 166 → 80 features
2026-04-30 23:44:02 | INFO     | cross_validation |   Fold 3/5: train=639 (orig=639, aug=0), val=160, acc=76.25%  [0.0s]
2026-04-30 23:44:02 | DEBUG    | reduction | Scaler fitted on 639 samples, 166 features
2026-04-30 23:44:02 | DEBUG    | reduction | SelectKBest: 166 → 80 features
2026-04-30 23:44:02 | INFO     | cross_validation |   Fold 4/5: train=639 (orig=639, aug=0), val=160, acc=72.50%  [0.0s]
2026-04-30 23:44:02 | DEBUG    | reduction | Scaler fitted on 640 samples, 166 features
2026-04-30 23:44:02 | DEBUG    | reduction | SelectKBest: 166 → 80 features
2026-04-30 23:44:02 | INFO     | cross_validation |   Fold 5/5: train=640 (orig=640, aug=0), val=159, acc=69.81%  [0.0s]
2026-04-30 23:44:02 | INFO     | cross_validation |   CV result: 71.21% ± 2.97%
2026-04-30 23:44:02 | INFO     | cross_validation |   Combo 8/20: {'n_neighbors': 8}
2026-04-30 23:44:02 | DEBUG    | reduction | Scaler fitted on 639 samples, 166 features
2026-04-30 23:44:02 | DEBUG    | reduction | SelectKBest: 166 → 80 features
2026-04-30 23:44:02 | INFO     | cross_validation |   Fold 1/5: train=639 (orig=639, aug=0), val=160, acc=70.00%  [0.0s]
2026-04-30 23:44:02 | DEBUG    | reduction | Scaler fitted on 639 samples, 166 features
2026-04-30 23:44:02 | DEBUG    | reduction | SelectKBest: 166 → 80 features
2026-04-30 23:44:02 | INFO     | cross_validation |   Fold 2/5: train=639 (orig=639, aug=0), val=160, acc=70.62%  [0.0s]
2026-04-30 23:44:02 | DEBUG    | reduction | Scaler fitted on 639 samples, 166 features
2026-04-30 23:44:02 | DEBUG    | reduction | SelectKBest: 166 → 80 features
2026-04-30 23:44:02 | INFO     | cross_validation |   Fold 3/5: train=639 (orig=639, aug=0), val=160, acc=76.88%  [0.0s]
2026-04-30 23:44:02 | DEBUG    | reduction | Scaler fitted on 639 samples, 166 features
2026-04-30 23:44:02 | DEBUG    | reduction | SelectKBest: 166 → 80 features
2026-04-30 23:44:02 | INFO     | cross_validation |   Fold 4/5: train=639 (orig=639, aug=0), val=160, acc=68.75%  [0.0s]
2026-04-30 23:44:02 | DEBUG    | reduction | Scaler fitted on 640 samples, 166 features
2026-04-30 23:44:02 | DEBUG    | reduction | SelectKBest: 166 → 80 features
2026-04-30 23:44:02 | INFO     | cross_validation |   Fold 5/5: train=640 (orig=640, aug=0), val=159, acc=68.55%  [0.0s]
2026-04-30 23:44:02 | INFO     | cross_validation |   CV result: 70.96% ± 3.06%
2026-04-30 23:44:02 | INFO     | cross_validation |   Combo 9/20: {'n_neighbors': 9}
2026-04-30 23:44:02 | DEBUG    | reduction | Scaler fitted on 639 samples, 166 features
2026-04-30 23:44:02 | DEBUG    | reduction | SelectKBest: 166 → 80 features
2026-04-30 23:44:02 | INFO     | cross_validation |   Fold 1/5: train=639 (orig=639, aug=0), val=160, acc=70.62%  [0.0s]
2026-04-30 23:44:02 | DEBUG    | reduction | Scaler fitted on 639 samples, 166 features
2026-04-30 23:44:02 | DEBUG    | reduction | SelectKBest: 166 → 80 features
2026-04-30 23:44:02 | INFO     | cross_validation |   Fold 2/5: train=639 (orig=639, aug=0), val=160, acc=67.50%  [0.0s]
2026-04-30 23:44:02 | DEBUG    | reduction | Scaler fitted on 639 samples, 166 features
2026-04-30 23:44:02 | DEBUG    | reduction | SelectKBest: 166 → 80 features
2026-04-30 23:44:02 | INFO     | cross_validation |   Fold 3/5: train=639 (orig=639, aug=0), val=160, acc=76.25%  [0.0s]
2026-04-30 23:44:02 | DEBUG    | reduction | Scaler fitted on 639 samples, 166 features
2026-04-30 23:44:02 | DEBUG    | reduction | SelectKBest: 166 → 80 features
2026-04-30 23:44:02 | INFO     | cross_validation |   Fold 4/5: train=639 (orig=639, aug=0), val=160, acc=68.75%  [0.0s]
2026-04-30 23:44:02 | DEBUG    | reduction | Scaler fitted on 640 samples, 166 features
2026-04-30 23:44:02 | DEBUG    | reduction | SelectKBest: 166 → 80 features
2026-04-30 23:44:02 | INFO     | cross_validation |   Fold 5/5: train=640 (orig=640, aug=0), val=159, acc=69.18%  [0.0s]
2026-04-30 23:44:02 | INFO     | cross_validation |   CV result: 70.46% ± 3.06%
2026-04-30 23:44:02 | INFO     | cross_validation |   Combo 10/20: {'n_neighbors': 10}
2026-04-30 23:44:02 | DEBUG    | reduction | Scaler fitted on 639 samples, 166 features
2026-04-30 23:44:02 | DEBUG    | reduction | SelectKBest: 166 → 80 features
2026-04-30 23:44:02 | INFO     | cross_validation |   Fold 1/5: train=639 (orig=639, aug=0), val=160, acc=70.62%  [0.0s]
2026-04-30 23:44:02 | DEBUG    | reduction | Scaler fitted on 639 samples, 166 features
2026-04-30 23:44:02 | DEBUG    | reduction | SelectKBest: 166 → 80 features
2026-04-30 23:44:02 | INFO     | cross_validation |   Fold 2/5: train=639 (orig=639, aug=0), val=160, acc=66.25%  [0.0s]
2026-04-30 23:44:02 | DEBUG    | reduction | Scaler fitted on 639 samples, 166 features
2026-04-30 23:44:02 | DEBUG    | reduction | SelectKBest: 166 → 80 features
2026-04-30 23:44:02 | INFO     | cross_validation |   Fold 3/5: train=639 (orig=639, aug=0), val=160, acc=75.62%  [0.0s]
2026-04-30 23:44:02 | DEBUG    | reduction | Scaler fitted on 639 samples, 166 features
2026-04-30 23:44:02 | DEBUG    | reduction | SelectKBest: 166 → 80 features
2026-04-30 23:44:02 | INFO     | cross_validation |   Fold 4/5: train=639 (orig=639, aug=0), val=160, acc=68.12%  [0.0s]
2026-04-30 23:44:02 | DEBUG    | reduction | Scaler fitted on 640 samples, 166 features
2026-04-30 23:44:02 | DEBUG    | reduction | SelectKBest: 166 → 80 features
2026-04-30 23:44:02 | INFO     | cross_validation |   Fold 5/5: train=640 (orig=640, aug=0), val=159, acc=70.44%  [0.0s]
2026-04-30 23:44:02 | INFO     | cross_validation |   CV result: 70.21% ± 3.15%
2026-04-30 23:44:02 | INFO     | cross_validation |   Combo 11/20: {'n_neighbors': 11}
2026-04-30 23:44:02 | DEBUG    | reduction | Scaler fitted on 639 samples, 166 features
2026-04-30 23:44:02 | DEBUG    | reduction | SelectKBest: 166 → 80 features
2026-04-30 23:44:02 | INFO     | cross_validation |   Fold 1/5: train=639 (orig=639, aug=0), val=160, acc=68.75%  [0.0s]
2026-04-30 23:44:02 | DEBUG    | reduction | Scaler fitted on 639 samples, 166 features
2026-04-30 23:44:02 | DEBUG    | reduction | SelectKBest: 166 → 80 features
2026-04-30 23:44:03 | INFO     | cross_validation |   Fold 2/5: train=639 (orig=639, aug=0), val=160, acc=65.62%  [0.0s]
2026-04-30 23:44:03 | DEBUG    | reduction | Scaler fitted on 639 samples, 166 features
2026-04-30 23:44:03 | DEBUG    | reduction | SelectKBest: 166 → 80 features
2026-04-30 23:44:03 | INFO     | cross_validation |   Fold 3/5: train=639 (orig=639, aug=0), val=160, acc=74.38%  [0.0s]
2026-04-30 23:44:03 | DEBUG    | reduction | Scaler fitted on 639 samples, 166 features
2026-04-30 23:44:03 | DEBUG    | reduction | SelectKBest: 166 → 80 features
2026-04-30 23:44:03 | INFO     | cross_validation |   Fold 4/5: train=639 (orig=639, aug=0), val=160, acc=68.12%  [0.0s]
2026-04-30 23:44:03 | DEBUG    | reduction | Scaler fitted on 640 samples, 166 features
2026-04-30 23:44:03 | DEBUG    | reduction | SelectKBest: 166 → 80 features
2026-04-30 23:44:03 | INFO     | cross_validation |   Fold 5/5: train=640 (orig=640, aug=0), val=159, acc=69.81%  [0.0s]
2026-04-30 23:44:03 | INFO     | cross_validation |   CV result: 69.34% ± 2.87%
2026-04-30 23:44:03 | INFO     | cross_validation |   Combo 12/20: {'n_neighbors': 12}
2026-04-30 23:44:03 | DEBUG    | reduction | Scaler fitted on 639 samples, 166 features
2026-04-30 23:44:03 | DEBUG    | reduction | SelectKBest: 166 → 80 features
2026-04-30 23:44:03 | INFO     | cross_validation |   Fold 1/5: train=639 (orig=639, aug=0), val=160, acc=70.00%  [0.0s]
2026-04-30 23:44:03 | DEBUG    | reduction | Scaler fitted on 639 samples, 166 features
2026-04-30 23:44:03 | DEBUG    | reduction | SelectKBest: 166 → 80 features
2026-04-30 23:44:03 | INFO     | cross_validation |   Fold 2/5: train=639 (orig=639, aug=0), val=160, acc=66.88%  [0.0s]
2026-04-30 23:44:03 | DEBUG    | reduction | Scaler fitted on 639 samples, 166 features
2026-04-30 23:44:03 | DEBUG    | reduction | SelectKBest: 166 → 80 features
2026-04-30 23:44:03 | INFO     | cross_validation |   Fold 3/5: train=639 (orig=639, aug=0), val=160, acc=75.00%  [0.0s]
2026-04-30 23:44:03 | DEBUG    | reduction | Scaler fitted on 639 samples, 166 features
2026-04-30 23:44:03 | DEBUG    | reduction | SelectKBest: 166 → 80 features
2026-04-30 23:44:03 | INFO     | cross_validation |   Fold 4/5: train=639 (orig=639, aug=0), val=160, acc=68.75%  [0.0s]
2026-04-30 23:44:03 | DEBUG    | reduction | Scaler fitted on 640 samples, 166 features
2026-04-30 23:44:03 | DEBUG    | reduction | SelectKBest: 166 → 80 features
2026-04-30 23:44:03 | INFO     | cross_validation |   Fold 5/5: train=640 (orig=640, aug=0), val=159, acc=70.44%  [0.0s]
2026-04-30 23:44:03 | INFO     | cross_validation |   CV result: 70.21% ± 2.69%
2026-04-30 23:44:03 | INFO     | cross_validation |   Combo 13/20: {'n_neighbors': 13}
2026-04-30 23:44:03 | DEBUG    | reduction | Scaler fitted on 639 samples, 166 features
2026-04-30 23:44:03 | DEBUG    | reduction | SelectKBest: 166 → 80 features
2026-04-30 23:44:03 | INFO     | cross_validation |   Fold 1/5: train=639 (orig=639, aug=0), val=160, acc=70.62%  [0.0s]
2026-04-30 23:44:03 | DEBUG    | reduction | Scaler fitted on 639 samples, 166 features
2026-04-30 23:44:03 | DEBUG    | reduction | SelectKBest: 166 → 80 features
2026-04-30 23:44:03 | INFO     | cross_validation |   Fold 2/5: train=639 (orig=639, aug=0), val=160, acc=68.12%  [0.0s]
2026-04-30 23:44:03 | DEBUG    | reduction | Scaler fitted on 639 samples, 166 features
2026-04-30 23:44:03 | DEBUG    | reduction | SelectKBest: 166 → 80 features
2026-04-30 23:44:03 | INFO     | cross_validation |   Fold 3/5: train=639 (orig=639, aug=0), val=160, acc=73.12%  [0.0s]
2026-04-30 23:44:03 | DEBUG    | reduction | Scaler fitted on 639 samples, 166 features
2026-04-30 23:44:03 | DEBUG    | reduction | SelectKBest: 166 → 80 features
2026-04-30 23:44:03 | INFO     | cross_validation |   Fold 4/5: train=639 (orig=639, aug=0), val=160, acc=68.75%  [0.0s]
2026-04-30 23:44:03 | DEBUG    | reduction | Scaler fitted on 640 samples, 166 features
2026-04-30 23:44:03 | DEBUG    | reduction | SelectKBest: 166 → 80 features
2026-04-30 23:44:03 | INFO     | cross_validation |   Fold 5/5: train=640 (orig=640, aug=0), val=159, acc=67.30%  [0.0s]
2026-04-30 23:44:03 | INFO     | cross_validation |   CV result: 69.58% ± 2.08%
2026-04-30 23:44:03 | INFO     | cross_validation |   Combo 14/20: {'n_neighbors': 14}
2026-04-30 23:44:03 | DEBUG    | reduction | Scaler fitted on 639 samples, 166 features
2026-04-30 23:44:03 | DEBUG    | reduction | SelectKBest: 166 → 80 features
2026-04-30 23:44:03 | INFO     | cross_validation |   Fold 1/5: train=639 (orig=639, aug=0), val=160, acc=69.38%  [0.0s]
2026-04-30 23:44:03 | DEBUG    | reduction | Scaler fitted on 639 samples, 166 features
2026-04-30 23:44:03 | DEBUG    | reduction | SelectKBest: 166 → 80 features
2026-04-30 23:44:03 | INFO     | cross_validation |   Fold 2/5: train=639 (orig=639, aug=0), val=160, acc=70.62%  [0.0s]
2026-04-30 23:44:03 | DEBUG    | reduction | Scaler fitted on 639 samples, 166 features
2026-04-30 23:44:03 | DEBUG    | reduction | SelectKBest: 166 → 80 features
2026-04-30 23:44:03 | INFO     | cross_validation |   Fold 3/5: train=639 (orig=639, aug=0), val=160, acc=71.88%  [0.0s]
2026-04-30 23:44:03 | DEBUG    | reduction | Scaler fitted on 639 samples, 166 features
2026-04-30 23:44:03 | DEBUG    | reduction | SelectKBest: 166 → 80 features
2026-04-30 23:44:03 | INFO     | cross_validation |   Fold 4/5: train=639 (orig=639, aug=0), val=160, acc=67.50%  [0.0s]
2026-04-30 23:44:03 | DEBUG    | reduction | Scaler fitted on 640 samples, 166 features
2026-04-30 23:44:03 | DEBUG    | reduction | SelectKBest: 166 → 80 features
2026-04-30 23:44:03 | INFO     | cross_validation |   Fold 5/5: train=640 (orig=640, aug=0), val=159, acc=68.55%  [0.0s]
2026-04-30 23:44:03 | INFO     | cross_validation |   CV result: 69.59% ± 1.53%
2026-04-30 23:44:03 | INFO     | cross_validation |   Combo 15/20: {'n_neighbors': 15}
2026-04-30 23:44:03 | DEBUG    | reduction | Scaler fitted on 639 samples, 166 features
2026-04-30 23:44:03 | DEBUG    | reduction | SelectKBest: 166 → 80 features
2026-04-30 23:44:03 | INFO     | cross_validation |   Fold 1/5: train=639 (orig=639, aug=0), val=160, acc=68.12%  [0.0s]
2026-04-30 23:44:03 | DEBUG    | reduction | Scaler fitted on 639 samples, 166 features
2026-04-30 23:44:03 | DEBUG    | reduction | SelectKBest: 166 → 80 features
2026-04-30 23:44:03 | INFO     | cross_validation |   Fold 2/5: train=639 (orig=639, aug=0), val=160, acc=67.50%  [0.0s]
2026-04-30 23:44:03 | DEBUG    | reduction | Scaler fitted on 639 samples, 166 features
2026-04-30 23:44:03 | DEBUG    | reduction | SelectKBest: 166 → 80 features
2026-04-30 23:44:03 | INFO     | cross_validation |   Fold 3/5: train=639 (orig=639, aug=0), val=160, acc=71.88%  [0.0s]
2026-04-30 23:44:03 | DEBUG    | reduction | Scaler fitted on 639 samples, 166 features
2026-04-30 23:44:03 | DEBUG    | reduction | SelectKBest: 166 → 80 features
2026-04-30 23:44:03 | INFO     | cross_validation |   Fold 4/5: train=639 (orig=639, aug=0), val=160, acc=67.50%  [0.0s]
2026-04-30 23:44:03 | DEBUG    | reduction | Scaler fitted on 640 samples, 166 features
2026-04-30 23:44:03 | DEBUG    | reduction | SelectKBest: 166 → 80 features
2026-04-30 23:44:03 | INFO     | cross_validation |   Fold 5/5: train=640 (orig=640, aug=0), val=159, acc=68.55%  [0.0s]
2026-04-30 23:44:03 | INFO     | cross_validation |   CV result: 68.71% ± 1.63%
2026-04-30 23:44:03 | INFO     | cross_validation |   Combo 16/20: {'n_neighbors': 16}
2026-04-30 23:44:03 | DEBUG    | reduction | Scaler fitted on 639 samples, 166 features
2026-04-30 23:44:03 | DEBUG    | reduction | SelectKBest: 166 → 80 features
2026-04-30 23:44:03 | INFO     | cross_validation |   Fold 1/5: train=639 (orig=639, aug=0), val=160, acc=70.00%  [0.0s]
2026-04-30 23:44:03 | DEBUG    | reduction | Scaler fitted on 639 samples, 166 features
2026-04-30 23:44:03 | DEBUG    | reduction | SelectKBest: 166 → 80 features
2026-04-30 23:44:03 | INFO     | cross_validation |   Fold 2/5: train=639 (orig=639, aug=0), val=160, acc=70.00%  [0.0s]
2026-04-30 23:44:03 | DEBUG    | reduction | Scaler fitted on 639 samples, 166 features
2026-04-30 23:44:03 | DEBUG    | reduction | SelectKBest: 166 → 80 features
2026-04-30 23:44:03 | INFO     | cross_validation |   Fold 3/5: train=639 (orig=639, aug=0), val=160, acc=69.38%  [0.0s]
2026-04-30 23:44:03 | DEBUG    | reduction | Scaler fitted on 639 samples, 166 features
2026-04-30 23:44:03 | DEBUG    | reduction | SelectKBest: 166 → 80 features
2026-04-30 23:44:03 | INFO     | cross_validation |   Fold 4/5: train=639 (orig=639, aug=0), val=160, acc=67.50%  [0.0s]
2026-04-30 23:44:03 | DEBUG    | reduction | Scaler fitted on 640 samples, 166 features
2026-04-30 23:44:03 | DEBUG    | reduction | SelectKBest: 166 → 80 features
2026-04-30 23:44:03 | INFO     | cross_validation |   Fold 5/5: train=640 (orig=640, aug=0), val=159, acc=69.18%  [0.0s]
2026-04-30 23:44:03 | INFO     | cross_validation |   CV result: 69.21% ± 0.92%
2026-04-30 23:44:03 | INFO     | cross_validation |   Combo 17/20: {'n_neighbors': 17}
2026-04-30 23:44:03 | DEBUG    | reduction | Scaler fitted on 639 samples, 166 features
2026-04-30 23:44:03 | DEBUG    | reduction | SelectKBest: 166 → 80 features
2026-04-30 23:44:03 | INFO     | cross_validation |   Fold 1/5: train=639 (orig=639, aug=0), val=160, acc=70.00%  [0.0s]
2026-04-30 23:44:03 | DEBUG    | reduction | Scaler fitted on 639 samples, 166 features
2026-04-30 23:44:03 | DEBUG    | reduction | SelectKBest: 166 → 80 features
2026-04-30 23:44:03 | INFO     | cross_validation |   Fold 2/5: train=639 (orig=639, aug=0), val=160, acc=64.38%  [0.0s]
2026-04-30 23:44:03 | DEBUG    | reduction | Scaler fitted on 639 samples, 166 features
2026-04-30 23:44:03 | DEBUG    | reduction | SelectKBest: 166 → 80 features
2026-04-30 23:44:03 | INFO     | cross_validation |   Fold 3/5: train=639 (orig=639, aug=0), val=160, acc=71.25%  [0.0s]
2026-04-30 23:44:03 | DEBUG    | reduction | Scaler fitted on 639 samples, 166 features
2026-04-30 23:44:03 | DEBUG    | reduction | SelectKBest: 166 → 80 features
2026-04-30 23:44:03 | INFO     | cross_validation |   Fold 4/5: train=639 (orig=639, aug=0), val=160, acc=63.75%  [0.0s]
2026-04-30 23:44:03 | DEBUG    | reduction | Scaler fitted on 640 samples, 166 features
2026-04-30 23:44:03 | DEBUG    | reduction | SelectKBest: 166 → 80 features
2026-04-30 23:44:03 | INFO     | cross_validation |   Fold 5/5: train=640 (orig=640, aug=0), val=159, acc=69.81%  [0.0s]
2026-04-30 23:44:03 | INFO     | cross_validation |   CV result: 67.84% ± 3.13%
2026-04-30 23:44:03 | INFO     | cross_validation |   Combo 18/20: {'n_neighbors': 18}
2026-04-30 23:44:03 | DEBUG    | reduction | Scaler fitted on 639 samples, 166 features
2026-04-30 23:44:03 | DEBUG    | reduction | SelectKBest: 166 → 80 features
2026-04-30 23:44:03 | INFO     | cross_validation |   Fold 1/5: train=639 (orig=639, aug=0), val=160, acc=68.75%  [0.0s]
2026-04-30 23:44:03 | DEBUG    | reduction | Scaler fitted on 639 samples, 166 features
2026-04-30 23:44:03 | DEBUG    | reduction | SelectKBest: 166 → 80 features
2026-04-30 23:44:03 | INFO     | cross_validation |   Fold 2/5: train=639 (orig=639, aug=0), val=160, acc=66.88%  [0.0s]
2026-04-30 23:44:03 | DEBUG    | reduction | Scaler fitted on 639 samples, 166 features
2026-04-30 23:44:03 | DEBUG    | reduction | SelectKBest: 166 → 80 features
2026-04-30 23:44:03 | INFO     | cross_validation |   Fold 3/5: train=639 (orig=639, aug=0), val=160, acc=68.12%  [0.0s]
2026-04-30 23:44:03 | DEBUG    | reduction | Scaler fitted on 639 samples, 166 features
2026-04-30 23:44:03 | DEBUG    | reduction | SelectKBest: 166 → 80 features
2026-04-30 23:44:03 | INFO     | cross_validation |   Fold 4/5: train=639 (orig=639, aug=0), val=160, acc=66.25%  [0.0s]
2026-04-30 23:44:03 | DEBUG    | reduction | Scaler fitted on 640 samples, 166 features
2026-04-30 23:44:03 | DEBUG    | reduction | SelectKBest: 166 → 80 features
2026-04-30 23:44:03 | INFO     | cross_validation |   Fold 5/5: train=640 (orig=640, aug=0), val=159, acc=71.07%  [0.0s]
2026-04-30 23:44:03 | INFO     | cross_validation |   CV result: 68.21% ± 1.68%
2026-04-30 23:44:03 | INFO     | cross_validation |   Combo 19/20: {'n_neighbors': 19}
2026-04-30 23:44:03 | DEBUG    | reduction | Scaler fitted on 639 samples, 166 features
2026-04-30 23:44:03 | DEBUG    | reduction | SelectKBest: 166 → 80 features
2026-04-30 23:44:03 | INFO     | cross_validation |   Fold 1/5: train=639 (orig=639, aug=0), val=160, acc=69.38%  [0.0s]
2026-04-30 23:44:03 | DEBUG    | reduction | Scaler fitted on 639 samples, 166 features
2026-04-30 23:44:03 | DEBUG    | reduction | SelectKBest: 166 → 80 features
2026-04-30 23:44:03 | INFO     | cross_validation |   Fold 2/5: train=639 (orig=639, aug=0), val=160, acc=65.00%  [0.0s]
2026-04-30 23:44:03 | DEBUG    | reduction | Scaler fitted on 639 samples, 166 features
2026-04-30 23:44:03 | DEBUG    | reduction | SelectKBest: 166 → 80 features
2026-04-30 23:44:03 | INFO     | cross_validation |   Fold 3/5: train=639 (orig=639, aug=0), val=160, acc=67.50%  [0.0s]
2026-04-30 23:44:03 | DEBUG    | reduction | Scaler fitted on 639 samples, 166 features
2026-04-30 23:44:03 | DEBUG    | reduction | SelectKBest: 166 → 80 features
2026-04-30 23:44:03 | INFO     | cross_validation |   Fold 4/5: train=639 (orig=639, aug=0), val=160, acc=65.00%  [0.0s]
2026-04-30 23:44:03 | DEBUG    | reduction | Scaler fitted on 640 samples, 166 features
2026-04-30 23:44:03 | DEBUG    | reduction | SelectKBest: 166 → 80 features
2026-04-30 23:44:03 | INFO     | cross_validation |   Fold 5/5: train=640 (orig=640, aug=0), val=159, acc=70.44%  [0.0s]
2026-04-30 23:44:03 | INFO     | cross_validation |   CV result: 67.46% ± 2.22%
2026-04-30 23:44:03 | INFO     | cross_validation |   Combo 20/20: {'n_neighbors': 20}
2026-04-30 23:44:03 | DEBUG    | reduction | Scaler fitted on 639 samples, 166 features
2026-04-30 23:44:03 | DEBUG    | reduction | SelectKBest: 166 → 80 features
2026-04-30 23:44:03 | INFO     | cross_validation |   Fold 1/5: train=639 (orig=639, aug=0), val=160, acc=68.12%  [0.0s]
2026-04-30 23:44:03 | DEBUG    | reduction | Scaler fitted on 639 samples, 166 features
2026-04-30 23:44:03 | DEBUG    | reduction | SelectKBest: 166 → 80 features
2026-04-30 23:44:03 | INFO     | cross_validation |   Fold 2/5: train=639 (orig=639, aug=0), val=160, acc=65.00%  [0.0s]
2026-04-30 23:44:03 | DEBUG    | reduction | Scaler fitted on 639 samples, 166 features
2026-04-30 23:44:03 | DEBUG    | reduction | SelectKBest: 166 → 80 features
2026-04-30 23:44:03 | INFO     | cross_validation |   Fold 3/5: train=639 (orig=639, aug=0), val=160, acc=68.12%  [0.0s]
2026-04-30 23:44:03 | DEBUG    | reduction | Scaler fitted on 639 samples, 166 features
2026-04-30 23:44:03 | DEBUG    | reduction | SelectKBest: 166 → 80 features
2026-04-30 23:44:03 | INFO     | cross_validation |   Fold 4/5: train=639 (orig=639, aug=0), val=160, acc=67.50%  [0.0s]
2026-04-30 23:44:03 | DEBUG    | reduction | Scaler fitted on 640 samples, 166 features
2026-04-30 23:44:03 | DEBUG    | reduction | SelectKBest: 166 → 80 features
2026-04-30 23:44:03 | INFO     | cross_validation |   Fold 5/5: train=640 (orig=640, aug=0), val=159, acc=71.70%  [0.0s]
2026-04-30 23:44:03 | INFO     | cross_validation |   CV result: 68.09% ± 2.14%
2026-04-30 23:44:03 | INFO     | cross_validation |   Best params: {'n_neighbors': 1}
2026-04-30 23:44:03 | INFO     | cross_validation |   Best CV: 71.83% ± 5.26%
2026-04-30 23:44:03 | INFO     | cross_validation | ✓ grid_search_cv finished in 1.3s
2026-04-30 23:44:03 | INFO     | main | ────────────────────────────────────────────────────────────
2026-04-30 23:44:03 | INFO     | main |   SVM (RBF) [raw, aug]
2026-04-30 23:44:03 | INFO     | main | ────────────────────────────────────────────────────────────
2026-04-30 23:44:03 | INFO     | cross_validation | → grid_search_cv started
2026-04-30 23:44:03 | INFO     | cross_validation | Grid search: 8 parameter combinations × 5 folds
2026-04-30 23:44:03 | INFO     | cross_validation |   Combo 1/8: {'C': 0.1, 'gamma': 'scale'}
2026-04-30 23:44:03 | DEBUG    | reduction | Scaler fitted on 639 samples, 166 features
2026-04-30 23:44:03 | INFO     | cross_validation |   Fold 1/5: train=1917 (orig=639, aug=1278), val=160, acc=61.88%  [0.3s]
2026-04-30 23:44:03 | DEBUG    | reduction | Scaler fitted on 639 samples, 166 features
2026-04-30 23:44:04 | INFO     | cross_validation |   Fold 2/5: train=1917 (orig=639, aug=1278), val=160, acc=55.00%  [0.3s]
2026-04-30 23:44:04 | DEBUG    | reduction | Scaler fitted on 639 samples, 166 features
2026-04-30 23:44:04 | INFO     | cross_validation |   Fold 3/5: train=1917 (orig=639, aug=1278), val=160, acc=56.25%  [0.4s]
2026-04-30 23:44:04 | DEBUG    | reduction | Scaler fitted on 639 samples, 166 features
2026-04-30 23:44:04 | INFO     | cross_validation |   Fold 4/5: train=1917 (orig=639, aug=1278), val=160, acc=60.00%  [0.3s]
2026-04-30 23:44:04 | DEBUG    | reduction | Scaler fitted on 640 samples, 166 features
2026-04-30 23:44:05 | INFO     | cross_validation |   Fold 5/5: train=1920 (orig=640, aug=1280), val=159, acc=52.83%  [0.3s]
2026-04-30 23:44:05 | INFO     | cross_validation |   CV result: 57.19% ± 3.30%
2026-04-30 23:44:05 | INFO     | cross_validation |   Combo 2/8: {'C': 0.1, 'gamma': 'auto'}
2026-04-30 23:44:05 | DEBUG    | reduction | Scaler fitted on 639 samples, 166 features
2026-04-30 23:44:05 | INFO     | cross_validation |   Fold 1/5: train=1917 (orig=639, aug=1278), val=160, acc=61.25%  [0.3s]
2026-04-30 23:44:05 | DEBUG    | reduction | Scaler fitted on 639 samples, 166 features
2026-04-30 23:44:05 | INFO     | cross_validation |   Fold 2/5: train=1917 (orig=639, aug=1278), val=160, acc=54.37%  [0.4s]
2026-04-30 23:44:05 | DEBUG    | reduction | Scaler fitted on 639 samples, 166 features
2026-04-30 23:44:06 | INFO     | cross_validation |   Fold 3/5: train=1917 (orig=639, aug=1278), val=160, acc=55.00%  [0.3s]
2026-04-30 23:44:06 | DEBUG    | reduction | Scaler fitted on 639 samples, 166 features
2026-04-30 23:44:06 | INFO     | cross_validation |   Fold 4/5: train=1917 (orig=639, aug=1278), val=160, acc=58.75%  [0.3s]
2026-04-30 23:44:06 | DEBUG    | reduction | Scaler fitted on 640 samples, 166 features
2026-04-30 23:44:06 | INFO     | cross_validation |   Fold 5/5: train=1920 (orig=640, aug=1280), val=159, acc=54.72%  [0.4s]
2026-04-30 23:44:06 | INFO     | cross_validation |   CV result: 56.82% ± 2.72%
2026-04-30 23:44:06 | INFO     | cross_validation |   Combo 3/8: {'C': 1, 'gamma': 'scale'}
2026-04-30 23:44:06 | DEBUG    | reduction | Scaler fitted on 639 samples, 166 features
2026-04-30 23:44:07 | INFO     | cross_validation |   Fold 1/5: train=1917 (orig=639, aug=1278), val=160, acc=73.75%  [0.3s]
2026-04-30 23:44:07 | DEBUG    | reduction | Scaler fitted on 639 samples, 166 features
2026-04-30 23:44:07 | INFO     | cross_validation |   Fold 2/5: train=1917 (orig=639, aug=1278), val=160, acc=74.38%  [0.2s]
2026-04-30 23:44:07 | DEBUG    | reduction | Scaler fitted on 639 samples, 166 features
2026-04-30 23:44:07 | INFO     | cross_validation |   Fold 3/5: train=1917 (orig=639, aug=1278), val=160, acc=76.25%  [0.2s]
2026-04-30 23:44:07 | DEBUG    | reduction | Scaler fitted on 639 samples, 166 features
2026-04-30 23:44:07 | INFO     | cross_validation |   Fold 4/5: train=1917 (orig=639, aug=1278), val=160, acc=69.38%  [0.3s]
2026-04-30 23:44:07 | DEBUG    | reduction | Scaler fitted on 640 samples, 166 features
2026-04-30 23:44:08 | INFO     | cross_validation |   Fold 5/5: train=1920 (orig=640, aug=1280), val=159, acc=71.07%  [0.2s]
2026-04-30 23:44:08 | INFO     | cross_validation |   CV result: 72.96% ± 2.44%
2026-04-30 23:44:08 | INFO     | cross_validation |   Combo 4/8: {'C': 1, 'gamma': 'auto'}
2026-04-30 23:44:08 | DEBUG    | reduction | Scaler fitted on 639 samples, 166 features
2026-04-30 23:44:08 | INFO     | cross_validation |   Fold 1/5: train=1917 (orig=639, aug=1278), val=160, acc=75.00%  [0.2s]
2026-04-30 23:44:08 | DEBUG    | reduction | Scaler fitted on 639 samples, 166 features
2026-04-30 23:44:08 | INFO     | cross_validation |   Fold 2/5: train=1917 (orig=639, aug=1278), val=160, acc=70.62%  [0.3s]
2026-04-30 23:44:08 | DEBUG    | reduction | Scaler fitted on 639 samples, 166 features
2026-04-30 23:44:08 | INFO     | cross_validation |   Fold 3/5: train=1917 (orig=639, aug=1278), val=160, acc=76.88%  [0.2s]
2026-04-30 23:44:08 | DEBUG    | reduction | Scaler fitted on 639 samples, 166 features
2026-04-30 23:44:09 | INFO     | cross_validation |   Fold 4/5: train=1917 (orig=639, aug=1278), val=160, acc=70.62%  [0.2s]
2026-04-30 23:44:09 | DEBUG    | reduction | Scaler fitted on 640 samples, 166 features
2026-04-30 23:44:09 | INFO     | cross_validation |   Fold 5/5: train=1920 (orig=640, aug=1280), val=159, acc=73.58%  [0.2s]
2026-04-30 23:44:09 | INFO     | cross_validation |   CV result: 73.34% ± 2.45%
2026-04-30 23:44:09 | INFO     | cross_validation |   Combo 5/8: {'C': 10, 'gamma': 'scale'}
2026-04-30 23:44:09 | DEBUG    | reduction | Scaler fitted on 639 samples, 166 features
2026-04-30 23:44:09 | INFO     | cross_validation |   Fold 1/5: train=1917 (orig=639, aug=1278), val=160, acc=74.38%  [0.3s]
2026-04-30 23:44:09 | DEBUG    | reduction | Scaler fitted on 639 samples, 166 features
2026-04-30 23:44:09 | INFO     | cross_validation |   Fold 2/5: train=1917 (orig=639, aug=1278), val=160, acc=75.00%  [0.2s]
2026-04-30 23:44:09 | DEBUG    | reduction | Scaler fitted on 639 samples, 166 features
2026-04-30 23:44:10 | INFO     | cross_validation |   Fold 3/5: train=1917 (orig=639, aug=1278), val=160, acc=74.38%  [0.3s]
2026-04-30 23:44:10 | DEBUG    | reduction | Scaler fitted on 639 samples, 166 features
2026-04-30 23:44:10 | INFO     | cross_validation |   Fold 4/5: train=1917 (orig=639, aug=1278), val=160, acc=71.25%  [0.3s]
2026-04-30 23:44:10 | DEBUG    | reduction | Scaler fitted on 640 samples, 166 features
2026-04-30 23:44:10 | INFO     | cross_validation |   Fold 5/5: train=1920 (orig=640, aug=1280), val=159, acc=67.92%  [0.2s]
2026-04-30 23:44:10 | INFO     | cross_validation |   CV result: 72.58% ± 2.67%
2026-04-30 23:44:10 | INFO     | cross_validation |   Combo 6/8: {'C': 10, 'gamma': 'auto'}
2026-04-30 23:44:10 | DEBUG    | reduction | Scaler fitted on 639 samples, 166 features
2026-04-30 23:44:10 | INFO     | cross_validation |   Fold 1/5: train=1917 (orig=639, aug=1278), val=160, acc=73.75%  [0.3s]
2026-04-30 23:44:10 | DEBUG    | reduction | Scaler fitted on 639 samples, 166 features
2026-04-30 23:44:11 | INFO     | cross_validation |   Fold 2/5: train=1917 (orig=639, aug=1278), val=160, acc=72.50%  [0.3s]
2026-04-30 23:44:11 | DEBUG    | reduction | Scaler fitted on 639 samples, 166 features
2026-04-30 23:44:11 | INFO     | cross_validation |   Fold 3/5: train=1917 (orig=639, aug=1278), val=160, acc=76.25%  [0.3s]
2026-04-30 23:44:11 | DEBUG    | reduction | Scaler fitted on 639 samples, 166 features
2026-04-30 23:44:11 | INFO     | cross_validation |   Fold 4/5: train=1917 (orig=639, aug=1278), val=160, acc=70.00%  [0.3s]
2026-04-30 23:44:11 | DEBUG    | reduction | Scaler fitted on 640 samples, 166 features
2026-04-30 23:44:11 | INFO     | cross_validation |   Fold 5/5: train=1920 (orig=640, aug=1280), val=159, acc=71.70%  [0.3s]
2026-04-30 23:44:11 | INFO     | cross_validation |   CV result: 72.84% ± 2.09%
2026-04-30 23:44:11 | INFO     | cross_validation |   Combo 7/8: {'C': 100, 'gamma': 'scale'}
2026-04-30 23:44:11 | DEBUG    | reduction | Scaler fitted on 639 samples, 166 features
2026-04-30 23:44:12 | INFO     | cross_validation |   Fold 1/5: train=1917 (orig=639, aug=1278), val=160, acc=74.38%  [0.2s]
2026-04-30 23:44:12 | DEBUG    | reduction | Scaler fitted on 639 samples, 166 features
2026-04-30 23:44:12 | INFO     | cross_validation |   Fold 2/5: train=1917 (orig=639, aug=1278), val=160, acc=74.38%  [0.3s]
2026-04-30 23:44:12 | DEBUG    | reduction | Scaler fitted on 639 samples, 166 features
2026-04-30 23:44:12 | INFO     | cross_validation |   Fold 3/5: train=1917 (orig=639, aug=1278), val=160, acc=74.38%  [0.2s]
2026-04-30 23:44:12 | DEBUG    | reduction | Scaler fitted on 639 samples, 166 features
2026-04-30 23:44:12 | INFO     | cross_validation |   Fold 4/5: train=1917 (orig=639, aug=1278), val=160, acc=71.25%  [0.3s]
2026-04-30 23:44:12 | DEBUG    | reduction | Scaler fitted on 640 samples, 166 features
2026-04-30 23:44:13 | INFO     | cross_validation |   Fold 5/5: train=1920 (orig=640, aug=1280), val=159, acc=69.18%  [0.2s]
2026-04-30 23:44:13 | INFO     | cross_validation |   CV result: 72.71% ± 2.14%
2026-04-30 23:44:13 | INFO     | cross_validation |   Combo 8/8: {'C': 100, 'gamma': 'auto'}
2026-04-30 23:44:13 | DEBUG    | reduction | Scaler fitted on 639 samples, 166 features
2026-04-30 23:44:13 | INFO     | cross_validation |   Fold 1/5: train=1917 (orig=639, aug=1278), val=160, acc=73.75%  [0.3s]
2026-04-30 23:44:13 | DEBUG    | reduction | Scaler fitted on 639 samples, 166 features
2026-04-30 23:44:13 | INFO     | cross_validation |   Fold 2/5: train=1917 (orig=639, aug=1278), val=160, acc=72.50%  [0.3s]
2026-04-30 23:44:13 | DEBUG    | reduction | Scaler fitted on 639 samples, 166 features
2026-04-30 23:44:14 | INFO     | cross_validation |   Fold 3/5: train=1917 (orig=639, aug=1278), val=160, acc=76.25%  [0.3s]
2026-04-30 23:44:14 | DEBUG    | reduction | Scaler fitted on 639 samples, 166 features
2026-04-30 23:44:14 | INFO     | cross_validation |   Fold 4/5: train=1917 (orig=639, aug=1278), val=160, acc=70.00%  [0.3s]
2026-04-30 23:44:14 | DEBUG    | reduction | Scaler fitted on 640 samples, 166 features
2026-04-30 23:44:14 | INFO     | cross_validation |   Fold 5/5: train=1920 (orig=640, aug=1280), val=159, acc=71.70%  [0.3s]
2026-04-30 23:44:14 | INFO     | cross_validation |   CV result: 72.84% ± 2.09%
2026-04-30 23:44:14 | INFO     | cross_validation |   Best params: {'C': 1, 'gamma': 'auto'}
2026-04-30 23:44:14 | INFO     | cross_validation |   Best CV: 73.34% ± 2.45%
2026-04-30 23:44:14 | INFO     | cross_validation | ✓ grid_search_cv finished in 11.1s
2026-04-30 23:44:14 | INFO     | main | ────────────────────────────────────────────────────────────
2026-04-30 23:44:14 | INFO     | main |   SVM (RBF) [raw, no-aug]
2026-04-30 23:44:14 | INFO     | main | ────────────────────────────────────────────────────────────
2026-04-30 23:44:14 | INFO     | cross_validation | → grid_search_cv started
2026-04-30 23:44:14 | INFO     | cross_validation | Grid search: 8 parameter combinations × 5 folds
2026-04-30 23:44:14 | INFO     | cross_validation |   Combo 1/8: {'C': 0.1, 'gamma': 'scale'}
2026-04-30 23:44:14 | DEBUG    | reduction | Scaler fitted on 639 samples, 166 features
2026-04-30 23:44:14 | INFO     | cross_validation |   Fold 1/5: train=639 (orig=639, aug=0), val=160, acc=56.88%  [0.1s]
2026-04-30 23:44:14 | DEBUG    | reduction | Scaler fitted on 639 samples, 166 features
2026-04-30 23:44:14 | INFO     | cross_validation |   Fold 2/5: train=639 (orig=639, aug=0), val=160, acc=48.75%  [0.1s]
2026-04-30 23:44:14 | DEBUG    | reduction | Scaler fitted on 639 samples, 166 features
2026-04-30 23:44:14 | INFO     | cross_validation |   Fold 3/5: train=639 (orig=639, aug=0), val=160, acc=53.75%  [0.0s]
2026-04-30 23:44:14 | DEBUG    | reduction | Scaler fitted on 639 samples, 166 features
2026-04-30 23:44:14 | INFO     | cross_validation |   Fold 4/5: train=639 (orig=639, aug=0), val=160, acc=56.25%  [0.0s]
2026-04-30 23:44:14 | DEBUG    | reduction | Scaler fitted on 640 samples, 166 features
2026-04-30 23:44:14 | INFO     | cross_validation |   Fold 5/5: train=640 (orig=640, aug=0), val=159, acc=56.60%  [0.0s]
2026-04-30 23:44:14 | INFO     | cross_validation |   CV result: 54.45% ± 3.06%
2026-04-30 23:44:14 | INFO     | cross_validation |   Combo 2/8: {'C': 0.1, 'gamma': 'auto'}
2026-04-30 23:44:14 | DEBUG    | reduction | Scaler fitted on 639 samples, 166 features
2026-04-30 23:44:15 | INFO     | cross_validation |   Fold 1/5: train=639 (orig=639, aug=0), val=160, acc=56.88%  [0.0s]
2026-04-30 23:44:15 | DEBUG    | reduction | Scaler fitted on 639 samples, 166 features
2026-04-30 23:44:15 | INFO     | cross_validation |   Fold 2/5: train=639 (orig=639, aug=0), val=160, acc=48.75%  [0.0s]
2026-04-30 23:44:15 | DEBUG    | reduction | Scaler fitted on 639 samples, 166 features
2026-04-30 23:44:15 | INFO     | cross_validation |   Fold 3/5: train=639 (orig=639, aug=0), val=160, acc=53.75%  [0.0s]
2026-04-30 23:44:15 | DEBUG    | reduction | Scaler fitted on 639 samples, 166 features
2026-04-30 23:44:15 | INFO     | cross_validation |   Fold 4/5: train=639 (orig=639, aug=0), val=160, acc=56.25%  [0.0s]
2026-04-30 23:44:15 | DEBUG    | reduction | Scaler fitted on 640 samples, 166 features
2026-04-30 23:44:15 | INFO     | cross_validation |   Fold 5/5: train=640 (orig=640, aug=0), val=159, acc=56.60%  [0.0s]
2026-04-30 23:44:15 | INFO     | cross_validation |   CV result: 54.45% ± 3.06%
2026-04-30 23:44:15 | INFO     | cross_validation |   Combo 3/8: {'C': 1, 'gamma': 'scale'}
2026-04-30 23:44:15 | DEBUG    | reduction | Scaler fitted on 639 samples, 166 features
2026-04-30 23:44:15 | INFO     | cross_validation |   Fold 1/5: train=639 (orig=639, aug=0), val=160, acc=73.75%  [0.0s]
2026-04-30 23:44:15 | DEBUG    | reduction | Scaler fitted on 639 samples, 166 features
2026-04-30 23:44:15 | INFO     | cross_validation |   Fold 2/5: train=639 (orig=639, aug=0), val=160, acc=66.88%  [0.0s]
2026-04-30 23:44:15 | DEBUG    | reduction | Scaler fitted on 639 samples, 166 features
2026-04-30 23:44:15 | INFO     | cross_validation |   Fold 3/5: train=639 (orig=639, aug=0), val=160, acc=75.62%  [0.0s]
2026-04-30 23:44:15 | DEBUG    | reduction | Scaler fitted on 639 samples, 166 features
2026-04-30 23:44:15 | INFO     | cross_validation |   Fold 4/5: train=639 (orig=639, aug=0), val=160, acc=71.88%  [0.0s]
2026-04-30 23:44:15 | DEBUG    | reduction | Scaler fitted on 640 samples, 166 features
2026-04-30 23:44:15 | INFO     | cross_validation |   Fold 5/5: train=640 (orig=640, aug=0), val=159, acc=71.07%  [0.0s]
2026-04-30 23:44:15 | INFO     | cross_validation |   CV result: 71.84% ± 2.94%
2026-04-30 23:44:15 | INFO     | cross_validation |   Combo 4/8: {'C': 1, 'gamma': 'auto'}
2026-04-30 23:44:15 | DEBUG    | reduction | Scaler fitted on 639 samples, 166 features
2026-04-30 23:44:15 | INFO     | cross_validation |   Fold 1/5: train=639 (orig=639, aug=0), val=160, acc=73.75%  [0.0s]
2026-04-30 23:44:15 | DEBUG    | reduction | Scaler fitted on 639 samples, 166 features
2026-04-30 23:44:15 | INFO     | cross_validation |   Fold 2/5: train=639 (orig=639, aug=0), val=160, acc=66.88%  [0.0s]
2026-04-30 23:44:15 | DEBUG    | reduction | Scaler fitted on 639 samples, 166 features
2026-04-30 23:44:15 | INFO     | cross_validation |   Fold 3/5: train=639 (orig=639, aug=0), val=160, acc=75.62%  [0.1s]
2026-04-30 23:44:15 | DEBUG    | reduction | Scaler fitted on 639 samples, 166 features
2026-04-30 23:44:15 | INFO     | cross_validation |   Fold 4/5: train=639 (orig=639, aug=0), val=160, acc=71.88%  [0.0s]
2026-04-30 23:44:15 | DEBUG    | reduction | Scaler fitted on 640 samples, 166 features
2026-04-30 23:44:15 | INFO     | cross_validation |   Fold 5/5: train=640 (orig=640, aug=0), val=159, acc=71.07%  [0.0s]
2026-04-30 23:44:15 | INFO     | cross_validation |   CV result: 71.84% ± 2.94%
2026-04-30 23:44:15 | INFO     | cross_validation |   Combo 5/8: {'C': 10, 'gamma': 'scale'}
2026-04-30 23:44:15 | DEBUG    | reduction | Scaler fitted on 639 samples, 166 features
2026-04-30 23:44:15 | INFO     | cross_validation |   Fold 1/5: train=639 (orig=639, aug=0), val=160, acc=73.12%  [0.0s]
2026-04-30 23:44:15 | DEBUG    | reduction | Scaler fitted on 639 samples, 166 features
2026-04-30 23:44:15 | INFO     | cross_validation |   Fold 2/5: train=639 (orig=639, aug=0), val=160, acc=70.62%  [0.0s]
2026-04-30 23:44:15 | DEBUG    | reduction | Scaler fitted on 639 samples, 166 features
2026-04-30 23:44:15 | INFO     | cross_validation |   Fold 3/5: train=639 (orig=639, aug=0), val=160, acc=75.62%  [0.0s]
2026-04-30 23:44:15 | DEBUG    | reduction | Scaler fitted on 639 samples, 166 features
2026-04-30 23:44:15 | INFO     | cross_validation |   Fold 4/5: train=639 (orig=639, aug=0), val=160, acc=75.62%  [0.0s]
2026-04-30 23:44:15 | DEBUG    | reduction | Scaler fitted on 640 samples, 166 features
2026-04-30 23:44:15 | INFO     | cross_validation |   Fold 5/5: train=640 (orig=640, aug=0), val=159, acc=74.84%  [0.0s]
2026-04-30 23:44:15 | INFO     | cross_validation |   CV result: 73.97% ± 1.90%
2026-04-30 23:44:15 | INFO     | cross_validation |   Combo 6/8: {'C': 10, 'gamma': 'auto'}
2026-04-30 23:44:15 | DEBUG    | reduction | Scaler fitted on 639 samples, 166 features
2026-04-30 23:44:15 | INFO     | cross_validation |   Fold 1/5: train=639 (orig=639, aug=0), val=160, acc=73.12%  [0.0s]
2026-04-30 23:44:15 | DEBUG    | reduction | Scaler fitted on 639 samples, 166 features
2026-04-30 23:44:15 | INFO     | cross_validation |   Fold 2/5: train=639 (orig=639, aug=0), val=160, acc=70.62%  [0.0s]
2026-04-30 23:44:15 | DEBUG    | reduction | Scaler fitted on 639 samples, 166 features
2026-04-30 23:44:16 | INFO     | cross_validation |   Fold 3/5: train=639 (orig=639, aug=0), val=160, acc=75.62%  [0.0s]
2026-04-30 23:44:16 | DEBUG    | reduction | Scaler fitted on 639 samples, 166 features
2026-04-30 23:44:16 | INFO     | cross_validation |   Fold 4/5: train=639 (orig=639, aug=0), val=160, acc=75.62%  [0.0s]
2026-04-30 23:44:16 | DEBUG    | reduction | Scaler fitted on 640 samples, 166 features
2026-04-30 23:44:16 | INFO     | cross_validation |   Fold 5/5: train=640 (orig=640, aug=0), val=159, acc=74.84%  [0.0s]
2026-04-30 23:44:16 | INFO     | cross_validation |   CV result: 73.97% ± 1.90%
2026-04-30 23:44:16 | INFO     | cross_validation |   Combo 7/8: {'C': 100, 'gamma': 'scale'}
2026-04-30 23:44:16 | DEBUG    | reduction | Scaler fitted on 639 samples, 166 features
2026-04-30 23:44:16 | INFO     | cross_validation |   Fold 1/5: train=639 (orig=639, aug=0), val=160, acc=73.12%  [0.0s]
2026-04-30 23:44:16 | DEBUG    | reduction | Scaler fitted on 639 samples, 166 features
2026-04-30 23:44:16 | INFO     | cross_validation |   Fold 2/5: train=639 (orig=639, aug=0), val=160, acc=70.62%  [0.0s]
2026-04-30 23:44:16 | DEBUG    | reduction | Scaler fitted on 639 samples, 166 features
2026-04-30 23:44:16 | INFO     | cross_validation |   Fold 3/5: train=639 (orig=639, aug=0), val=160, acc=75.62%  [0.0s]
2026-04-30 23:44:16 | DEBUG    | reduction | Scaler fitted on 639 samples, 166 features
2026-04-30 23:44:16 | INFO     | cross_validation |   Fold 4/5: train=639 (orig=639, aug=0), val=160, acc=75.62%  [0.1s]
2026-04-30 23:44:16 | DEBUG    | reduction | Scaler fitted on 640 samples, 166 features
2026-04-30 23:44:16 | INFO     | cross_validation |   Fold 5/5: train=640 (orig=640, aug=0), val=159, acc=74.84%  [0.1s]
2026-04-30 23:44:16 | INFO     | cross_validation |   CV result: 73.97% ± 1.90%
2026-04-30 23:44:16 | INFO     | cross_validation |   Combo 8/8: {'C': 100, 'gamma': 'auto'}
2026-04-30 23:44:16 | DEBUG    | reduction | Scaler fitted on 639 samples, 166 features
2026-04-30 23:44:16 | INFO     | cross_validation |   Fold 1/5: train=639 (orig=639, aug=0), val=160, acc=73.12%  [0.0s]
2026-04-30 23:44:16 | DEBUG    | reduction | Scaler fitted on 639 samples, 166 features
2026-04-30 23:44:16 | INFO     | cross_validation |   Fold 2/5: train=639 (orig=639, aug=0), val=160, acc=70.62%  [0.0s]
2026-04-30 23:44:16 | DEBUG    | reduction | Scaler fitted on 639 samples, 166 features
2026-04-30 23:44:16 | INFO     | cross_validation |   Fold 3/5: train=639 (orig=639, aug=0), val=160, acc=75.62%  [0.0s]
2026-04-30 23:44:16 | DEBUG    | reduction | Scaler fitted on 639 samples, 166 features
2026-04-30 23:44:16 | INFO     | cross_validation |   Fold 4/5: train=639 (orig=639, aug=0), val=160, acc=75.62%  [0.0s]
2026-04-30 23:44:16 | DEBUG    | reduction | Scaler fitted on 640 samples, 166 features
2026-04-30 23:44:16 | INFO     | cross_validation |   Fold 5/5: train=640 (orig=640, aug=0), val=159, acc=74.84%  [0.0s]
2026-04-30 23:44:16 | INFO     | cross_validation |   CV result: 73.97% ± 1.90%
2026-04-30 23:44:16 | INFO     | cross_validation |   Best params: {'C': 10, 'gamma': 'scale'}
2026-04-30 23:44:16 | INFO     | cross_validation |   Best CV: 73.97% ± 1.90%
2026-04-30 23:44:16 | INFO     | cross_validation | ✓ grid_search_cv finished in 1.9s
2026-04-30 23:44:16 | INFO     | main | ────────────────────────────────────────────────────────────
2026-04-30 23:44:16 | INFO     | main |   SVM (RBF) [pca, aug]
2026-04-30 23:44:16 | INFO     | main | ────────────────────────────────────────────────────────────
2026-04-30 23:44:16 | INFO     | cross_validation | → grid_search_cv started
2026-04-30 23:44:16 | INFO     | cross_validation | Grid search: 8 parameter combinations × 5 folds
2026-04-30 23:44:16 | INFO     | cross_validation |   Combo 1/8: {'C': 0.1, 'gamma': 'scale'}
2026-04-30 23:44:16 | DEBUG    | reduction | Scaler fitted on 639 samples, 166 features
2026-04-30 23:44:16 | DEBUG    | reduction | PCA: 166 → 82 components (95% var)
2026-04-30 23:44:16 | INFO     | cross_validation |   Fold 1/5: train=1917 (orig=639, aug=1278), val=160, acc=60.62%  [0.3s]
2026-04-30 23:44:16 | DEBUG    | reduction | Scaler fitted on 639 samples, 166 features
2026-04-30 23:44:17 | DEBUG    | reduction | PCA: 166 → 83 components (95% var)
2026-04-30 23:44:17 | INFO     | cross_validation |   Fold 2/5: train=1917 (orig=639, aug=1278), val=160, acc=55.62%  [0.4s]
2026-04-30 23:44:17 | DEBUG    | reduction | Scaler fitted on 639 samples, 166 features
2026-04-30 23:44:17 | DEBUG    | reduction | PCA: 166 → 83 components (95% var)
2026-04-30 23:44:17 | INFO     | cross_validation |   Fold 3/5: train=1917 (orig=639, aug=1278), val=160, acc=55.62%  [0.3s]
2026-04-30 23:44:17 | DEBUG    | reduction | Scaler fitted on 639 samples, 166 features
2026-04-30 23:44:17 | DEBUG    | reduction | PCA: 166 → 83 components (95% var)
2026-04-30 23:44:17 | INFO     | cross_validation |   Fold 4/5: train=1917 (orig=639, aug=1278), val=160, acc=60.62%  [0.3s]
2026-04-30 23:44:17 | DEBUG    | reduction | Scaler fitted on 640 samples, 166 features
2026-04-30 23:44:17 | DEBUG    | reduction | PCA: 166 → 82 components (95% var)
2026-04-30 23:44:18 | INFO     | cross_validation |   Fold 5/5: train=1920 (orig=640, aug=1280), val=159, acc=54.09%  [0.3s]
2026-04-30 23:44:18 | INFO     | cross_validation |   CV result: 57.32% ± 2.76%
2026-04-30 23:44:18 | INFO     | cross_validation |   Combo 2/8: {'C': 0.1, 'gamma': 'auto'}
2026-04-30 23:44:18 | DEBUG    | reduction | Scaler fitted on 639 samples, 166 features
2026-04-30 23:44:18 | DEBUG    | reduction | PCA: 166 → 82 components (95% var)
2026-04-30 23:44:18 | INFO     | cross_validation |   Fold 1/5: train=1917 (orig=639, aug=1278), val=160, acc=54.37%  [0.5s]
2026-04-30 23:44:18 | DEBUG    | reduction | Scaler fitted on 639 samples, 166 features
2026-04-30 23:44:18 | DEBUG    | reduction | PCA: 166 → 83 components (95% var)
2026-04-30 23:44:18 | INFO     | cross_validation |   Fold 2/5: train=1917 (orig=639, aug=1278), val=160, acc=51.88%  [0.3s]
2026-04-30 23:44:18 | DEBUG    | reduction | Scaler fitted on 639 samples, 166 features
2026-04-30 23:44:19 | DEBUG    | reduction | PCA: 166 → 83 components (95% var)
2026-04-30 23:44:19 | INFO     | cross_validation |   Fold 3/5: train=1917 (orig=639, aug=1278), val=160, acc=49.38%  [0.5s]
2026-04-30 23:44:19 | DEBUG    | reduction | Scaler fitted on 639 samples, 166 features
2026-04-30 23:44:19 | DEBUG    | reduction | PCA: 166 → 83 components (95% var)
2026-04-30 23:44:19 | INFO     | cross_validation |   Fold 4/5: train=1917 (orig=639, aug=1278), val=160, acc=56.88%  [0.5s]
2026-04-30 23:44:19 | DEBUG    | reduction | Scaler fitted on 640 samples, 166 features
2026-04-30 23:44:20 | DEBUG    | reduction | PCA: 166 → 82 components (95% var)
2026-04-30 23:44:20 | INFO     | cross_validation |   Fold 5/5: train=1920 (orig=640, aug=1280), val=159, acc=49.06%  [0.4s]
2026-04-30 23:44:20 | INFO     | cross_validation |   CV result: 52.31% ± 2.98%
2026-04-30 23:44:20 | INFO     | cross_validation |   Combo 3/8: {'C': 1, 'gamma': 'scale'}
2026-04-30 23:44:20 | DEBUG    | reduction | Scaler fitted on 639 samples, 166 features
2026-04-30 23:44:20 | DEBUG    | reduction | PCA: 166 → 82 components (95% var)
2026-04-30 23:44:20 | INFO     | cross_validation |   Fold 1/5: train=1917 (orig=639, aug=1278), val=160, acc=73.75%  [0.3s]
2026-04-30 23:44:20 | DEBUG    | reduction | Scaler fitted on 639 samples, 166 features
2026-04-30 23:44:20 | DEBUG    | reduction | PCA: 166 → 83 components (95% var)
2026-04-30 23:44:21 | INFO     | cross_validation |   Fold 2/5: train=1917 (orig=639, aug=1278), val=160, acc=72.50%  [0.4s]
2026-04-30 23:44:21 | DEBUG    | reduction | Scaler fitted on 639 samples, 166 features
2026-04-30 23:44:21 | DEBUG    | reduction | PCA: 166 → 83 components (95% var)
2026-04-30 23:44:21 | INFO     | cross_validation |   Fold 3/5: train=1917 (orig=639, aug=1278), val=160, acc=73.12%  [0.2s]
2026-04-30 23:44:21 | DEBUG    | reduction | Scaler fitted on 639 samples, 166 features
2026-04-30 23:44:21 | DEBUG    | reduction | PCA: 166 → 83 components (95% var)
2026-04-30 23:44:21 | INFO     | cross_validation |   Fold 4/5: train=1917 (orig=639, aug=1278), val=160, acc=68.75%  [0.7s]
2026-04-30 23:44:21 | DEBUG    | reduction | Scaler fitted on 640 samples, 166 features
2026-04-30 23:44:22 | DEBUG    | reduction | PCA: 166 → 82 components (95% var)
2026-04-30 23:44:22 | INFO     | cross_validation |   Fold 5/5: train=1920 (orig=640, aug=1280), val=159, acc=74.21%  [0.6s]
2026-04-30 23:44:22 | INFO     | cross_validation |   CV result: 72.47% ± 1.95%
2026-04-30 23:44:22 | INFO     | cross_validation |   Combo 4/8: {'C': 1, 'gamma': 'auto'}
2026-04-30 23:44:22 | DEBUG    | reduction | Scaler fitted on 639 samples, 166 features
2026-04-30 23:44:22 | DEBUG    | reduction | PCA: 166 → 82 components (95% var)
2026-04-30 23:44:22 | INFO     | cross_validation |   Fold 1/5: train=1917 (orig=639, aug=1278), val=160, acc=72.50%  [0.5s]
2026-04-30 23:44:22 | DEBUG    | reduction | Scaler fitted on 639 samples, 166 features
2026-04-30 23:44:23 | DEBUG    | reduction | PCA: 166 → 83 components (95% var)
2026-04-30 23:44:23 | INFO     | cross_validation |   Fold 2/5: train=1917 (orig=639, aug=1278), val=160, acc=66.88%  [0.6s]
2026-04-30 23:44:23 | DEBUG    | reduction | Scaler fitted on 639 samples, 166 features
2026-04-30 23:44:24 | DEBUG    | reduction | PCA: 166 → 83 components (95% var)
2026-04-30 23:44:24 | INFO     | cross_validation |   Fold 3/5: train=1917 (orig=639, aug=1278), val=160, acc=70.62%  [0.9s]
2026-04-30 23:44:24 | DEBUG    | reduction | Scaler fitted on 639 samples, 166 features
2026-04-30 23:44:24 | DEBUG    | reduction | PCA: 166 → 83 components (95% var)
2026-04-30 23:44:24 | INFO     | cross_validation |   Fold 4/5: train=1917 (orig=639, aug=1278), val=160, acc=70.62%  [0.3s]
2026-04-30 23:44:24 | DEBUG    | reduction | Scaler fitted on 640 samples, 166 features
2026-04-30 23:44:24 | DEBUG    | reduction | PCA: 166 → 82 components (95% var)
2026-04-30 23:44:25 | INFO     | cross_validation |   Fold 5/5: train=1920 (orig=640, aug=1280), val=159, acc=71.70%  [0.3s]
2026-04-30 23:44:25 | INFO     | cross_validation |   CV result: 70.46% ± 1.93%
2026-04-30 23:44:25 | INFO     | cross_validation |   Combo 5/8: {'C': 10, 'gamma': 'scale'}
2026-04-30 23:44:25 | DEBUG    | reduction | Scaler fitted on 639 samples, 166 features
2026-04-30 23:44:25 | DEBUG    | reduction | PCA: 166 → 82 components (95% var)
2026-04-30 23:44:25 | INFO     | cross_validation |   Fold 1/5: train=1917 (orig=639, aug=1278), val=160, acc=71.25%  [0.2s]
2026-04-30 23:44:25 | DEBUG    | reduction | Scaler fitted on 639 samples, 166 features
2026-04-30 23:44:25 | DEBUG    | reduction | PCA: 166 → 83 components (95% var)
2026-04-30 23:44:25 | INFO     | cross_validation |   Fold 2/5: train=1917 (orig=639, aug=1278), val=160, acc=69.38%  [0.4s]
2026-04-30 23:44:25 | DEBUG    | reduction | Scaler fitted on 639 samples, 166 features
2026-04-30 23:44:25 | DEBUG    | reduction | PCA: 166 → 83 components (95% var)
2026-04-30 23:44:26 | INFO     | cross_validation |   Fold 3/5: train=1917 (orig=639, aug=1278), val=160, acc=73.12%  [0.2s]
2026-04-30 23:44:26 | DEBUG    | reduction | Scaler fitted on 639 samples, 166 features
2026-04-30 23:44:26 | DEBUG    | reduction | PCA: 166 → 83 components (95% var)
2026-04-30 23:44:26 | INFO     | cross_validation |   Fold 4/5: train=1917 (orig=639, aug=1278), val=160, acc=68.75%  [0.3s]
2026-04-30 23:44:26 | DEBUG    | reduction | Scaler fitted on 640 samples, 166 features
2026-04-30 23:44:26 | DEBUG    | reduction | PCA: 166 → 82 components (95% var)
2026-04-30 23:44:26 | INFO     | cross_validation |   Fold 5/5: train=1920 (orig=640, aug=1280), val=159, acc=66.67%  [0.2s]
2026-04-30 23:44:26 | INFO     | cross_validation |   CV result: 69.83% ± 2.20%
2026-04-30 23:44:26 | INFO     | cross_validation |   Combo 6/8: {'C': 10, 'gamma': 'auto'}
2026-04-30 23:44:26 | DEBUG    | reduction | Scaler fitted on 639 samples, 166 features
2026-04-30 23:44:26 | DEBUG    | reduction | PCA: 166 → 82 components (95% var)
2026-04-30 23:44:27 | INFO     | cross_validation |   Fold 1/5: train=1917 (orig=639, aug=1278), val=160, acc=73.75%  [0.6s]
2026-04-30 23:44:27 | DEBUG    | reduction | Scaler fitted on 639 samples, 166 features
2026-04-30 23:44:27 | DEBUG    | reduction | PCA: 166 → 83 components (95% var)
2026-04-30 23:44:27 | INFO     | cross_validation |   Fold 2/5: train=1917 (orig=639, aug=1278), val=160, acc=66.25%  [0.4s]
2026-04-30 23:44:27 | DEBUG    | reduction | Scaler fitted on 639 samples, 166 features
2026-04-30 23:44:27 | DEBUG    | reduction | PCA: 166 → 83 components (95% var)
2026-04-30 23:44:28 | INFO     | cross_validation |   Fold 3/5: train=1917 (orig=639, aug=1278), val=160, acc=73.75%  [0.4s]
2026-04-30 23:44:28 | DEBUG    | reduction | Scaler fitted on 639 samples, 166 features
2026-04-30 23:44:28 | DEBUG    | reduction | PCA: 166 → 83 components (95% var)
2026-04-30 23:44:28 | INFO     | cross_validation |   Fold 4/5: train=1917 (orig=639, aug=1278), val=160, acc=70.62%  [0.5s]
2026-04-30 23:44:28 | DEBUG    | reduction | Scaler fitted on 640 samples, 166 features
2026-04-30 23:44:28 | DEBUG    | reduction | PCA: 166 → 82 components (95% var)
2026-04-30 23:44:29 | INFO     | cross_validation |   Fold 5/5: train=1920 (orig=640, aug=1280), val=159, acc=70.44%  [0.6s]
2026-04-30 23:44:29 | INFO     | cross_validation |   CV result: 70.96% ± 2.76%
2026-04-30 23:44:29 | INFO     | cross_validation |   Combo 7/8: {'C': 100, 'gamma': 'scale'}
2026-04-30 23:44:29 | DEBUG    | reduction | Scaler fitted on 639 samples, 166 features
2026-04-30 23:44:29 | DEBUG    | reduction | PCA: 166 → 82 components (95% var)
2026-04-30 23:44:29 | INFO     | cross_validation |   Fold 1/5: train=1917 (orig=639, aug=1278), val=160, acc=71.25%  [0.3s]
2026-04-30 23:44:29 | DEBUG    | reduction | Scaler fitted on 639 samples, 166 features
2026-04-30 23:44:29 | DEBUG    | reduction | PCA: 166 → 83 components (95% var)
2026-04-30 23:44:29 | INFO     | cross_validation |   Fold 2/5: train=1917 (orig=639, aug=1278), val=160, acc=70.00%  [0.3s]
2026-04-30 23:44:29 | DEBUG    | reduction | Scaler fitted on 639 samples, 166 features
2026-04-30 23:44:29 | DEBUG    | reduction | PCA: 166 → 83 components (95% var)
2026-04-30 23:44:30 | INFO     | cross_validation |   Fold 3/5: train=1917 (orig=639, aug=1278), val=160, acc=73.12%  [0.3s]
2026-04-30 23:44:30 | DEBUG    | reduction | Scaler fitted on 639 samples, 166 features
2026-04-30 23:44:30 | DEBUG    | reduction | PCA: 166 → 83 components (95% var)
2026-04-30 23:44:30 | INFO     | cross_validation |   Fold 4/5: train=1917 (orig=639, aug=1278), val=160, acc=68.75%  [0.3s]
2026-04-30 23:44:30 | DEBUG    | reduction | Scaler fitted on 640 samples, 166 features
2026-04-30 23:44:30 | DEBUG    | reduction | PCA: 166 → 82 components (95% var)
2026-04-30 23:44:30 | INFO     | cross_validation |   Fold 5/5: train=1920 (orig=640, aug=1280), val=159, acc=67.30%  [0.3s]
2026-04-30 23:44:30 | INFO     | cross_validation |   CV result: 70.08% ± 2.01%
2026-04-30 23:44:30 | INFO     | cross_validation |   Combo 8/8: {'C': 100, 'gamma': 'auto'}
2026-04-30 23:44:30 | DEBUG    | reduction | Scaler fitted on 639 samples, 166 features
2026-04-30 23:44:30 | DEBUG    | reduction | PCA: 166 → 82 components (95% var)
2026-04-30 23:44:31 | INFO     | cross_validation |   Fold 1/5: train=1917 (orig=639, aug=1278), val=160, acc=73.75%  [0.6s]
2026-04-30 23:44:31 | DEBUG    | reduction | Scaler fitted on 639 samples, 166 features
2026-04-30 23:44:31 | DEBUG    | reduction | PCA: 166 → 83 components (95% var)
2026-04-30 23:44:31 | INFO     | cross_validation |   Fold 2/5: train=1917 (orig=639, aug=1278), val=160, acc=66.25%  [0.4s]
2026-04-30 23:44:31 | DEBUG    | reduction | Scaler fitted on 639 samples, 166 features
2026-04-30 23:44:31 | DEBUG    | reduction | PCA: 166 → 83 components (95% var)
2026-04-30 23:44:35 | INFO     | cross_validation |   Fold 3/5: train=1917 (orig=639, aug=1278), val=160, acc=73.75%  [0.4s]
2026-04-30 23:44:35 | DEBUG    | reduction | Scaler fitted on 639 samples, 166 features
2026-04-30 23:44:35 | DEBUG    | reduction | PCA: 166 → 83 components (95% var)
2026-04-30 23:44:36 | INFO     | cross_validation |   Fold 4/5: train=1917 (orig=639, aug=1278), val=160, acc=70.62%  [0.3s]
2026-04-30 23:44:36 | DEBUG    | reduction | Scaler fitted on 640 samples, 166 features
2026-04-30 23:44:36 | DEBUG    | reduction | PCA: 166 → 82 components (95% var)
2026-04-30 23:44:36 | INFO     | cross_validation |   Fold 5/5: train=1920 (orig=640, aug=1280), val=159, acc=70.44%  [0.4s]
2026-04-30 23:44:36 | INFO     | cross_validation |   CV result: 70.96% ± 2.76%
2026-04-30 23:44:36 | INFO     | cross_validation |   Best params: {'C': 1, 'gamma': 'scale'}
2026-04-30 23:44:36 | INFO     | cross_validation |   Best CV: 72.47% ± 1.95%
2026-04-30 23:44:36 | INFO     | cross_validation | ✓ grid_search_cv finished in 16.3s
2026-04-30 23:44:36 | INFO     | main | ────────────────────────────────────────────────────────────
2026-04-30 23:44:36 | INFO     | main |   SVM (RBF) [pca, no-aug]
2026-04-30 23:44:36 | INFO     | main | ────────────────────────────────────────────────────────────
2026-04-30 23:44:36 | INFO     | cross_validation | → grid_search_cv started
2026-04-30 23:44:36 | INFO     | cross_validation | Grid search: 8 parameter combinations × 5 folds
2026-04-30 23:44:36 | INFO     | cross_validation |   Combo 1/8: {'C': 0.1, 'gamma': 'scale'}
2026-04-30 23:44:36 | DEBUG    | reduction | Scaler fitted on 639 samples, 166 features
2026-04-30 23:44:36 | DEBUG    | reduction | PCA: 166 → 82 components (95% var)
2026-04-30 23:44:36 | INFO     | cross_validation |   Fold 1/5: train=639 (orig=639, aug=0), val=160, acc=57.50%  [0.3s]
2026-04-30 23:44:36 | DEBUG    | reduction | Scaler fitted on 639 samples, 166 features
2026-04-30 23:44:37 | DEBUG    | reduction | PCA: 166 → 83 components (95% var)
2026-04-30 23:44:37 | INFO     | cross_validation |   Fold 2/5: train=639 (orig=639, aug=0), val=160, acc=48.75%  [0.5s]
2026-04-30 23:44:37 | DEBUG    | reduction | Scaler fitted on 639 samples, 166 features
2026-04-30 23:44:37 | DEBUG    | reduction | PCA: 166 → 83 components (95% var)
2026-04-30 23:44:37 | INFO     | cross_validation |   Fold 3/5: train=639 (orig=639, aug=0), val=160, acc=56.25%  [0.2s]
2026-04-30 23:44:37 | DEBUG    | reduction | Scaler fitted on 639 samples, 166 features
2026-04-30 23:44:37 | DEBUG    | reduction | PCA: 166 → 83 components (95% var)
2026-04-30 23:44:37 | INFO     | cross_validation |   Fold 4/5: train=639 (orig=639, aug=0), val=160, acc=58.13%  [0.3s]
2026-04-30 23:44:37 | DEBUG    | reduction | Scaler fitted on 640 samples, 166 features
2026-04-30 23:44:37 | DEBUG    | reduction | PCA: 166 → 82 components (95% var)
2026-04-30 23:44:37 | INFO     | cross_validation |   Fold 5/5: train=640 (orig=640, aug=0), val=159, acc=56.60%  [0.2s]
2026-04-30 23:44:37 | INFO     | cross_validation |   CV result: 55.45% ± 3.41%
2026-04-30 23:44:37 | INFO     | cross_validation |   Combo 2/8: {'C': 0.1, 'gamma': 'auto'}
2026-04-30 23:44:37 | DEBUG    | reduction | Scaler fitted on 639 samples, 166 features
2026-04-30 23:44:38 | DEBUG    | reduction | PCA: 166 → 82 components (95% var)
2026-04-30 23:44:38 | INFO     | cross_validation |   Fold 1/5: train=639 (orig=639, aug=0), val=160, acc=48.75%  [0.5s]
2026-04-30 23:44:38 | DEBUG    | reduction | Scaler fitted on 639 samples, 166 features
2026-04-30 23:44:38 | DEBUG    | reduction | PCA: 166 → 83 components (95% var)
2026-04-30 23:44:38 | INFO     | cross_validation |   Fold 2/5: train=639 (orig=639, aug=0), val=160, acc=42.50%  [0.3s]
2026-04-30 23:44:38 | DEBUG    | reduction | Scaler fitted on 639 samples, 166 features
2026-04-30 23:44:38 | DEBUG    | reduction | PCA: 166 → 83 components (95% var)
2026-04-30 23:44:38 | INFO     | cross_validation |   Fold 3/5: train=639 (orig=639, aug=0), val=160, acc=48.75%  [0.2s]
2026-04-30 23:44:38 | DEBUG    | reduction | Scaler fitted on 639 samples, 166 features
2026-04-30 23:44:39 | DEBUG    | reduction | PCA: 166 → 83 components (95% var)
2026-04-30 23:44:39 | INFO     | cross_validation |   Fold 4/5: train=639 (orig=639, aug=0), val=160, acc=52.50%  [0.2s]
2026-04-30 23:44:39 | DEBUG    | reduction | Scaler fitted on 640 samples, 166 features
2026-04-30 23:44:39 | DEBUG    | reduction | PCA: 166 → 82 components (95% var)
2026-04-30 23:44:39 | INFO     | cross_validation |   Fold 5/5: train=640 (orig=640, aug=0), val=159, acc=54.72%  [0.2s]
2026-04-30 23:44:39 | INFO     | cross_validation |   CV result: 49.44% ± 4.16%
2026-04-30 23:44:39 | INFO     | cross_validation |   Combo 3/8: {'C': 1, 'gamma': 'scale'}
2026-04-30 23:44:39 | DEBUG    | reduction | Scaler fitted on 639 samples, 166 features
2026-04-30 23:44:39 | DEBUG    | reduction | PCA: 166 → 82 components (95% var)
2026-04-30 23:44:39 | INFO     | cross_validation |   Fold 1/5: train=639 (orig=639, aug=0), val=160, acc=71.25%  [0.4s]
2026-04-30 23:44:39 | DEBUG    | reduction | Scaler fitted on 639 samples, 166 features
2026-04-30 23:44:40 | DEBUG    | reduction | PCA: 166 → 83 components (95% var)
2026-04-30 23:44:40 | INFO     | cross_validation |   Fold 2/5: train=639 (orig=639, aug=0), val=160, acc=66.25%  [0.4s]
2026-04-30 23:44:40 | DEBUG    | reduction | Scaler fitted on 639 samples, 166 features
2026-04-30 23:44:40 | DEBUG    | reduction | PCA: 166 → 83 components (95% var)
2026-04-30 23:44:40 | INFO     | cross_validation |   Fold 3/5: train=639 (orig=639, aug=0), val=160, acc=73.75%  [0.4s]
2026-04-30 23:44:40 | DEBUG    | reduction | Scaler fitted on 639 samples, 166 features
2026-04-30 23:44:40 | DEBUG    | reduction | PCA: 166 → 83 components (95% var)
2026-04-30 23:44:40 | INFO     | cross_validation |   Fold 4/5: train=639 (orig=639, aug=0), val=160, acc=71.25%  [0.2s]
2026-04-30 23:44:40 | DEBUG    | reduction | Scaler fitted on 640 samples, 166 features
2026-04-30 23:44:40 | DEBUG    | reduction | PCA: 166 → 82 components (95% var)
2026-04-30 23:44:41 | INFO     | cross_validation |   Fold 5/5: train=640 (orig=640, aug=0), val=159, acc=69.18%  [0.3s]
2026-04-30 23:44:41 | INFO     | cross_validation |   CV result: 70.34% ± 2.50%
2026-04-30 23:44:41 | INFO     | cross_validation |   Combo 4/8: {'C': 1, 'gamma': 'auto'}
2026-04-30 23:44:41 | DEBUG    | reduction | Scaler fitted on 639 samples, 166 features
2026-04-30 23:44:41 | DEBUG    | reduction | PCA: 166 → 82 components (95% var)
2026-04-30 23:44:41 | INFO     | cross_validation |   Fold 1/5: train=639 (orig=639, aug=0), val=160, acc=73.75%  [0.2s]
2026-04-30 23:44:41 | DEBUG    | reduction | Scaler fitted on 639 samples, 166 features
2026-04-30 23:44:41 | DEBUG    | reduction | PCA: 166 → 83 components (95% var)
2026-04-30 23:44:41 | INFO     | cross_validation |   Fold 2/5: train=639 (orig=639, aug=0), val=160, acc=65.62%  [0.1s]
2026-04-30 23:44:41 | DEBUG    | reduction | Scaler fitted on 639 samples, 166 features
2026-04-30 23:44:41 | DEBUG    | reduction | PCA: 166 → 83 components (95% var)
2026-04-30 23:44:41 | INFO     | cross_validation |   Fold 3/5: train=639 (orig=639, aug=0), val=160, acc=72.50%  [0.4s]
2026-04-30 23:44:41 | DEBUG    | reduction | Scaler fitted on 639 samples, 166 features
2026-04-30 23:44:41 | DEBUG    | reduction | PCA: 166 → 83 components (95% var)
2026-04-30 23:44:41 | INFO     | cross_validation |   Fold 4/5: train=639 (orig=639, aug=0), val=160, acc=72.50%  [0.3s]
2026-04-30 23:44:41 | DEBUG    | reduction | Scaler fitted on 640 samples, 166 features
2026-04-30 23:44:42 | DEBUG    | reduction | PCA: 166 → 82 components (95% var)
2026-04-30 23:44:42 | INFO     | cross_validation |   Fold 5/5: train=640 (orig=640, aug=0), val=159, acc=69.18%  [0.2s]
2026-04-30 23:44:42 | INFO     | cross_validation |   CV result: 70.71% ± 2.96%
2026-04-30 23:44:42 | INFO     | cross_validation |   Combo 5/8: {'C': 10, 'gamma': 'scale'}
2026-04-30 23:44:42 | DEBUG    | reduction | Scaler fitted on 639 samples, 166 features
2026-04-30 23:44:42 | DEBUG    | reduction | PCA: 166 → 82 components (95% var)
2026-04-30 23:44:42 | INFO     | cross_validation |   Fold 1/5: train=639 (orig=639, aug=0), val=160, acc=71.25%  [0.2s]
2026-04-30 23:44:42 | DEBUG    | reduction | Scaler fitted on 639 samples, 166 features
2026-04-30 23:44:42 | DEBUG    | reduction | PCA: 166 → 83 components (95% var)
2026-04-30 23:44:42 | INFO     | cross_validation |   Fold 2/5: train=639 (orig=639, aug=0), val=160, acc=70.00%  [0.2s]
2026-04-30 23:44:42 | DEBUG    | reduction | Scaler fitted on 639 samples, 166 features
2026-04-30 23:44:42 | DEBUG    | reduction | PCA: 166 → 83 components (95% var)
2026-04-30 23:44:42 | INFO     | cross_validation |   Fold 3/5: train=639 (orig=639, aug=0), val=160, acc=73.12%  [0.2s]
2026-04-30 23:44:42 | DEBUG    | reduction | Scaler fitted on 639 samples, 166 features
2026-04-30 23:44:43 | DEBUG    | reduction | PCA: 166 → 83 components (95% var)
2026-04-30 23:44:43 | INFO     | cross_validation |   Fold 4/5: train=639 (orig=639, aug=0), val=160, acc=71.25%  [0.5s]
2026-04-30 23:44:43 | DEBUG    | reduction | Scaler fitted on 640 samples, 166 features
2026-04-30 23:44:43 | DEBUG    | reduction | PCA: 166 → 82 components (95% var)
2026-04-30 23:44:43 | INFO     | cross_validation |   Fold 5/5: train=640 (orig=640, aug=0), val=159, acc=73.58%  [0.2s]
2026-04-30 23:44:43 | INFO     | cross_validation |   CV result: 71.84% ± 1.32%
2026-04-30 23:44:43 | INFO     | cross_validation |   Combo 6/8: {'C': 10, 'gamma': 'auto'}
2026-04-30 23:44:43 | DEBUG    | reduction | Scaler fitted on 639 samples, 166 features
2026-04-30 23:44:43 | DEBUG    | reduction | PCA: 166 → 82 components (95% var)
2026-04-30 23:44:43 | INFO     | cross_validation |   Fold 1/5: train=639 (orig=639, aug=0), val=160, acc=73.12%  [0.5s]
2026-04-30 23:44:43 | DEBUG    | reduction | Scaler fitted on 639 samples, 166 features
2026-04-30 23:44:44 | DEBUG    | reduction | PCA: 166 → 83 components (95% var)
2026-04-30 23:44:44 | INFO     | cross_validation |   Fold 2/5: train=639 (orig=639, aug=0), val=160, acc=68.12%  [0.2s]
2026-04-30 23:44:44 | DEBUG    | reduction | Scaler fitted on 639 samples, 166 features
2026-04-30 23:44:44 | DEBUG    | reduction | PCA: 166 → 83 components (95% var)
2026-04-30 23:44:44 | INFO     | cross_validation |   Fold 3/5: train=639 (orig=639, aug=0), val=160, acc=71.88%  [0.4s]
2026-04-30 23:44:44 | DEBUG    | reduction | Scaler fitted on 639 samples, 166 features
2026-04-30 23:44:44 | DEBUG    | reduction | PCA: 166 → 83 components (95% var)
2026-04-30 23:44:44 | INFO     | cross_validation |   Fold 4/5: train=639 (orig=639, aug=0), val=160, acc=72.50%  [0.2s]
2026-04-30 23:44:44 | DEBUG    | reduction | Scaler fitted on 640 samples, 166 features
2026-04-30 23:44:44 | DEBUG    | reduction | PCA: 166 → 82 components (95% var)
2026-04-30 23:44:45 | INFO     | cross_validation |   Fold 5/5: train=640 (orig=640, aug=0), val=159, acc=69.18%  [0.3s]
2026-04-30 23:44:45 | INFO     | cross_validation |   CV result: 70.96% ± 1.95%
2026-04-30 23:44:45 | INFO     | cross_validation |   Combo 7/8: {'C': 100, 'gamma': 'scale'}
2026-04-30 23:44:45 | DEBUG    | reduction | Scaler fitted on 639 samples, 166 features
2026-04-30 23:44:45 | DEBUG    | reduction | PCA: 166 → 82 components (95% var)
2026-04-30 23:44:45 | INFO     | cross_validation |   Fold 1/5: train=639 (orig=639, aug=0), val=160, acc=71.25%  [0.3s]
2026-04-30 23:44:45 | DEBUG    | reduction | Scaler fitted on 639 samples, 166 features
2026-04-30 23:44:45 | DEBUG    | reduction | PCA: 166 → 83 components (95% var)
2026-04-30 23:44:45 | INFO     | cross_validation |   Fold 2/5: train=639 (orig=639, aug=0), val=160, acc=70.00%  [0.2s]
2026-04-30 23:44:45 | DEBUG    | reduction | Scaler fitted on 639 samples, 166 features
2026-04-30 23:44:45 | DEBUG    | reduction | PCA: 166 → 83 components (95% var)
2026-04-30 23:44:45 | INFO     | cross_validation |   Fold 3/5: train=639 (orig=639, aug=0), val=160, acc=73.12%  [0.2s]
2026-04-30 23:44:45 | DEBUG    | reduction | Scaler fitted on 639 samples, 166 features
2026-04-30 23:44:45 | DEBUG    | reduction | PCA: 166 → 83 components (95% var)
2026-04-30 23:44:45 | INFO     | cross_validation |   Fold 4/5: train=639 (orig=639, aug=0), val=160, acc=71.25%  [0.2s]
2026-04-30 23:44:45 | DEBUG    | reduction | Scaler fitted on 640 samples, 166 features
2026-04-30 23:44:46 | DEBUG    | reduction | PCA: 166 → 82 components (95% var)
2026-04-30 23:44:46 | INFO     | cross_validation |   Fold 5/5: train=640 (orig=640, aug=0), val=159, acc=73.58%  [0.5s]
2026-04-30 23:44:46 | INFO     | cross_validation |   CV result: 71.84% ± 1.32%
2026-04-30 23:44:46 | INFO     | cross_validation |   Combo 8/8: {'C': 100, 'gamma': 'auto'}
2026-04-30 23:44:46 | DEBUG    | reduction | Scaler fitted on 639 samples, 166 features
2026-04-30 23:44:46 | DEBUG    | reduction | PCA: 166 → 82 components (95% var)
2026-04-30 23:44:46 | INFO     | cross_validation |   Fold 1/5: train=639 (orig=639, aug=0), val=160, acc=73.12%  [0.4s]
2026-04-30 23:44:46 | DEBUG    | reduction | Scaler fitted on 639 samples, 166 features
2026-04-30 23:44:46 | DEBUG    | reduction | PCA: 166 → 83 components (95% var)
2026-04-30 23:44:46 | INFO     | cross_validation |   Fold 2/5: train=639 (orig=639, aug=0), val=160, acc=68.12%  [0.2s]
2026-04-30 23:44:46 | DEBUG    | reduction | Scaler fitted on 639 samples, 166 features
2026-04-30 23:44:47 | DEBUG    | reduction | PCA: 166 → 83 components (95% var)
2026-04-30 23:44:47 | INFO     | cross_validation |   Fold 3/5: train=639 (orig=639, aug=0), val=160, acc=71.88%  [0.2s]
2026-04-30 23:44:47 | DEBUG    | reduction | Scaler fitted on 639 samples, 166 features
2026-04-30 23:44:47 | DEBUG    | reduction | PCA: 166 → 83 components (95% var)
2026-04-30 23:44:47 | INFO     | cross_validation |   Fold 4/5: train=639 (orig=639, aug=0), val=160, acc=72.50%  [0.2s]
2026-04-30 23:44:47 | DEBUG    | reduction | Scaler fitted on 640 samples, 166 features
2026-04-30 23:44:47 | DEBUG    | reduction | PCA: 166 → 82 components (95% var)
2026-04-30 23:44:47 | INFO     | cross_validation |   Fold 5/5: train=640 (orig=640, aug=0), val=159, acc=69.18%  [0.3s]
2026-04-30 23:44:47 | INFO     | cross_validation |   CV result: 70.96% ± 1.95%
2026-04-30 23:44:47 | INFO     | cross_validation |   Best params: {'C': 10, 'gamma': 'scale'}
2026-04-30 23:44:47 | INFO     | cross_validation |   Best CV: 71.84% ± 1.32%
2026-04-30 23:44:47 | INFO     | cross_validation | ✓ grid_search_cv finished in 11.3s
2026-04-30 23:44:47 | INFO     | main | ────────────────────────────────────────────────────────────
2026-04-30 23:44:47 | INFO     | main |   SVM (RBF) [lda, aug]
2026-04-30 23:44:47 | INFO     | main | ────────────────────────────────────────────────────────────
2026-04-30 23:44:47 | INFO     | cross_validation | → grid_search_cv started
2026-04-30 23:44:47 | INFO     | cross_validation | Grid search: 8 parameter combinations × 5 folds
2026-04-30 23:44:47 | INFO     | cross_validation |   Combo 1/8: {'C': 0.1, 'gamma': 'scale'}
2026-04-30 23:44:47 | DEBUG    | reduction | Scaler fitted on 639 samples, 166 features
2026-04-30 23:44:47 | DEBUG    | reduction | LDA: 166 → 9 discriminant components
2026-04-30 23:44:48 | INFO     | cross_validation |   Fold 1/5: train=1917 (orig=639, aug=1278), val=160, acc=68.12%  [0.3s]
2026-04-30 23:44:48 | DEBUG    | reduction | Scaler fitted on 639 samples, 166 features
2026-04-30 23:44:48 | DEBUG    | reduction | LDA: 166 → 9 discriminant components
2026-04-30 23:44:48 | INFO     | cross_validation |   Fold 2/5: train=1917 (orig=639, aug=1278), val=160, acc=73.12%  [0.3s]
2026-04-30 23:44:48 | DEBUG    | reduction | Scaler fitted on 639 samples, 166 features
2026-04-30 23:44:48 | DEBUG    | reduction | LDA: 166 → 9 discriminant components
2026-04-30 23:44:48 | INFO     | cross_validation |   Fold 3/5: train=1917 (orig=639, aug=1278), val=160, acc=72.50%  [0.3s]
2026-04-30 23:44:48 | DEBUG    | reduction | Scaler fitted on 639 samples, 166 features
2026-04-30 23:44:48 | DEBUG    | reduction | LDA: 166 → 9 discriminant components
2026-04-30 23:44:48 | INFO     | cross_validation |   Fold 4/5: train=1917 (orig=639, aug=1278), val=160, acc=73.75%  [0.3s]
2026-04-30 23:44:48 | DEBUG    | reduction | Scaler fitted on 640 samples, 166 features
2026-04-30 23:44:49 | DEBUG    | reduction | LDA: 166 → 9 discriminant components
2026-04-30 23:44:49 | INFO     | cross_validation |   Fold 5/5: train=1920 (orig=640, aug=1280), val=159, acc=73.58%  [0.3s]
2026-04-30 23:44:49 | INFO     | cross_validation |   CV result: 72.22% ± 2.09%
2026-04-30 23:44:49 | INFO     | cross_validation |   Combo 2/8: {'C': 0.1, 'gamma': 'auto'}
2026-04-30 23:44:49 | DEBUG    | reduction | Scaler fitted on 639 samples, 166 features
2026-04-30 23:44:49 | DEBUG    | reduction | LDA: 166 → 9 discriminant components
2026-04-30 23:44:49 | INFO     | cross_validation |   Fold 1/5: train=1917 (orig=639, aug=1278), val=160, acc=68.75%  [0.4s]
2026-04-30 23:44:49 | DEBUG    | reduction | Scaler fitted on 639 samples, 166 features
2026-04-30 23:44:49 | DEBUG    | reduction | LDA: 166 → 9 discriminant components
2026-04-30 23:44:50 | INFO     | cross_validation |   Fold 2/5: train=1917 (orig=639, aug=1278), val=160, acc=68.12%  [0.5s]
2026-04-30 23:44:50 | DEBUG    | reduction | Scaler fitted on 639 samples, 166 features
2026-04-30 23:44:50 | DEBUG    | reduction | LDA: 166 → 9 discriminant components
2026-04-30 23:44:50 | INFO     | cross_validation |   Fold 3/5: train=1917 (orig=639, aug=1278), val=160, acc=66.25%  [0.4s]
2026-04-30 23:44:50 | DEBUG    | reduction | Scaler fitted on 639 samples, 166 features
2026-04-30 23:44:50 | DEBUG    | reduction | LDA: 166 → 9 discriminant components
2026-04-30 23:44:50 | INFO     | cross_validation |   Fold 4/5: train=1917 (orig=639, aug=1278), val=160, acc=71.88%  [0.4s]
2026-04-30 23:44:50 | DEBUG    | reduction | Scaler fitted on 640 samples, 166 features
2026-04-30 23:44:50 | DEBUG    | reduction | LDA: 166 → 9 discriminant components
2026-04-30 23:44:51 | INFO     | cross_validation |   Fold 5/5: train=1920 (orig=640, aug=1280), val=159, acc=71.07%  [0.4s]
2026-04-30 23:44:51 | INFO     | cross_validation |   CV result: 69.21% ± 2.04%
2026-04-30 23:44:51 | INFO     | cross_validation |   Combo 3/8: {'C': 1, 'gamma': 'scale'}
2026-04-30 23:44:51 | DEBUG    | reduction | Scaler fitted on 639 samples, 166 features
2026-04-30 23:44:51 | DEBUG    | reduction | LDA: 166 → 9 discriminant components
2026-04-30 23:44:51 | INFO     | cross_validation |   Fold 1/5: train=1917 (orig=639, aug=1278), val=160, acc=70.62%  [0.2s]
2026-04-30 23:44:51 | DEBUG    | reduction | Scaler fitted on 639 samples, 166 features
2026-04-30 23:44:51 | DEBUG    | reduction | LDA: 166 → 9 discriminant components
2026-04-30 23:44:51 | INFO     | cross_validation |   Fold 2/5: train=1917 (orig=639, aug=1278), val=160, acc=71.88%  [0.2s]
2026-04-30 23:44:51 | DEBUG    | reduction | Scaler fitted on 639 samples, 166 features
2026-04-30 23:44:51 | DEBUG    | reduction | LDA: 166 → 9 discriminant components
2026-04-30 23:44:51 | INFO     | cross_validation |   Fold 3/5: train=1917 (orig=639, aug=1278), val=160, acc=70.62%  [0.2s]
2026-04-30 23:44:51 | DEBUG    | reduction | Scaler fitted on 639 samples, 166 features
2026-04-30 23:44:51 | DEBUG    | reduction | LDA: 166 → 9 discriminant components
2026-04-30 23:44:52 | INFO     | cross_validation |   Fold 4/5: train=1917 (orig=639, aug=1278), val=160, acc=76.25%  [0.2s]
2026-04-30 23:44:52 | DEBUG    | reduction | Scaler fitted on 640 samples, 166 features
2026-04-30 23:44:52 | DEBUG    | reduction | LDA: 166 → 9 discriminant components
2026-04-30 23:44:52 | INFO     | cross_validation |   Fold 5/5: train=1920 (orig=640, aug=1280), val=159, acc=75.47%  [0.4s]
2026-04-30 23:44:52 | INFO     | cross_validation |   CV result: 72.97% ± 2.42%
2026-04-30 23:44:52 | INFO     | cross_validation |   Combo 4/8: {'C': 1, 'gamma': 'auto'}
2026-04-30 23:44:52 | DEBUG    | reduction | Scaler fitted on 639 samples, 166 features
2026-04-30 23:44:52 | DEBUG    | reduction | LDA: 166 → 9 discriminant components
2026-04-30 23:44:52 | INFO     | cross_validation |   Fold 1/5: train=1917 (orig=639, aug=1278), val=160, acc=70.00%  [0.3s]
2026-04-30 23:44:52 | DEBUG    | reduction | Scaler fitted on 639 samples, 166 features
2026-04-30 23:44:52 | DEBUG    | reduction | LDA: 166 → 9 discriminant components
2026-04-30 23:44:53 | INFO     | cross_validation |   Fold 2/5: train=1917 (orig=639, aug=1278), val=160, acc=67.50%  [0.4s]
2026-04-30 23:44:53 | DEBUG    | reduction | Scaler fitted on 639 samples, 166 features
2026-04-30 23:44:53 | DEBUG    | reduction | LDA: 166 → 9 discriminant components
2026-04-30 23:44:53 | INFO     | cross_validation |   Fold 3/5: train=1917 (orig=639, aug=1278), val=160, acc=70.00%  [0.6s]
2026-04-30 23:44:53 | DEBUG    | reduction | Scaler fitted on 639 samples, 166 features
2026-04-30 23:44:53 | DEBUG    | reduction | LDA: 166 → 9 discriminant components
2026-04-30 23:44:54 | INFO     | cross_validation |   Fold 4/5: train=1917 (orig=639, aug=1278), val=160, acc=72.50%  [0.3s]
2026-04-30 23:44:54 | DEBUG    | reduction | Scaler fitted on 640 samples, 166 features
2026-04-30 23:44:54 | DEBUG    | reduction | LDA: 166 → 9 discriminant components
2026-04-30 23:44:54 | INFO     | cross_validation |   Fold 5/5: train=1920 (orig=640, aug=1280), val=159, acc=72.33%  [0.4s]
2026-04-30 23:44:54 | INFO     | cross_validation |   CV result: 70.47% ± 1.83%
2026-04-30 23:44:54 | INFO     | cross_validation |   Combo 5/8: {'C': 10, 'gamma': 'scale'}
2026-04-30 23:44:54 | DEBUG    | reduction | Scaler fitted on 639 samples, 166 features
2026-04-30 23:44:54 | DEBUG    | reduction | LDA: 166 → 9 discriminant components
2026-04-30 23:44:54 | INFO     | cross_validation |   Fold 1/5: train=1917 (orig=639, aug=1278), val=160, acc=70.62%  [0.2s]
2026-04-30 23:44:54 | DEBUG    | reduction | Scaler fitted on 639 samples, 166 features
2026-04-30 23:44:54 | DEBUG    | reduction | LDA: 166 → 9 discriminant components
2026-04-30 23:44:54 | INFO     | cross_validation |   Fold 2/5: train=1917 (orig=639, aug=1278), val=160, acc=67.50%  [0.2s]
2026-04-30 23:44:54 | DEBUG    | reduction | Scaler fitted on 639 samples, 166 features
2026-04-30 23:44:54 | DEBUG    | reduction | LDA: 166 → 9 discriminant components
2026-04-30 23:44:55 | INFO     | cross_validation |   Fold 3/5: train=1917 (orig=639, aug=1278), val=160, acc=71.88%  [0.3s]
2026-04-30 23:44:55 | DEBUG    | reduction | Scaler fitted on 639 samples, 166 features
2026-04-30 23:44:55 | DEBUG    | reduction | LDA: 166 → 9 discriminant components
2026-04-30 23:44:55 | INFO     | cross_validation |   Fold 4/5: train=1917 (orig=639, aug=1278), val=160, acc=72.50%  [0.2s]
2026-04-30 23:44:55 | DEBUG    | reduction | Scaler fitted on 640 samples, 166 features
2026-04-30 23:44:55 | DEBUG    | reduction | LDA: 166 → 9 discriminant components
2026-04-30 23:44:55 | INFO     | cross_validation |   Fold 5/5: train=1920 (orig=640, aug=1280), val=159, acc=74.21%  [0.4s]
2026-04-30 23:44:55 | INFO     | cross_validation |   CV result: 71.34% ± 2.24%
2026-04-30 23:44:55 | INFO     | cross_validation |   Combo 6/8: {'C': 10, 'gamma': 'auto'}
2026-04-30 23:44:55 | DEBUG    | reduction | Scaler fitted on 639 samples, 166 features
2026-04-30 23:44:55 | DEBUG    | reduction | LDA: 166 → 9 discriminant components
2026-04-30 23:44:56 | INFO     | cross_validation |   Fold 1/5: train=1917 (orig=639, aug=1278), val=160, acc=69.38%  [0.4s]
2026-04-30 23:44:56 | DEBUG    | reduction | Scaler fitted on 639 samples, 166 features
2026-04-30 23:44:56 | DEBUG    | reduction | LDA: 166 → 9 discriminant components
2026-04-30 23:44:56 | INFO     | cross_validation |   Fold 2/5: train=1917 (orig=639, aug=1278), val=160, acc=63.75%  [0.3s]
2026-04-30 23:44:56 | DEBUG    | reduction | Scaler fitted on 639 samples, 166 features
2026-04-30 23:44:56 | DEBUG    | reduction | LDA: 166 → 9 discriminant components
2026-04-30 23:44:56 | INFO     | cross_validation |   Fold 3/5: train=1917 (orig=639, aug=1278), val=160, acc=66.88%  [0.5s]
2026-04-30 23:44:56 | DEBUG    | reduction | Scaler fitted on 639 samples, 166 features
2026-04-30 23:44:56 | DEBUG    | reduction | LDA: 166 → 9 discriminant components
2026-04-30 23:44:57 | INFO     | cross_validation |   Fold 4/5: train=1917 (orig=639, aug=1278), val=160, acc=69.38%  [0.3s]
2026-04-30 23:44:57 | DEBUG    | reduction | Scaler fitted on 640 samples, 166 features
2026-04-30 23:44:57 | DEBUG    | reduction | LDA: 166 → 9 discriminant components
2026-04-30 23:44:57 | INFO     | cross_validation |   Fold 5/5: train=1920 (orig=640, aug=1280), val=159, acc=71.07%  [0.5s]
2026-04-30 23:44:57 | INFO     | cross_validation |   CV result: 68.09% ± 2.55%
2026-04-30 23:44:57 | INFO     | cross_validation |   Combo 7/8: {'C': 100, 'gamma': 'scale'}
2026-04-30 23:44:57 | DEBUG    | reduction | Scaler fitted on 639 samples, 166 features
2026-04-30 23:44:57 | DEBUG    | reduction | LDA: 166 → 9 discriminant components
2026-04-30 23:44:57 | INFO     | cross_validation |   Fold 1/5: train=1917 (orig=639, aug=1278), val=160, acc=63.12%  [0.3s]
2026-04-30 23:44:57 | DEBUG    | reduction | Scaler fitted on 639 samples, 166 features
2026-04-30 23:44:58 | DEBUG    | reduction | LDA: 166 → 9 discriminant components
2026-04-30 23:44:58 | INFO     | cross_validation |   Fold 2/5: train=1917 (orig=639, aug=1278), val=160, acc=65.00%  [0.3s]
2026-04-30 23:44:58 | DEBUG    | reduction | Scaler fitted on 639 samples, 166 features
2026-04-30 23:44:58 | DEBUG    | reduction | LDA: 166 → 9 discriminant components
2026-04-30 23:44:58 | INFO     | cross_validation |   Fold 3/5: train=1917 (orig=639, aug=1278), val=160, acc=68.75%  [0.3s]
2026-04-30 23:44:58 | DEBUG    | reduction | Scaler fitted on 639 samples, 166 features
2026-04-30 23:44:58 | DEBUG    | reduction | LDA: 166 → 9 discriminant components
2026-04-30 23:44:58 | INFO     | cross_validation |   Fold 4/5: train=1917 (orig=639, aug=1278), val=160, acc=71.88%  [0.3s]
2026-04-30 23:44:58 | DEBUG    | reduction | Scaler fitted on 640 samples, 166 features
2026-04-30 23:44:58 | DEBUG    | reduction | LDA: 166 → 9 discriminant components
2026-04-30 23:44:59 | INFO     | cross_validation |   Fold 5/5: train=1920 (orig=640, aug=1280), val=159, acc=72.33%  [0.3s]
2026-04-30 23:44:59 | INFO     | cross_validation |   CV result: 68.22% ± 3.66%
2026-04-30 23:44:59 | INFO     | cross_validation |   Combo 8/8: {'C': 100, 'gamma': 'auto'}
2026-04-30 23:44:59 | DEBUG    | reduction | Scaler fitted on 639 samples, 166 features
2026-04-30 23:44:59 | DEBUG    | reduction | LDA: 166 → 9 discriminant components
2026-04-30 23:44:59 | INFO     | cross_validation |   Fold 1/5: train=1917 (orig=639, aug=1278), val=160, acc=70.00%  [0.4s]
2026-04-30 23:44:59 | DEBUG    | reduction | Scaler fitted on 639 samples, 166 features
2026-04-30 23:44:59 | DEBUG    | reduction | LDA: 166 → 9 discriminant components
2026-04-30 23:44:59 | INFO     | cross_validation |   Fold 2/5: train=1917 (orig=639, aug=1278), val=160, acc=63.75%  [0.4s]
2026-04-30 23:44:59 | DEBUG    | reduction | Scaler fitted on 639 samples, 166 features
2026-04-30 23:45:00 | DEBUG    | reduction | LDA: 166 → 9 discriminant components
2026-04-30 23:45:00 | INFO     | cross_validation |   Fold 3/5: train=1917 (orig=639, aug=1278), val=160, acc=66.25%  [0.5s]
2026-04-30 23:45:00 | DEBUG    | reduction | Scaler fitted on 639 samples, 166 features
2026-04-30 23:45:00 | DEBUG    | reduction | LDA: 166 → 9 discriminant components
2026-04-30 23:45:00 | INFO     | cross_validation |   Fold 4/5: train=1917 (orig=639, aug=1278), val=160, acc=70.00%  [0.4s]
2026-04-30 23:45:00 | DEBUG    | reduction | Scaler fitted on 640 samples, 166 features
2026-04-30 23:45:00 | DEBUG    | reduction | LDA: 166 → 9 discriminant components
2026-04-30 23:45:01 | INFO     | cross_validation |   Fold 5/5: train=1920 (orig=640, aug=1280), val=159, acc=71.07%  [0.4s]
2026-04-30 23:45:01 | INFO     | cross_validation |   CV result: 68.21% ± 2.77%
2026-04-30 23:45:01 | INFO     | cross_validation |   Best params: {'C': 1, 'gamma': 'scale'}
2026-04-30 23:45:01 | INFO     | cross_validation |   Best CV: 72.97% ± 2.42%
2026-04-30 23:45:01 | INFO     | cross_validation | ✓ grid_search_cv finished in 13.4s
2026-04-30 23:45:01 | INFO     | main | ────────────────────────────────────────────────────────────
2026-04-30 23:45:01 | INFO     | main |   SVM (RBF) [lda, no-aug]
2026-04-30 23:45:01 | INFO     | main | ────────────────────────────────────────────────────────────
2026-04-30 23:45:01 | INFO     | cross_validation | → grid_search_cv started
2026-04-30 23:45:01 | INFO     | cross_validation | Grid search: 8 parameter combinations × 5 folds
2026-04-30 23:45:01 | INFO     | cross_validation |   Combo 1/8: {'C': 0.1, 'gamma': 'scale'}
2026-04-30 23:45:01 | DEBUG    | reduction | Scaler fitted on 639 samples, 166 features
2026-04-30 23:45:01 | DEBUG    | reduction | LDA: 166 → 9 discriminant components
2026-04-30 23:45:01 | INFO     | cross_validation |   Fold 1/5: train=639 (orig=639, aug=0), val=160, acc=72.50%  [0.1s]
2026-04-30 23:45:01 | DEBUG    | reduction | Scaler fitted on 639 samples, 166 features
2026-04-30 23:45:01 | DEBUG    | reduction | LDA: 166 → 9 discriminant components
2026-04-30 23:45:01 | INFO     | cross_validation |   Fold 2/5: train=639 (orig=639, aug=0), val=160, acc=75.00%  [0.2s]
2026-04-30 23:45:01 | DEBUG    | reduction | Scaler fitted on 639 samples, 166 features
2026-04-30 23:45:01 | DEBUG    | reduction | LDA: 166 → 9 discriminant components
2026-04-30 23:45:01 | INFO     | cross_validation |   Fold 3/5: train=639 (orig=639, aug=0), val=160, acc=75.00%  [0.2s]
2026-04-30 23:45:01 | DEBUG    | reduction | Scaler fitted on 639 samples, 166 features
2026-04-30 23:45:01 | DEBUG    | reduction | LDA: 166 → 9 discriminant components
2026-04-30 23:45:01 | INFO     | cross_validation |   Fold 4/5: train=639 (orig=639, aug=0), val=160, acc=75.62%  [0.3s]
2026-04-30 23:45:01 | DEBUG    | reduction | Scaler fitted on 640 samples, 166 features
2026-04-30 23:45:02 | DEBUG    | reduction | LDA: 166 → 9 discriminant components
2026-04-30 23:45:02 | INFO     | cross_validation |   Fold 5/5: train=640 (orig=640, aug=0), val=159, acc=72.96%  [0.2s]
2026-04-30 23:45:02 | INFO     | cross_validation |   CV result: 74.22% ± 1.24%
2026-04-30 23:45:02 | INFO     | cross_validation |   Combo 2/8: {'C': 0.1, 'gamma': 'auto'}
2026-04-30 23:45:02 | DEBUG    | reduction | Scaler fitted on 639 samples, 166 features
2026-04-30 23:45:02 | DEBUG    | reduction | LDA: 166 → 9 discriminant components
2026-04-30 23:45:02 | INFO     | cross_validation |   Fold 1/5: train=639 (orig=639, aug=0), val=160, acc=71.25%  [0.4s]
2026-04-30 23:45:02 | DEBUG    | reduction | Scaler fitted on 639 samples, 166 features
2026-04-30 23:45:02 | DEBUG    | reduction | LDA: 166 → 9 discriminant components
2026-04-30 23:45:02 | INFO     | cross_validation |   Fold 2/5: train=639 (orig=639, aug=0), val=160, acc=68.75%  [0.4s]
2026-04-30 23:45:02 | DEBUG    | reduction | Scaler fitted on 639 samples, 166 features
2026-04-30 23:45:03 | DEBUG    | reduction | LDA: 166 → 9 discriminant components
2026-04-30 23:45:03 | INFO     | cross_validation |   Fold 3/5: train=639 (orig=639, aug=0), val=160, acc=71.25%  [0.3s]
2026-04-30 23:45:03 | DEBUG    | reduction | Scaler fitted on 639 samples, 166 features
2026-04-30 23:45:03 | DEBUG    | reduction | LDA: 166 → 9 discriminant components
2026-04-30 23:45:03 | INFO     | cross_validation |   Fold 4/5: train=639 (orig=639, aug=0), val=160, acc=72.50%  [0.2s]
2026-04-30 23:45:03 | DEBUG    | reduction | Scaler fitted on 640 samples, 166 features
2026-04-30 23:45:03 | DEBUG    | reduction | LDA: 166 → 9 discriminant components
2026-04-30 23:45:03 | INFO     | cross_validation |   Fold 5/5: train=640 (orig=640, aug=0), val=159, acc=71.07%  [0.2s]
2026-04-30 23:45:03 | INFO     | cross_validation |   CV result: 70.96% ± 1.22%
2026-04-30 23:45:03 | INFO     | cross_validation |   Combo 3/8: {'C': 1, 'gamma': 'scale'}
2026-04-30 23:45:03 | DEBUG    | reduction | Scaler fitted on 639 samples, 166 features
2026-04-30 23:45:03 | DEBUG    | reduction | LDA: 166 → 9 discriminant components
2026-04-30 23:45:03 | INFO     | cross_validation |   Fold 1/5: train=639 (orig=639, aug=0), val=160, acc=71.25%  [0.2s]
2026-04-30 23:45:03 | DEBUG    | reduction | Scaler fitted on 639 samples, 166 features
2026-04-30 23:45:04 | DEBUG    | reduction | LDA: 166 → 9 discriminant components
2026-04-30 23:45:04 | INFO     | cross_validation |   Fold 2/5: train=639 (orig=639, aug=0), val=160, acc=70.00%  [0.3s]
2026-04-30 23:45:04 | DEBUG    | reduction | Scaler fitted on 639 samples, 166 features
2026-04-30 23:45:04 | DEBUG    | reduction | LDA: 166 → 9 discriminant components
2026-04-30 23:45:04 | INFO     | cross_validation |   Fold 3/5: train=639 (orig=639, aug=0), val=160, acc=73.75%  [0.1s]
2026-04-30 23:45:04 | DEBUG    | reduction | Scaler fitted on 639 samples, 166 features
2026-04-30 23:45:04 | DEBUG    | reduction | LDA: 166 → 9 discriminant components
2026-04-30 23:45:04 | INFO     | cross_validation |   Fold 4/5: train=639 (orig=639, aug=0), val=160, acc=76.88%  [0.2s]
2026-04-30 23:45:04 | DEBUG    | reduction | Scaler fitted on 640 samples, 166 features
2026-04-30 23:45:04 | DEBUG    | reduction | LDA: 166 → 9 discriminant components
2026-04-30 23:45:04 | INFO     | cross_validation |   Fold 5/5: train=640 (orig=640, aug=0), val=159, acc=74.21%  [0.3s]
2026-04-30 23:45:04 | INFO     | cross_validation |   CV result: 73.22% ± 2.40%
2026-04-30 23:45:04 | INFO     | cross_validation |   Combo 4/8: {'C': 1, 'gamma': 'auto'}
2026-04-30 23:45:04 | DEBUG    | reduction | Scaler fitted on 639 samples, 166 features
2026-04-30 23:45:04 | DEBUG    | reduction | LDA: 166 → 9 discriminant components
2026-04-30 23:45:04 | INFO     | cross_validation |   Fold 1/5: train=639 (orig=639, aug=0), val=160, acc=72.50%  [0.2s]
2026-04-30 23:45:04 | DEBUG    | reduction | Scaler fitted on 639 samples, 166 features
2026-04-30 23:45:05 | DEBUG    | reduction | LDA: 166 → 9 discriminant components
2026-04-30 23:45:05 | INFO     | cross_validation |   Fold 2/5: train=639 (orig=639, aug=0), val=160, acc=68.75%  [0.4s]
2026-04-30 23:45:05 | DEBUG    | reduction | Scaler fitted on 639 samples, 166 features
2026-04-30 23:45:05 | DEBUG    | reduction | LDA: 166 → 9 discriminant components
2026-04-30 23:45:05 | INFO     | cross_validation |   Fold 3/5: train=639 (orig=639, aug=0), val=160, acc=73.75%  [0.1s]
2026-04-30 23:45:05 | DEBUG    | reduction | Scaler fitted on 639 samples, 166 features
2026-04-30 23:45:05 | DEBUG    | reduction | LDA: 166 → 9 discriminant components
2026-04-30 23:45:05 | INFO     | cross_validation |   Fold 4/5: train=639 (orig=639, aug=0), val=160, acc=72.50%  [0.4s]
2026-04-30 23:45:05 | DEBUG    | reduction | Scaler fitted on 640 samples, 166 features
2026-04-30 23:45:06 | DEBUG    | reduction | LDA: 166 → 9 discriminant components
2026-04-30 23:45:06 | INFO     | cross_validation |   Fold 5/5: train=640 (orig=640, aug=0), val=159, acc=71.70%  [0.2s]
2026-04-30 23:45:06 | INFO     | cross_validation |   CV result: 71.84% ± 1.68%
2026-04-30 23:45:06 | INFO     | cross_validation |   Combo 5/8: {'C': 10, 'gamma': 'scale'}
2026-04-30 23:45:06 | DEBUG    | reduction | Scaler fitted on 639 samples, 166 features
2026-04-30 23:45:06 | DEBUG    | reduction | LDA: 166 → 9 discriminant components
2026-04-30 23:45:06 | INFO     | cross_validation |   Fold 1/5: train=639 (orig=639, aug=0), val=160, acc=71.88%  [0.1s]
2026-04-30 23:45:06 | DEBUG    | reduction | Scaler fitted on 639 samples, 166 features
2026-04-30 23:45:06 | DEBUG    | reduction | LDA: 166 → 9 discriminant components
2026-04-30 23:45:06 | INFO     | cross_validation |   Fold 2/5: train=639 (orig=639, aug=0), val=160, acc=66.25%  [0.2s]
2026-04-30 23:45:06 | DEBUG    | reduction | Scaler fitted on 639 samples, 166 features
2026-04-30 23:45:06 | DEBUG    | reduction | LDA: 166 → 9 discriminant components
2026-04-30 23:45:06 | INFO     | cross_validation |   Fold 3/5: train=639 (orig=639, aug=0), val=160, acc=73.12%  [0.3s]
2026-04-30 23:45:06 | DEBUG    | reduction | Scaler fitted on 639 samples, 166 features
2026-04-30 23:45:06 | DEBUG    | reduction | LDA: 166 → 9 discriminant components
2026-04-30 23:45:06 | INFO     | cross_validation |   Fold 4/5: train=639 (orig=639, aug=0), val=160, acc=73.12%  [0.1s]
2026-04-30 23:45:06 | DEBUG    | reduction | Scaler fitted on 640 samples, 166 features
2026-04-30 23:45:07 | DEBUG    | reduction | LDA: 166 → 9 discriminant components
2026-04-30 23:45:07 | INFO     | cross_validation |   Fold 5/5: train=640 (orig=640, aug=0), val=159, acc=71.07%  [0.5s]
2026-04-30 23:45:07 | INFO     | cross_validation |   CV result: 71.09% ± 2.54%
2026-04-30 23:45:07 | INFO     | cross_validation |   Combo 6/8: {'C': 10, 'gamma': 'auto'}
2026-04-30 23:45:07 | DEBUG    | reduction | Scaler fitted on 639 samples, 166 features
2026-04-30 23:45:07 | DEBUG    | reduction | LDA: 166 → 9 discriminant components
2026-04-30 23:45:07 | INFO     | cross_validation |   Fold 1/5: train=639 (orig=639, aug=0), val=160, acc=71.25%  [0.4s]
2026-04-30 23:45:07 | DEBUG    | reduction | Scaler fitted on 639 samples, 166 features
2026-04-30 23:45:11 | DEBUG    | reduction | LDA: 166 → 9 discriminant components
2026-04-30 23:45:11 | INFO     | cross_validation |   Fold 2/5: train=639 (orig=639, aug=0), val=160, acc=67.50%  [0.4s]
2026-04-30 23:45:11 | DEBUG    | reduction | Scaler fitted on 639 samples, 166 features
2026-04-30 23:45:11 | DEBUG    | reduction | LDA: 166 → 9 discriminant components
2026-04-30 23:45:11 | INFO     | cross_validation |   Fold 3/5: train=639 (orig=639, aug=0), val=160, acc=72.50%  [0.1s]
2026-04-30 23:45:11 | DEBUG    | reduction | Scaler fitted on 639 samples, 166 features
2026-04-30 23:45:12 | DEBUG    | reduction | LDA: 166 → 9 discriminant components
2026-04-30 23:45:12 | INFO     | cross_validation |   Fold 4/5: train=639 (orig=639, aug=0), val=160, acc=73.12%  [0.4s]
2026-04-30 23:45:12 | DEBUG    | reduction | Scaler fitted on 640 samples, 166 features
2026-04-30 23:45:12 | DEBUG    | reduction | LDA: 166 → 9 discriminant components
2026-04-30 23:45:12 | INFO     | cross_validation |   Fold 5/5: train=640 (orig=640, aug=0), val=159, acc=69.18%  [0.3s]
2026-04-30 23:45:12 | INFO     | cross_validation |   CV result: 70.71% ± 2.10%
2026-04-30 23:45:12 | INFO     | cross_validation |   Combo 7/8: {'C': 100, 'gamma': 'scale'}
2026-04-30 23:45:12 | DEBUG    | reduction | Scaler fitted on 639 samples, 166 features
2026-04-30 23:45:12 | DEBUG    | reduction | LDA: 166 → 9 discriminant components
2026-04-30 23:45:12 | INFO     | cross_validation |   Fold 1/5: train=639 (orig=639, aug=0), val=160, acc=73.12%  [0.2s]
2026-04-30 23:45:12 | DEBUG    | reduction | Scaler fitted on 639 samples, 166 features
2026-04-30 23:45:13 | DEBUG    | reduction | LDA: 166 → 9 discriminant components
2026-04-30 23:45:13 | INFO     | cross_validation |   Fold 2/5: train=639 (orig=639, aug=0), val=160, acc=67.50%  [0.3s]
2026-04-30 23:45:13 | DEBUG    | reduction | Scaler fitted on 639 samples, 166 features
2026-04-30 23:45:13 | DEBUG    | reduction | LDA: 166 → 9 discriminant components
2026-04-30 23:45:13 | INFO     | cross_validation |   Fold 3/5: train=639 (orig=639, aug=0), val=160, acc=71.88%  [0.3s]
2026-04-30 23:45:13 | DEBUG    | reduction | Scaler fitted on 639 samples, 166 features
2026-04-30 23:45:13 | DEBUG    | reduction | LDA: 166 → 9 discriminant components
2026-04-30 23:45:13 | INFO     | cross_validation |   Fold 4/5: train=639 (orig=639, aug=0), val=160, acc=73.75%  [0.4s]
2026-04-30 23:45:13 | DEBUG    | reduction | Scaler fitted on 640 samples, 166 features
2026-04-30 23:45:14 | DEBUG    | reduction | LDA: 166 → 9 discriminant components
2026-04-30 23:45:14 | INFO     | cross_validation |   Fold 5/5: train=640 (orig=640, aug=0), val=159, acc=70.44%  [0.3s]
2026-04-30 23:45:14 | INFO     | cross_validation |   CV result: 71.34% ± 2.23%
2026-04-30 23:45:14 | INFO     | cross_validation |   Combo 8/8: {'C': 100, 'gamma': 'auto'}
2026-04-30 23:45:14 | DEBUG    | reduction | Scaler fitted on 639 samples, 166 features
2026-04-30 23:45:14 | DEBUG    | reduction | LDA: 166 → 9 discriminant components
2026-04-30 23:45:14 | INFO     | cross_validation |   Fold 1/5: train=639 (orig=639, aug=0), val=160, acc=71.25%  [0.2s]
2026-04-30 23:45:14 | DEBUG    | reduction | Scaler fitted on 639 samples, 166 features
2026-04-30 23:45:14 | DEBUG    | reduction | LDA: 166 → 9 discriminant components
2026-04-30 23:45:14 | INFO     | cross_validation |   Fold 2/5: train=639 (orig=639, aug=0), val=160, acc=67.50%  [0.4s]
2026-04-30 23:45:14 | DEBUG    | reduction | Scaler fitted on 639 samples, 166 features
2026-04-30 23:45:14 | DEBUG    | reduction | LDA: 166 → 9 discriminant components
2026-04-30 23:45:14 | INFO     | cross_validation |   Fold 3/5: train=639 (orig=639, aug=0), val=160, acc=73.12%  [0.1s]
2026-04-30 23:45:14 | DEBUG    | reduction | Scaler fitted on 639 samples, 166 features
2026-04-30 23:45:15 | DEBUG    | reduction | LDA: 166 → 9 discriminant components
2026-04-30 23:45:15 | INFO     | cross_validation |   Fold 4/5: train=639 (orig=639, aug=0), val=160, acc=73.12%  [0.3s]
2026-04-30 23:45:15 | DEBUG    | reduction | Scaler fitted on 640 samples, 166 features
2026-04-30 23:45:15 | DEBUG    | reduction | LDA: 166 → 9 discriminant components
2026-04-30 23:45:15 | INFO     | cross_validation |   Fold 5/5: train=640 (orig=640, aug=0), val=159, acc=69.18%  [0.1s]
2026-04-30 23:45:15 | INFO     | cross_validation |   CV result: 70.84% ± 2.21%
2026-04-30 23:45:15 | INFO     | cross_validation |   Best params: {'C': 0.1, 'gamma': 'scale'}
2026-04-30 23:45:15 | INFO     | cross_validation |   Best CV: 74.22% ± 1.24%
2026-04-30 23:45:15 | INFO     | cross_validation | ✓ grid_search_cv finished in 10.4s
2026-04-30 23:45:15 | INFO     | main | ────────────────────────────────────────────────────────────
2026-04-30 23:45:15 | INFO     | main |   SVM (RBF) [skb, aug]
2026-04-30 23:45:15 | INFO     | main | ────────────────────────────────────────────────────────────
2026-04-30 23:45:15 | INFO     | cross_validation | → grid_search_cv started
2026-04-30 23:45:15 | INFO     | cross_validation | Grid search: 8 parameter combinations × 5 folds
2026-04-30 23:45:15 | INFO     | cross_validation |   Combo 1/8: {'C': 0.1, 'gamma': 'scale'}
2026-04-30 23:45:15 | DEBUG    | reduction | Scaler fitted on 639 samples, 166 features
2026-04-30 23:45:15 | DEBUG    | reduction | SelectKBest: 166 → 80 features
2026-04-30 23:45:15 | INFO     | cross_validation |   Fold 1/5: train=1917 (orig=639, aug=1278), val=160, acc=67.50%  [0.2s]
2026-04-30 23:45:15 | DEBUG    | reduction | Scaler fitted on 639 samples, 166 features
2026-04-30 23:45:15 | DEBUG    | reduction | SelectKBest: 166 → 80 features
2026-04-30 23:45:15 | INFO     | cross_validation |   Fold 2/5: train=1917 (orig=639, aug=1278), val=160, acc=56.88%  [0.2s]
2026-04-30 23:45:15 | DEBUG    | reduction | Scaler fitted on 639 samples, 166 features
2026-04-30 23:45:15 | DEBUG    | reduction | SelectKBest: 166 → 80 features
2026-04-30 23:45:15 | INFO     | cross_validation |   Fold 3/5: train=1917 (orig=639, aug=1278), val=160, acc=65.00%  [0.2s]
2026-04-30 23:45:15 | DEBUG    | reduction | Scaler fitted on 639 samples, 166 features
2026-04-30 23:45:15 | DEBUG    | reduction | SelectKBest: 166 → 80 features
2026-04-30 23:45:15 | INFO     | cross_validation |   Fold 4/5: train=1917 (orig=639, aug=1278), val=160, acc=66.88%  [0.2s]
2026-04-30 23:45:15 | DEBUG    | reduction | Scaler fitted on 640 samples, 166 features
2026-04-30 23:45:15 | DEBUG    | reduction | SelectKBest: 166 → 80 features
2026-04-30 23:45:16 | INFO     | cross_validation |   Fold 5/5: train=1920 (orig=640, aug=1280), val=159, acc=58.49%  [0.2s]
2026-04-30 23:45:16 | INFO     | cross_validation |   CV result: 62.95% ± 4.41%
2026-04-30 23:45:16 | INFO     | cross_validation |   Combo 2/8: {'C': 0.1, 'gamma': 'auto'}
2026-04-30 23:45:16 | DEBUG    | reduction | Scaler fitted on 639 samples, 166 features
2026-04-30 23:45:16 | DEBUG    | reduction | SelectKBest: 166 → 80 features
2026-04-30 23:45:16 | INFO     | cross_validation |   Fold 1/5: train=1917 (orig=639, aug=1278), val=160, acc=66.88%  [0.2s]
2026-04-30 23:45:16 | DEBUG    | reduction | Scaler fitted on 639 samples, 166 features
2026-04-30 23:45:16 | DEBUG    | reduction | SelectKBest: 166 → 80 features
2026-04-30 23:45:16 | INFO     | cross_validation |   Fold 2/5: train=1917 (orig=639, aug=1278), val=160, acc=56.88%  [0.2s]
2026-04-30 23:45:16 | DEBUG    | reduction | Scaler fitted on 639 samples, 166 features
2026-04-30 23:45:16 | DEBUG    | reduction | SelectKBest: 166 → 80 features
2026-04-30 23:45:16 | INFO     | cross_validation |   Fold 3/5: train=1917 (orig=639, aug=1278), val=160, acc=64.38%  [0.2s]
2026-04-30 23:45:16 | DEBUG    | reduction | Scaler fitted on 639 samples, 166 features
2026-04-30 23:45:16 | DEBUG    | reduction | SelectKBest: 166 → 80 features
2026-04-30 23:45:16 | INFO     | cross_validation |   Fold 4/5: train=1917 (orig=639, aug=1278), val=160, acc=66.25%  [0.2s]
2026-04-30 23:45:16 | DEBUG    | reduction | Scaler fitted on 640 samples, 166 features
2026-04-30 23:45:16 | DEBUG    | reduction | SelectKBest: 166 → 80 features
2026-04-30 23:45:16 | INFO     | cross_validation |   Fold 5/5: train=1920 (orig=640, aug=1280), val=159, acc=62.26%  [0.2s]
2026-04-30 23:45:16 | INFO     | cross_validation |   CV result: 63.33% ± 3.61%
2026-04-30 23:45:16 | INFO     | cross_validation |   Combo 3/8: {'C': 1, 'gamma': 'scale'}
2026-04-30 23:45:16 | DEBUG    | reduction | Scaler fitted on 639 samples, 166 features
2026-04-30 23:45:16 | DEBUG    | reduction | SelectKBest: 166 → 80 features
2026-04-30 23:45:17 | INFO     | cross_validation |   Fold 1/5: train=1917 (orig=639, aug=1278), val=160, acc=78.75%  [0.1s]
2026-04-30 23:45:17 | DEBUG    | reduction | Scaler fitted on 639 samples, 166 features
2026-04-30 23:45:17 | DEBUG    | reduction | SelectKBest: 166 → 80 features
2026-04-30 23:45:17 | INFO     | cross_validation |   Fold 2/5: train=1917 (orig=639, aug=1278), val=160, acc=74.38%  [0.1s]
2026-04-30 23:45:17 | DEBUG    | reduction | Scaler fitted on 639 samples, 166 features
2026-04-30 23:45:17 | DEBUG    | reduction | SelectKBest: 166 → 80 features
2026-04-30 23:45:17 | INFO     | cross_validation |   Fold 3/5: train=1917 (orig=639, aug=1278), val=160, acc=83.75%  [0.1s]
2026-04-30 23:45:17 | DEBUG    | reduction | Scaler fitted on 639 samples, 166 features
2026-04-30 23:45:17 | DEBUG    | reduction | SelectKBest: 166 → 80 features
2026-04-30 23:45:17 | INFO     | cross_validation |   Fold 4/5: train=1917 (orig=639, aug=1278), val=160, acc=78.75%  [0.1s]
2026-04-30 23:45:17 | DEBUG    | reduction | Scaler fitted on 640 samples, 166 features
2026-04-30 23:45:17 | DEBUG    | reduction | SelectKBest: 166 → 80 features
2026-04-30 23:45:17 | INFO     | cross_validation |   Fold 5/5: train=1920 (orig=640, aug=1280), val=159, acc=72.33%  [0.1s]
2026-04-30 23:45:17 | INFO     | cross_validation |   CV result: 77.59% ± 3.97%
2026-04-30 23:45:17 | INFO     | cross_validation |   Combo 4/8: {'C': 1, 'gamma': 'auto'}
2026-04-30 23:45:17 | DEBUG    | reduction | Scaler fitted on 639 samples, 166 features
2026-04-30 23:45:17 | DEBUG    | reduction | SelectKBest: 166 → 80 features
2026-04-30 23:45:17 | INFO     | cross_validation |   Fold 1/5: train=1917 (orig=639, aug=1278), val=160, acc=78.12%  [0.1s]
2026-04-30 23:45:17 | DEBUG    | reduction | Scaler fitted on 639 samples, 166 features
2026-04-30 23:45:17 | DEBUG    | reduction | SelectKBest: 166 → 80 features
2026-04-30 23:45:17 | INFO     | cross_validation |   Fold 2/5: train=1917 (orig=639, aug=1278), val=160, acc=76.25%  [0.1s]
2026-04-30 23:45:17 | DEBUG    | reduction | Scaler fitted on 639 samples, 166 features
2026-04-30 23:45:17 | DEBUG    | reduction | SelectKBest: 166 → 80 features
2026-04-30 23:45:17 | INFO     | cross_validation |   Fold 3/5: train=1917 (orig=639, aug=1278), val=160, acc=83.12%  [0.1s]
2026-04-30 23:45:17 | DEBUG    | reduction | Scaler fitted on 639 samples, 166 features
2026-04-30 23:45:17 | DEBUG    | reduction | SelectKBest: 166 → 80 features
2026-04-30 23:45:18 | INFO     | cross_validation |   Fold 4/5: train=1917 (orig=639, aug=1278), val=160, acc=78.75%  [0.1s]
2026-04-30 23:45:18 | DEBUG    | reduction | Scaler fitted on 640 samples, 166 features
2026-04-30 23:45:18 | DEBUG    | reduction | SelectKBest: 166 → 80 features
2026-04-30 23:45:18 | INFO     | cross_validation |   Fold 5/5: train=1920 (orig=640, aug=1280), val=159, acc=73.58%  [0.1s]
2026-04-30 23:45:18 | INFO     | cross_validation |   CV result: 77.97% ± 3.14%
2026-04-30 23:45:18 | INFO     | cross_validation |   Combo 5/8: {'C': 10, 'gamma': 'scale'}
2026-04-30 23:45:18 | DEBUG    | reduction | Scaler fitted on 639 samples, 166 features
2026-04-30 23:45:18 | DEBUG    | reduction | SelectKBest: 166 → 80 features
2026-04-30 23:45:18 | INFO     | cross_validation |   Fold 1/5: train=1917 (orig=639, aug=1278), val=160, acc=78.12%  [0.1s]
2026-04-30 23:45:18 | DEBUG    | reduction | Scaler fitted on 639 samples, 166 features
2026-04-30 23:45:18 | DEBUG    | reduction | SelectKBest: 166 → 80 features
2026-04-30 23:45:18 | INFO     | cross_validation |   Fold 2/5: train=1917 (orig=639, aug=1278), val=160, acc=73.12%  [0.1s]
2026-04-30 23:45:18 | DEBUG    | reduction | Scaler fitted on 639 samples, 166 features
2026-04-30 23:45:18 | DEBUG    | reduction | SelectKBest: 166 → 80 features
2026-04-30 23:45:18 | INFO     | cross_validation |   Fold 3/5: train=1917 (orig=639, aug=1278), val=160, acc=78.75%  [0.1s]
2026-04-30 23:45:18 | DEBUG    | reduction | Scaler fitted on 639 samples, 166 features
2026-04-30 23:45:18 | DEBUG    | reduction | SelectKBest: 166 → 80 features
2026-04-30 23:45:18 | INFO     | cross_validation |   Fold 4/5: train=1917 (orig=639, aug=1278), val=160, acc=77.50%  [0.1s]
2026-04-30 23:45:18 | DEBUG    | reduction | Scaler fitted on 640 samples, 166 features
2026-04-30 23:45:18 | DEBUG    | reduction | SelectKBest: 166 → 80 features
2026-04-30 23:45:18 | INFO     | cross_validation |   Fold 5/5: train=1920 (orig=640, aug=1280), val=159, acc=75.47%  [0.1s]
2026-04-30 23:45:18 | INFO     | cross_validation |   CV result: 76.59% ± 2.05%
2026-04-30 23:45:18 | INFO     | cross_validation |   Combo 6/8: {'C': 10, 'gamma': 'auto'}
2026-04-30 23:45:18 | DEBUG    | reduction | Scaler fitted on 639 samples, 166 features
2026-04-30 23:45:18 | DEBUG    | reduction | SelectKBest: 166 → 80 features
2026-04-30 23:45:18 | INFO     | cross_validation |   Fold 1/5: train=1917 (orig=639, aug=1278), val=160, acc=78.12%  [0.1s]
2026-04-30 23:45:18 | DEBUG    | reduction | Scaler fitted on 639 samples, 166 features
2026-04-30 23:45:18 | DEBUG    | reduction | SelectKBest: 166 → 80 features
2026-04-30 23:45:18 | INFO     | cross_validation |   Fold 2/5: train=1917 (orig=639, aug=1278), val=160, acc=72.50%  [0.1s]
2026-04-30 23:45:18 | DEBUG    | reduction | Scaler fitted on 639 samples, 166 features
2026-04-30 23:45:18 | DEBUG    | reduction | SelectKBest: 166 → 80 features
2026-04-30 23:45:19 | INFO     | cross_validation |   Fold 3/5: train=1917 (orig=639, aug=1278), val=160, acc=78.75%  [0.1s]
2026-04-30 23:45:19 | DEBUG    | reduction | Scaler fitted on 639 samples, 166 features
2026-04-30 23:45:19 | DEBUG    | reduction | SelectKBest: 166 → 80 features
2026-04-30 23:45:19 | INFO     | cross_validation |   Fold 4/5: train=1917 (orig=639, aug=1278), val=160, acc=77.50%  [0.1s]
2026-04-30 23:45:19 | DEBUG    | reduction | Scaler fitted on 640 samples, 166 features
2026-04-30 23:45:19 | DEBUG    | reduction | SelectKBest: 166 → 80 features
2026-04-30 23:45:19 | INFO     | cross_validation |   Fold 5/5: train=1920 (orig=640, aug=1280), val=159, acc=73.58%  [0.1s]
2026-04-30 23:45:19 | INFO     | cross_validation |   CV result: 76.09% ± 2.54%
2026-04-30 23:45:19 | INFO     | cross_validation |   Combo 7/8: {'C': 100, 'gamma': 'scale'}
2026-04-30 23:45:19 | DEBUG    | reduction | Scaler fitted on 639 samples, 166 features
2026-04-30 23:45:19 | DEBUG    | reduction | SelectKBest: 166 → 80 features
2026-04-30 23:45:19 | INFO     | cross_validation |   Fold 1/5: train=1917 (orig=639, aug=1278), val=160, acc=76.88%  [0.2s]
2026-04-30 23:45:19 | DEBUG    | reduction | Scaler fitted on 639 samples, 166 features
2026-04-30 23:45:19 | DEBUG    | reduction | SelectKBest: 166 → 80 features
2026-04-30 23:45:19 | INFO     | cross_validation |   Fold 2/5: train=1917 (orig=639, aug=1278), val=160, acc=72.50%  [0.1s]
2026-04-30 23:45:19 | DEBUG    | reduction | Scaler fitted on 639 samples, 166 features
2026-04-30 23:45:19 | DEBUG    | reduction | SelectKBest: 166 → 80 features
2026-04-30 23:45:19 | INFO     | cross_validation |   Fold 3/5: train=1917 (orig=639, aug=1278), val=160, acc=80.62%  [0.1s]
2026-04-30 23:45:19 | DEBUG    | reduction | Scaler fitted on 639 samples, 166 features
2026-04-30 23:45:19 | DEBUG    | reduction | SelectKBest: 166 → 80 features
2026-04-30 23:45:19 | INFO     | cross_validation |   Fold 4/5: train=1917 (orig=639, aug=1278), val=160, acc=76.88%  [0.1s]
2026-04-30 23:45:19 | DEBUG    | reduction | Scaler fitted on 640 samples, 166 features
2026-04-30 23:45:19 | DEBUG    | reduction | SelectKBest: 166 → 80 features
2026-04-30 23:45:19 | INFO     | cross_validation |   Fold 5/5: train=1920 (orig=640, aug=1280), val=159, acc=75.47%  [0.1s]
2026-04-30 23:45:19 | INFO     | cross_validation |   CV result: 76.47% ± 2.62%
2026-04-30 23:45:19 | INFO     | cross_validation |   Combo 8/8: {'C': 100, 'gamma': 'auto'}
2026-04-30 23:45:19 | DEBUG    | reduction | Scaler fitted on 639 samples, 166 features
2026-04-30 23:45:19 | DEBUG    | reduction | SelectKBest: 166 → 80 features
2026-04-30 23:45:20 | INFO     | cross_validation |   Fold 1/5: train=1917 (orig=639, aug=1278), val=160, acc=76.25%  [0.1s]
2026-04-30 23:45:20 | DEBUG    | reduction | Scaler fitted on 639 samples, 166 features
2026-04-30 23:45:20 | DEBUG    | reduction | SelectKBest: 166 → 80 features
2026-04-30 23:45:20 | INFO     | cross_validation |   Fold 2/5: train=1917 (orig=639, aug=1278), val=160, acc=72.50%  [0.1s]
2026-04-30 23:45:20 | DEBUG    | reduction | Scaler fitted on 639 samples, 166 features
2026-04-30 23:45:20 | DEBUG    | reduction | SelectKBest: 166 → 80 features
2026-04-30 23:45:20 | INFO     | cross_validation |   Fold 3/5: train=1917 (orig=639, aug=1278), val=160, acc=80.62%  [0.1s]
2026-04-30 23:45:20 | DEBUG    | reduction | Scaler fitted on 639 samples, 166 features
2026-04-30 23:45:20 | DEBUG    | reduction | SelectKBest: 166 → 80 features
2026-04-30 23:45:20 | INFO     | cross_validation |   Fold 4/5: train=1917 (orig=639, aug=1278), val=160, acc=76.88%  [0.1s]
2026-04-30 23:45:20 | DEBUG    | reduction | Scaler fitted on 640 samples, 166 features
2026-04-30 23:45:20 | DEBUG    | reduction | SelectKBest: 166 → 80 features
2026-04-30 23:45:20 | INFO     | cross_validation |   Fold 5/5: train=1920 (orig=640, aug=1280), val=159, acc=72.33%  [0.1s]
2026-04-30 23:45:20 | INFO     | cross_validation |   CV result: 75.72% ± 3.08%
2026-04-30 23:45:20 | INFO     | cross_validation |   Best params: {'C': 1, 'gamma': 'auto'}
2026-04-30 23:45:20 | INFO     | cross_validation |   Best CV: 77.97% ± 3.14%
2026-04-30 23:45:20 | INFO     | cross_validation | ✓ grid_search_cv finished in 5.4s
2026-04-30 23:45:20 | INFO     | main | ────────────────────────────────────────────────────────────
2026-04-30 23:45:20 | INFO     | main |   SVM (RBF) [skb, no-aug]
2026-04-30 23:45:20 | INFO     | main | ────────────────────────────────────────────────────────────
2026-04-30 23:45:20 | INFO     | cross_validation | → grid_search_cv started
2026-04-30 23:45:20 | INFO     | cross_validation | Grid search: 8 parameter combinations × 5 folds
2026-04-30 23:45:20 | INFO     | cross_validation |   Combo 1/8: {'C': 0.1, 'gamma': 'scale'}
2026-04-30 23:45:20 | DEBUG    | reduction | Scaler fitted on 639 samples, 166 features
2026-04-30 23:45:20 | DEBUG    | reduction | SelectKBest: 166 → 80 features
2026-04-30 23:45:20 | INFO     | cross_validation |   Fold 1/5: train=639 (orig=639, aug=0), val=160, acc=62.50%  [0.1s]
2026-04-30 23:45:20 | DEBUG    | reduction | Scaler fitted on 639 samples, 166 features
2026-04-30 23:45:20 | DEBUG    | reduction | SelectKBest: 166 → 80 features
2026-04-30 23:45:20 | INFO     | cross_validation |   Fold 2/5: train=639 (orig=639, aug=0), val=160, acc=54.37%  [0.0s]
2026-04-30 23:45:20 | DEBUG    | reduction | Scaler fitted on 639 samples, 166 features
2026-04-30 23:45:20 | DEBUG    | reduction | SelectKBest: 166 → 80 features
2026-04-30 23:45:20 | INFO     | cross_validation |   Fold 3/5: train=639 (orig=639, aug=0), val=160, acc=57.50%  [0.1s]
2026-04-30 23:45:20 | DEBUG    | reduction | Scaler fitted on 639 samples, 166 features
2026-04-30 23:45:20 | DEBUG    | reduction | SelectKBest: 166 → 80 features
2026-04-30 23:45:20 | INFO     | cross_validation |   Fold 4/5: train=639 (orig=639, aug=0), val=160, acc=64.38%  [0.0s]
2026-04-30 23:45:20 | DEBUG    | reduction | Scaler fitted on 640 samples, 166 features
2026-04-30 23:45:20 | DEBUG    | reduction | SelectKBest: 166 → 80 features
2026-04-30 23:45:20 | INFO     | cross_validation |   Fold 5/5: train=640 (orig=640, aug=0), val=159, acc=61.64%  [0.0s]
2026-04-30 23:45:20 | INFO     | cross_validation |   CV result: 60.08% ± 3.63%
2026-04-30 23:45:20 | INFO     | cross_validation |   Combo 2/8: {'C': 0.1, 'gamma': 'auto'}
2026-04-30 23:45:20 | DEBUG    | reduction | Scaler fitted on 639 samples, 166 features
2026-04-30 23:45:20 | DEBUG    | reduction | SelectKBest: 166 → 80 features
2026-04-30 23:45:20 | INFO     | cross_validation |   Fold 1/5: train=639 (orig=639, aug=0), val=160, acc=62.50%  [0.0s]
2026-04-30 23:45:20 | DEBUG    | reduction | Scaler fitted on 639 samples, 166 features
2026-04-30 23:45:20 | DEBUG    | reduction | SelectKBest: 166 → 80 features
2026-04-30 23:45:20 | INFO     | cross_validation |   Fold 2/5: train=639 (orig=639, aug=0), val=160, acc=54.37%  [0.0s]
2026-04-30 23:45:20 | DEBUG    | reduction | Scaler fitted on 639 samples, 166 features
2026-04-30 23:45:20 | DEBUG    | reduction | SelectKBest: 166 → 80 features
2026-04-30 23:45:20 | INFO     | cross_validation |   Fold 3/5: train=639 (orig=639, aug=0), val=160, acc=57.50%  [0.0s]
2026-04-30 23:45:20 | DEBUG    | reduction | Scaler fitted on 639 samples, 166 features
2026-04-30 23:45:20 | DEBUG    | reduction | SelectKBest: 166 → 80 features
2026-04-30 23:45:20 | INFO     | cross_validation |   Fold 4/5: train=639 (orig=639, aug=0), val=160, acc=64.38%  [0.0s]
2026-04-30 23:45:20 | DEBUG    | reduction | Scaler fitted on 640 samples, 166 features
2026-04-30 23:45:20 | DEBUG    | reduction | SelectKBest: 166 → 80 features
2026-04-30 23:45:21 | INFO     | cross_validation |   Fold 5/5: train=640 (orig=640, aug=0), val=159, acc=61.64%  [0.0s]
2026-04-30 23:45:21 | INFO     | cross_validation |   CV result: 60.08% ± 3.63%
2026-04-30 23:45:21 | INFO     | cross_validation |   Combo 3/8: {'C': 1, 'gamma': 'scale'}
2026-04-30 23:45:21 | DEBUG    | reduction | Scaler fitted on 639 samples, 166 features
2026-04-30 23:45:21 | DEBUG    | reduction | SelectKBest: 166 → 80 features
2026-04-30 23:45:21 | INFO     | cross_validation |   Fold 1/5: train=639 (orig=639, aug=0), val=160, acc=76.25%  [0.0s]
2026-04-30 23:45:21 | DEBUG    | reduction | Scaler fitted on 639 samples, 166 features
2026-04-30 23:45:21 | DEBUG    | reduction | SelectKBest: 166 → 80 features
2026-04-30 23:45:21 | INFO     | cross_validation |   Fold 2/5: train=639 (orig=639, aug=0), val=160, acc=73.75%  [0.0s]
2026-04-30 23:45:21 | DEBUG    | reduction | Scaler fitted on 639 samples, 166 features
2026-04-30 23:45:21 | DEBUG    | reduction | SelectKBest: 166 → 80 features
2026-04-30 23:45:21 | INFO     | cross_validation |   Fold 3/5: train=639 (orig=639, aug=0), val=160, acc=81.25%  [0.0s]
2026-04-30 23:45:21 | DEBUG    | reduction | Scaler fitted on 639 samples, 166 features
2026-04-30 23:45:21 | DEBUG    | reduction | SelectKBest: 166 → 80 features
2026-04-30 23:45:21 | INFO     | cross_validation |   Fold 4/5: train=639 (orig=639, aug=0), val=160, acc=76.88%  [0.0s]
2026-04-30 23:45:21 | DEBUG    | reduction | Scaler fitted on 640 samples, 166 features
2026-04-30 23:45:21 | DEBUG    | reduction | SelectKBest: 166 → 80 features
2026-04-30 23:45:21 | INFO     | cross_validation |   Fold 5/5: train=640 (orig=640, aug=0), val=159, acc=76.10%  [0.0s]
2026-04-30 23:45:21 | INFO     | cross_validation |   CV result: 76.85% ± 2.45%
2026-04-30 23:45:21 | INFO     | cross_validation |   Combo 4/8: {'C': 1, 'gamma': 'auto'}
2026-04-30 23:45:21 | DEBUG    | reduction | Scaler fitted on 639 samples, 166 features
2026-04-30 23:45:21 | DEBUG    | reduction | SelectKBest: 166 → 80 features
2026-04-30 23:45:21 | INFO     | cross_validation |   Fold 1/5: train=639 (orig=639, aug=0), val=160, acc=76.25%  [0.0s]
2026-04-30 23:45:21 | DEBUG    | reduction | Scaler fitted on 639 samples, 166 features
2026-04-30 23:45:21 | DEBUG    | reduction | SelectKBest: 166 → 80 features
2026-04-30 23:45:21 | INFO     | cross_validation |   Fold 2/5: train=639 (orig=639, aug=0), val=160, acc=73.75%  [0.0s]
2026-04-30 23:45:21 | DEBUG    | reduction | Scaler fitted on 639 samples, 166 features
2026-04-30 23:45:21 | DEBUG    | reduction | SelectKBest: 166 → 80 features
2026-04-30 23:45:21 | INFO     | cross_validation |   Fold 3/5: train=639 (orig=639, aug=0), val=160, acc=81.25%  [0.0s]
2026-04-30 23:45:21 | DEBUG    | reduction | Scaler fitted on 639 samples, 166 features
2026-04-30 23:45:21 | DEBUG    | reduction | SelectKBest: 166 → 80 features
2026-04-30 23:45:21 | INFO     | cross_validation |   Fold 4/5: train=639 (orig=639, aug=0), val=160, acc=76.88%  [0.0s]
2026-04-30 23:45:21 | DEBUG    | reduction | Scaler fitted on 640 samples, 166 features
2026-04-30 23:45:21 | DEBUG    | reduction | SelectKBest: 166 → 80 features
2026-04-30 23:45:21 | INFO     | cross_validation |   Fold 5/5: train=640 (orig=640, aug=0), val=159, acc=76.10%  [0.0s]
2026-04-30 23:45:21 | INFO     | cross_validation |   CV result: 76.85% ± 2.45%
2026-04-30 23:45:21 | INFO     | cross_validation |   Combo 5/8: {'C': 10, 'gamma': 'scale'}
2026-04-30 23:45:21 | DEBUG    | reduction | Scaler fitted on 639 samples, 166 features
2026-04-30 23:45:21 | DEBUG    | reduction | SelectKBest: 166 → 80 features
2026-04-30 23:45:21 | INFO     | cross_validation |   Fold 1/5: train=639 (orig=639, aug=0), val=160, acc=76.88%  [0.0s]
2026-04-30 23:45:21 | DEBUG    | reduction | Scaler fitted on 639 samples, 166 features
2026-04-30 23:45:21 | DEBUG    | reduction | SelectKBest: 166 → 80 features
2026-04-30 23:45:21 | INFO     | cross_validation |   Fold 2/5: train=639 (orig=639, aug=0), val=160, acc=76.25%  [0.0s]
2026-04-30 23:45:21 | DEBUG    | reduction | Scaler fitted on 639 samples, 166 features
2026-04-30 23:45:21 | DEBUG    | reduction | SelectKBest: 166 → 80 features
2026-04-30 23:45:21 | INFO     | cross_validation |   Fold 3/5: train=639 (orig=639, aug=0), val=160, acc=82.50%  [0.0s]
2026-04-30 23:45:21 | DEBUG    | reduction | Scaler fitted on 639 samples, 166 features
2026-04-30 23:45:21 | DEBUG    | reduction | SelectKBest: 166 → 80 features
2026-04-30 23:45:21 | INFO     | cross_validation |   Fold 4/5: train=639 (orig=639, aug=0), val=160, acc=78.12%  [0.0s]
2026-04-30 23:45:21 | DEBUG    | reduction | Scaler fitted on 640 samples, 166 features
2026-04-30 23:45:21 | DEBUG    | reduction | SelectKBest: 166 → 80 features
2026-04-30 23:45:21 | INFO     | cross_validation |   Fold 5/5: train=640 (orig=640, aug=0), val=159, acc=77.99%  [0.0s]
2026-04-30 23:45:21 | INFO     | cross_validation |   CV result: 78.35% ± 2.19%
2026-04-30 23:45:21 | INFO     | cross_validation |   Combo 6/8: {'C': 10, 'gamma': 'auto'}
2026-04-30 23:45:21 | DEBUG    | reduction | Scaler fitted on 639 samples, 166 features
2026-04-30 23:45:21 | DEBUG    | reduction | SelectKBest: 166 → 80 features
2026-04-30 23:45:21 | INFO     | cross_validation |   Fold 1/5: train=639 (orig=639, aug=0), val=160, acc=76.88%  [0.0s]
2026-04-30 23:45:21 | DEBUG    | reduction | Scaler fitted on 639 samples, 166 features
2026-04-30 23:45:21 | DEBUG    | reduction | SelectKBest: 166 → 80 features
2026-04-30 23:45:21 | INFO     | cross_validation |   Fold 2/5: train=639 (orig=639, aug=0), val=160, acc=76.25%  [0.0s]
2026-04-30 23:45:21 | DEBUG    | reduction | Scaler fitted on 639 samples, 166 features
2026-04-30 23:45:21 | DEBUG    | reduction | SelectKBest: 166 → 80 features
2026-04-30 23:45:21 | INFO     | cross_validation |   Fold 3/5: train=639 (orig=639, aug=0), val=160, acc=82.50%  [0.0s]
2026-04-30 23:45:21 | DEBUG    | reduction | Scaler fitted on 639 samples, 166 features
2026-04-30 23:45:21 | DEBUG    | reduction | SelectKBest: 166 → 80 features
2026-04-30 23:45:21 | INFO     | cross_validation |   Fold 4/5: train=639 (orig=639, aug=0), val=160, acc=78.12%  [0.0s]
2026-04-30 23:45:21 | DEBUG    | reduction | Scaler fitted on 640 samples, 166 features
2026-04-30 23:45:21 | DEBUG    | reduction | SelectKBest: 166 → 80 features
2026-04-30 23:45:21 | INFO     | cross_validation |   Fold 5/5: train=640 (orig=640, aug=0), val=159, acc=77.99%  [0.0s]
2026-04-30 23:45:21 | INFO     | cross_validation |   CV result: 78.35% ± 2.19%
2026-04-30 23:45:21 | INFO     | cross_validation |   Combo 7/8: {'C': 100, 'gamma': 'scale'}
2026-04-30 23:45:21 | DEBUG    | reduction | Scaler fitted on 639 samples, 166 features
2026-04-30 23:45:21 | DEBUG    | reduction | SelectKBest: 166 → 80 features
2026-04-30 23:45:21 | INFO     | cross_validation |   Fold 1/5: train=639 (orig=639, aug=0), val=160, acc=75.00%  [0.0s]
2026-04-30 23:45:21 | DEBUG    | reduction | Scaler fitted on 639 samples, 166 features
2026-04-30 23:45:21 | DEBUG    | reduction | SelectKBest: 166 → 80 features
2026-04-30 23:45:21 | INFO     | cross_validation |   Fold 2/5: train=639 (orig=639, aug=0), val=160, acc=74.38%  [0.0s]
2026-04-30 23:45:21 | DEBUG    | reduction | Scaler fitted on 639 samples, 166 features
2026-04-30 23:45:21 | DEBUG    | reduction | SelectKBest: 166 → 80 features
2026-04-30 23:45:21 | INFO     | cross_validation |   Fold 3/5: train=639 (orig=639, aug=0), val=160, acc=82.50%  [0.0s]
2026-04-30 23:45:21 | DEBUG    | reduction | Scaler fitted on 639 samples, 166 features
2026-04-30 23:45:21 | DEBUG    | reduction | SelectKBest: 166 → 80 features
2026-04-30 23:45:21 | INFO     | cross_validation |   Fold 4/5: train=639 (orig=639, aug=0), val=160, acc=76.88%  [0.0s]
2026-04-30 23:45:21 | DEBUG    | reduction | Scaler fitted on 640 samples, 166 features
2026-04-30 23:45:21 | DEBUG    | reduction | SelectKBest: 166 → 80 features
2026-04-30 23:45:21 | INFO     | cross_validation |   Fold 5/5: train=640 (orig=640, aug=0), val=159, acc=75.47%  [0.0s]
2026-04-30 23:45:21 | INFO     | cross_validation |   CV result: 76.84% ± 2.95%
2026-04-30 23:45:21 | INFO     | cross_validation |   Combo 8/8: {'C': 100, 'gamma': 'auto'}
2026-04-30 23:45:21 | DEBUG    | reduction | Scaler fitted on 639 samples, 166 features
2026-04-30 23:45:21 | DEBUG    | reduction | SelectKBest: 166 → 80 features
2026-04-30 23:45:21 | INFO     | cross_validation |   Fold 1/5: train=639 (orig=639, aug=0), val=160, acc=75.00%  [0.0s]
2026-04-30 23:45:21 | DEBUG    | reduction | Scaler fitted on 639 samples, 166 features
2026-04-30 23:45:21 | DEBUG    | reduction | SelectKBest: 166 → 80 features
2026-04-30 23:45:21 | INFO     | cross_validation |   Fold 2/5: train=639 (orig=639, aug=0), val=160, acc=74.38%  [0.0s]
2026-04-30 23:45:21 | DEBUG    | reduction | Scaler fitted on 639 samples, 166 features
2026-04-30 23:45:21 | DEBUG    | reduction | SelectKBest: 166 → 80 features
2026-04-30 23:45:21 | INFO     | cross_validation |   Fold 3/5: train=639 (orig=639, aug=0), val=160, acc=82.50%  [0.0s]
2026-04-30 23:45:21 | DEBUG    | reduction | Scaler fitted on 639 samples, 166 features
2026-04-30 23:45:21 | DEBUG    | reduction | SelectKBest: 166 → 80 features
2026-04-30 23:45:21 | INFO     | cross_validation |   Fold 4/5: train=639 (orig=639, aug=0), val=160, acc=76.88%  [0.0s]
2026-04-30 23:45:21 | DEBUG    | reduction | Scaler fitted on 640 samples, 166 features
2026-04-30 23:45:21 | DEBUG    | reduction | SelectKBest: 166 → 80 features
2026-04-30 23:45:21 | INFO     | cross_validation |   Fold 5/5: train=640 (orig=640, aug=0), val=159, acc=75.47%  [0.0s]
2026-04-30 23:45:21 | INFO     | cross_validation |   CV result: 76.84% ± 2.95%
2026-04-30 23:45:21 | INFO     | cross_validation |   Best params: {'C': 10, 'gamma': 'scale'}
2026-04-30 23:45:21 | INFO     | cross_validation |   Best CV: 78.35% ± 2.19%
2026-04-30 23:45:21 | INFO     | cross_validation | ✓ grid_search_cv finished in 1.2s
2026-04-30 23:45:21 | INFO     | main | ────────────────────────────────────────────────────────────
2026-04-30 23:45:21 | INFO     | main |   Random Forest [raw, aug]
2026-04-30 23:45:21 | INFO     | main | ────────────────────────────────────────────────────────────
2026-04-30 23:45:21 | INFO     | cross_validation | → grid_search_cv started
2026-04-30 23:45:21 | INFO     | cross_validation | Grid search: 12 parameter combinations × 5 folds
2026-04-30 23:45:21 | INFO     | cross_validation |   Combo 1/12: {'max_features': 'sqrt', 'min_samples_split': 2, 'n_estimators': 100}
2026-04-30 23:45:21 | DEBUG    | reduction | Scaler fitted on 639 samples, 166 features
2026-04-30 23:45:22 | INFO     | cross_validation |   Fold 1/5: train=1917 (orig=639, aug=1278), val=160, acc=73.75%  [0.5s]
2026-04-30 23:45:22 | DEBUG    | reduction | Scaler fitted on 639 samples, 166 features
2026-04-30 23:45:22 | INFO     | cross_validation |   Fold 2/5: train=1917 (orig=639, aug=1278), val=160, acc=71.25%  [0.4s]
2026-04-30 23:45:22 | DEBUG    | reduction | Scaler fitted on 639 samples, 166 features
2026-04-30 23:45:23 | INFO     | cross_validation |   Fold 3/5: train=1917 (orig=639, aug=1278), val=160, acc=73.75%  [0.4s]
2026-04-30 23:45:23 | DEBUG    | reduction | Scaler fitted on 639 samples, 166 features
2026-04-30 23:45:23 | INFO     | cross_validation |   Fold 4/5: train=1917 (orig=639, aug=1278), val=160, acc=67.50%  [0.5s]
2026-04-30 23:45:23 | DEBUG    | reduction | Scaler fitted on 640 samples, 166 features
2026-04-30 23:45:24 | INFO     | cross_validation |   Fold 5/5: train=1920 (orig=640, aug=1280), val=159, acc=69.18%  [0.4s]
2026-04-30 23:45:24 | INFO     | cross_validation |   CV result: 71.09% ± 2.48%
2026-04-30 23:45:24 | INFO     | cross_validation |   Combo 2/12: {'max_features': 'sqrt', 'min_samples_split': 2, 'n_estimators': 300}
2026-04-30 23:45:24 | DEBUG    | reduction | Scaler fitted on 639 samples, 166 features
2026-04-30 23:45:25 | INFO     | cross_validation |   Fold 1/5: train=1917 (orig=639, aug=1278), val=160, acc=72.50%  [1.2s]
2026-04-30 23:45:25 | DEBUG    | reduction | Scaler fitted on 639 samples, 166 features
2026-04-30 23:45:26 | INFO     | cross_validation |   Fold 2/5: train=1917 (orig=639, aug=1278), val=160, acc=74.38%  [1.2s]
2026-04-30 23:45:26 | DEBUG    | reduction | Scaler fitted on 639 samples, 166 features
2026-04-30 23:45:27 | INFO     | cross_validation |   Fold 3/5: train=1917 (orig=639, aug=1278), val=160, acc=75.00%  [1.2s]
2026-04-30 23:45:27 | DEBUG    | reduction | Scaler fitted on 639 samples, 166 features
2026-04-30 23:45:29 | INFO     | cross_validation |   Fold 4/5: train=1917 (orig=639, aug=1278), val=160, acc=71.25%  [1.2s]
2026-04-30 23:45:29 | DEBUG    | reduction | Scaler fitted on 640 samples, 166 features
2026-04-30 23:45:30 | INFO     | cross_validation |   Fold 5/5: train=1920 (orig=640, aug=1280), val=159, acc=71.07%  [1.2s]
2026-04-30 23:45:30 | INFO     | cross_validation |   CV result: 72.84% ± 1.60%
2026-04-30 23:45:30 | INFO     | cross_validation |   Combo 3/12: {'max_features': 'sqrt', 'min_samples_split': 2, 'n_estimators': 500}
2026-04-30 23:45:30 | DEBUG    | reduction | Scaler fitted on 639 samples, 166 features
2026-04-30 23:45:32 | INFO     | cross_validation |   Fold 1/5: train=1917 (orig=639, aug=1278), val=160, acc=72.50%  [2.0s]
2026-04-30 23:45:32 | DEBUG    | reduction | Scaler fitted on 639 samples, 166 features
2026-04-30 23:45:34 | INFO     | cross_validation |   Fold 2/5: train=1917 (orig=639, aug=1278), val=160, acc=73.75%  [2.0s]
2026-04-30 23:45:34 | DEBUG    | reduction | Scaler fitted on 639 samples, 166 features
2026-04-30 23:45:36 | INFO     | cross_validation |   Fold 3/5: train=1917 (orig=639, aug=1278), val=160, acc=75.00%  [2.0s]
2026-04-30 23:45:36 | DEBUG    | reduction | Scaler fitted on 639 samples, 166 features
2026-04-30 23:45:38 | INFO     | cross_validation |   Fold 4/5: train=1917 (orig=639, aug=1278), val=160, acc=71.25%  [2.0s]
2026-04-30 23:45:38 | DEBUG    | reduction | Scaler fitted on 640 samples, 166 features
2026-04-30 23:45:40 | INFO     | cross_validation |   Fold 5/5: train=1920 (orig=640, aug=1280), val=159, acc=71.70%  [2.0s]
2026-04-30 23:45:40 | INFO     | cross_validation |   CV result: 72.84% ± 1.37%
2026-04-30 23:45:40 | INFO     | cross_validation |   Combo 4/12: {'max_features': 'sqrt', 'min_samples_split': 5, 'n_estimators': 100}
2026-04-30 23:45:40 | DEBUG    | reduction | Scaler fitted on 639 samples, 166 features
2026-04-30 23:45:40 | INFO     | cross_validation |   Fold 1/5: train=1917 (orig=639, aug=1278), val=160, acc=72.50%  [0.4s]
2026-04-30 23:45:40 | DEBUG    | reduction | Scaler fitted on 639 samples, 166 features
2026-04-30 23:45:41 | INFO     | cross_validation |   Fold 2/5: train=1917 (orig=639, aug=1278), val=160, acc=69.38%  [0.5s]
2026-04-30 23:45:41 | DEBUG    | reduction | Scaler fitted on 639 samples, 166 features
2026-04-30 23:45:41 | INFO     | cross_validation |   Fold 3/5: train=1917 (orig=639, aug=1278), val=160, acc=74.38%  [0.4s]
2026-04-30 23:45:41 | DEBUG    | reduction | Scaler fitted on 639 samples, 166 features
2026-04-30 23:45:42 | INFO     | cross_validation |   Fold 4/5: train=1917 (orig=639, aug=1278), val=160, acc=73.12%  [0.4s]
2026-04-30 23:45:42 | DEBUG    | reduction | Scaler fitted on 640 samples, 166 features
2026-04-30 23:45:42 | INFO     | cross_validation |   Fold 5/5: train=1920 (orig=640, aug=1280), val=159, acc=69.18%  [0.4s]
2026-04-30 23:45:42 | INFO     | cross_validation |   CV result: 71.71% ± 2.08%
2026-04-30 23:45:42 | INFO     | cross_validation |   Combo 5/12: {'max_features': 'sqrt', 'min_samples_split': 5, 'n_estimators': 300}
2026-04-30 23:45:42 | DEBUG    | reduction | Scaler fitted on 639 samples, 166 features
2026-04-30 23:45:47 | INFO     | cross_validation |   Fold 1/5: train=1917 (orig=639, aug=1278), val=160, acc=74.38%  [1.2s]
2026-04-30 23:45:47 | DEBUG    | reduction | Scaler fitted on 639 samples, 166 features
2026-04-30 23:45:48 | INFO     | cross_validation |   Fold 2/5: train=1917 (orig=639, aug=1278), val=160, acc=68.75%  [1.2s]
2026-04-30 23:45:48 | DEBUG    | reduction | Scaler fitted on 639 samples, 166 features
2026-04-30 23:45:49 | INFO     | cross_validation |   Fold 3/5: train=1917 (orig=639, aug=1278), val=160, acc=75.62%  [1.2s]
2026-04-30 23:45:49 | DEBUG    | reduction | Scaler fitted on 639 samples, 166 features
2026-04-30 23:45:50 | INFO     | cross_validation |   Fold 4/5: train=1917 (orig=639, aug=1278), val=160, acc=71.88%  [1.2s]
2026-04-30 23:45:50 | DEBUG    | reduction | Scaler fitted on 640 samples, 166 features
2026-04-30 23:45:52 | INFO     | cross_validation |   Fold 5/5: train=1920 (orig=640, aug=1280), val=159, acc=69.18%  [1.2s]
2026-04-30 23:45:52 | INFO     | cross_validation |   CV result: 71.96% ± 2.73%
2026-04-30 23:45:52 | INFO     | cross_validation |   Combo 6/12: {'max_features': 'sqrt', 'min_samples_split': 5, 'n_estimators': 500}
2026-04-30 23:45:52 | DEBUG    | reduction | Scaler fitted on 639 samples, 166 features
2026-04-30 23:45:54 | INFO     | cross_validation |   Fold 1/5: train=1917 (orig=639, aug=1278), val=160, acc=73.75%  [2.0s]
2026-04-30 23:45:54 | DEBUG    | reduction | Scaler fitted on 639 samples, 166 features
2026-04-30 23:45:56 | INFO     | cross_validation |   Fold 2/5: train=1917 (orig=639, aug=1278), val=160, acc=70.62%  [2.0s]
2026-04-30 23:45:56 | DEBUG    | reduction | Scaler fitted on 639 samples, 166 features
2026-04-30 23:45:58 | INFO     | cross_validation |   Fold 3/5: train=1917 (orig=639, aug=1278), val=160, acc=75.00%  [2.0s]
2026-04-30 23:45:58 | DEBUG    | reduction | Scaler fitted on 639 samples, 166 features
2026-04-30 23:46:00 | INFO     | cross_validation |   Fold 4/5: train=1917 (orig=639, aug=1278), val=160, acc=71.88%  [2.0s]
2026-04-30 23:46:00 | DEBUG    | reduction | Scaler fitted on 640 samples, 166 features
2026-04-30 23:46:02 | INFO     | cross_validation |   Fold 5/5: train=1920 (orig=640, aug=1280), val=159, acc=69.81%  [2.0s]
2026-04-30 23:46:02 | INFO     | cross_validation |   CV result: 72.21% ± 1.93%
2026-04-30 23:46:02 | INFO     | cross_validation |   Combo 7/12: {'max_features': 'log2', 'min_samples_split': 2, 'n_estimators': 100}
2026-04-30 23:46:02 | DEBUG    | reduction | Scaler fitted on 639 samples, 166 features
2026-04-30 23:46:02 | INFO     | cross_validation |   Fold 1/5: train=1917 (orig=639, aug=1278), val=160, acc=73.75%  [0.4s]
2026-04-30 23:46:02 | DEBUG    | reduction | Scaler fitted on 639 samples, 166 features
2026-04-30 23:46:03 | INFO     | cross_validation |   Fold 2/5: train=1917 (orig=639, aug=1278), val=160, acc=71.88%  [0.4s]
2026-04-30 23:46:03 | DEBUG    | reduction | Scaler fitted on 639 samples, 166 features
2026-04-30 23:46:03 | INFO     | cross_validation |   Fold 3/5: train=1917 (orig=639, aug=1278), val=160, acc=74.38%  [0.4s]
2026-04-30 23:46:03 | DEBUG    | reduction | Scaler fitted on 639 samples, 166 features
2026-04-30 23:46:03 | INFO     | cross_validation |   Fold 4/5: train=1917 (orig=639, aug=1278), val=160, acc=71.25%  [0.4s]
2026-04-30 23:46:03 | DEBUG    | reduction | Scaler fitted on 640 samples, 166 features
2026-04-30 23:46:04 | INFO     | cross_validation |   Fold 5/5: train=1920 (orig=640, aug=1280), val=159, acc=70.44%  [0.4s]
2026-04-30 23:46:04 | INFO     | cross_validation |   CV result: 72.34% ± 1.49%
2026-04-30 23:46:04 | INFO     | cross_validation |   Combo 8/12: {'max_features': 'log2', 'min_samples_split': 2, 'n_estimators': 300}
2026-04-30 23:46:04 | DEBUG    | reduction | Scaler fitted on 639 samples, 166 features
2026-04-30 23:46:05 | INFO     | cross_validation |   Fold 1/5: train=1917 (orig=639, aug=1278), val=160, acc=71.88%  [1.2s]
2026-04-30 23:46:05 | DEBUG    | reduction | Scaler fitted on 639 samples, 166 features
2026-04-30 23:46:06 | INFO     | cross_validation |   Fold 2/5: train=1917 (orig=639, aug=1278), val=160, acc=72.50%  [1.2s]
2026-04-30 23:46:06 | DEBUG    | reduction | Scaler fitted on 639 samples, 166 features
2026-04-30 23:46:07 | INFO     | cross_validation |   Fold 3/5: train=1917 (orig=639, aug=1278), val=160, acc=76.88%  [1.2s]
2026-04-30 23:46:07 | DEBUG    | reduction | Scaler fitted on 639 samples, 166 features
2026-04-30 23:46:09 | INFO     | cross_validation |   Fold 4/5: train=1917 (orig=639, aug=1278), val=160, acc=70.62%  [1.3s]
2026-04-30 23:46:09 | DEBUG    | reduction | Scaler fitted on 640 samples, 166 features
2026-04-30 23:46:10 | INFO     | cross_validation |   Fold 5/5: train=1920 (orig=640, aug=1280), val=159, acc=69.18%  [1.2s]
2026-04-30 23:46:10 | INFO     | cross_validation |   CV result: 72.21% ± 2.59%
2026-04-30 23:46:10 | INFO     | cross_validation |   Combo 9/12: {'max_features': 'log2', 'min_samples_split': 2, 'n_estimators': 500}
2026-04-30 23:46:10 | DEBUG    | reduction | Scaler fitted on 639 samples, 166 features
2026-04-30 23:46:12 | INFO     | cross_validation |   Fold 1/5: train=1917 (orig=639, aug=1278), val=160, acc=73.75%  [2.1s]
2026-04-30 23:46:12 | DEBUG    | reduction | Scaler fitted on 639 samples, 166 features
2026-04-30 23:46:14 | INFO     | cross_validation |   Fold 2/5: train=1917 (orig=639, aug=1278), val=160, acc=71.25%  [2.0s]
2026-04-30 23:46:14 | DEBUG    | reduction | Scaler fitted on 639 samples, 166 features
2026-04-30 23:46:16 | INFO     | cross_validation |   Fold 3/5: train=1917 (orig=639, aug=1278), val=160, acc=74.38%  [2.0s]
2026-04-30 23:46:16 | DEBUG    | reduction | Scaler fitted on 639 samples, 166 features
2026-04-30 23:46:18 | INFO     | cross_validation |   Fold 4/5: train=1917 (orig=639, aug=1278), val=160, acc=71.25%  [2.0s]
2026-04-30 23:46:18 | DEBUG    | reduction | Scaler fitted on 640 samples, 166 features
2026-04-30 23:46:24 | INFO     | cross_validation |   Fold 5/5: train=1920 (orig=640, aug=1280), val=159, acc=68.55%  [2.0s]
2026-04-30 23:46:24 | INFO     | cross_validation |   CV result: 71.84% ± 2.08%
2026-04-30 23:46:24 | INFO     | cross_validation |   Combo 10/12: {'max_features': 'log2', 'min_samples_split': 5, 'n_estimators': 100}
2026-04-30 23:46:24 | DEBUG    | reduction | Scaler fitted on 639 samples, 166 features
2026-04-30 23:46:24 | INFO     | cross_validation |   Fold 1/5: train=1917 (orig=639, aug=1278), val=160, acc=73.12%  [0.4s]
2026-04-30 23:46:24 | DEBUG    | reduction | Scaler fitted on 639 samples, 166 features
2026-04-30 23:46:25 | INFO     | cross_validation |   Fold 2/5: train=1917 (orig=639, aug=1278), val=160, acc=71.88%  [0.4s]
2026-04-30 23:46:25 | DEBUG    | reduction | Scaler fitted on 639 samples, 166 features
2026-04-30 23:46:25 | INFO     | cross_validation |   Fold 3/5: train=1917 (orig=639, aug=1278), val=160, acc=71.25%  [0.4s]
2026-04-30 23:46:25 | DEBUG    | reduction | Scaler fitted on 639 samples, 166 features
2026-04-30 23:46:25 | INFO     | cross_validation |   Fold 4/5: train=1917 (orig=639, aug=1278), val=160, acc=68.75%  [0.4s]
2026-04-30 23:46:25 | DEBUG    | reduction | Scaler fitted on 640 samples, 166 features
2026-04-30 23:46:26 | INFO     | cross_validation |   Fold 5/5: train=1920 (orig=640, aug=1280), val=159, acc=69.18%  [0.4s]
2026-04-30 23:46:26 | INFO     | cross_validation |   CV result: 70.84% ± 1.65%
2026-04-30 23:46:26 | INFO     | cross_validation |   Combo 11/12: {'max_features': 'log2', 'min_samples_split': 5, 'n_estimators': 300}
2026-04-30 23:46:26 | DEBUG    | reduction | Scaler fitted on 639 samples, 166 features
2026-04-30 23:46:27 | INFO     | cross_validation |   Fold 1/5: train=1917 (orig=639, aug=1278), val=160, acc=73.12%  [1.2s]
2026-04-30 23:46:27 | DEBUG    | reduction | Scaler fitted on 639 samples, 166 features
2026-04-30 23:46:28 | INFO     | cross_validation |   Fold 2/5: train=1917 (orig=639, aug=1278), val=160, acc=73.12%  [1.2s]
2026-04-30 23:46:28 | DEBUG    | reduction | Scaler fitted on 639 samples, 166 features
2026-04-30 23:46:30 | INFO     | cross_validation |   Fold 3/5: train=1917 (orig=639, aug=1278), val=160, acc=76.25%  [1.2s]
2026-04-30 23:46:30 | DEBUG    | reduction | Scaler fitted on 639 samples, 166 features
2026-04-30 23:46:31 | INFO     | cross_validation |   Fold 4/5: train=1917 (orig=639, aug=1278), val=160, acc=71.88%  [1.2s]
2026-04-30 23:46:31 | DEBUG    | reduction | Scaler fitted on 640 samples, 166 features
2026-04-30 23:46:32 | INFO     | cross_validation |   Fold 5/5: train=1920 (orig=640, aug=1280), val=159, acc=68.55%  [1.2s]
2026-04-30 23:46:32 | INFO     | cross_validation |   CV result: 72.59% ± 2.48%
2026-04-30 23:46:32 | INFO     | cross_validation |   Combo 12/12: {'max_features': 'log2', 'min_samples_split': 5, 'n_estimators': 500}
2026-04-30 23:46:32 | DEBUG    | reduction | Scaler fitted on 639 samples, 166 features
2026-04-30 23:46:34 | INFO     | cross_validation |   Fold 1/5: train=1917 (orig=639, aug=1278), val=160, acc=72.50%  [2.2s]
2026-04-30 23:46:34 | DEBUG    | reduction | Scaler fitted on 639 samples, 166 features
2026-04-30 23:46:36 | INFO     | cross_validation |   Fold 2/5: train=1917 (orig=639, aug=1278), val=160, acc=73.12%  [2.2s]
2026-04-30 23:46:36 | DEBUG    | reduction | Scaler fitted on 639 samples, 166 features
2026-04-30 23:46:39 | INFO     | cross_validation |   Fold 3/5: train=1917 (orig=639, aug=1278), val=160, acc=74.38%  [2.2s]
2026-04-30 23:46:39 | DEBUG    | reduction | Scaler fitted on 639 samples, 166 features
2026-04-30 23:46:41 | INFO     | cross_validation |   Fold 4/5: train=1917 (orig=639, aug=1278), val=160, acc=70.62%  [2.1s]
2026-04-30 23:46:41 | DEBUG    | reduction | Scaler fitted on 640 samples, 166 features
2026-04-30 23:46:43 | INFO     | cross_validation |   Fold 5/5: train=1920 (orig=640, aug=1280), val=159, acc=67.92%  [2.0s]
2026-04-30 23:46:43 | INFO     | cross_validation |   CV result: 71.71% ± 2.25%
2026-04-30 23:46:43 | INFO     | cross_validation |   Best params: {'max_features': 'sqrt', 'min_samples_split': 2, 'n_estimators': 500}
2026-04-30 23:46:43 | INFO     | cross_validation |   Best CV: 72.84% ± 1.37%
2026-04-30 23:46:43 | INFO     | cross_validation | ✓ grid_search_cv finished in 74.1s
2026-04-30 23:46:43 | INFO     | main | ────────────────────────────────────────────────────────────
2026-04-30 23:46:43 | INFO     | main |   Random Forest [raw, no-aug]
2026-04-30 23:46:43 | INFO     | main | ────────────────────────────────────────────────────────────
2026-04-30 23:46:43 | INFO     | cross_validation | → grid_search_cv started
2026-04-30 23:46:43 | INFO     | cross_validation | Grid search: 12 parameter combinations × 5 folds
2026-04-30 23:46:43 | INFO     | cross_validation |   Combo 1/12: {'max_features': 'sqrt', 'min_samples_split': 2, 'n_estimators': 100}
2026-04-30 23:46:43 | DEBUG    | reduction | Scaler fitted on 639 samples, 166 features
2026-04-30 23:46:43 | INFO     | cross_validation |   Fold 1/5: train=639 (orig=639, aug=0), val=160, acc=71.88%  [0.4s]
2026-04-30 23:46:43 | DEBUG    | reduction | Scaler fitted on 639 samples, 166 features
2026-04-30 23:46:43 | INFO     | cross_validation |   Fold 2/5: train=639 (orig=639, aug=0), val=160, acc=73.12%  [0.4s]
2026-04-30 23:46:43 | DEBUG    | reduction | Scaler fitted on 639 samples, 166 features
2026-04-30 23:46:44 | INFO     | cross_validation |   Fold 3/5: train=639 (orig=639, aug=0), val=160, acc=70.62%  [0.4s]
2026-04-30 23:46:44 | DEBUG    | reduction | Scaler fitted on 639 samples, 166 features
2026-04-30 23:46:44 | INFO     | cross_validation |   Fold 4/5: train=639 (orig=639, aug=0), val=160, acc=70.62%  [0.4s]
2026-04-30 23:46:44 | DEBUG    | reduction | Scaler fitted on 640 samples, 166 features
2026-04-30 23:46:45 | INFO     | cross_validation |   Fold 5/5: train=640 (orig=640, aug=0), val=159, acc=69.81%  [0.4s]
2026-04-30 23:46:45 | INFO     | cross_validation |   CV result: 71.21% ± 1.16%
2026-04-30 23:46:45 | INFO     | cross_validation |   Combo 2/12: {'max_features': 'sqrt', 'min_samples_split': 2, 'n_estimators': 300}
2026-04-30 23:46:45 | DEBUG    | reduction | Scaler fitted on 639 samples, 166 features
2026-04-30 23:46:46 | INFO     | cross_validation |   Fold 1/5: train=639 (orig=639, aug=0), val=160, acc=73.12%  [1.1s]
2026-04-30 23:46:46 | DEBUG    | reduction | Scaler fitted on 639 samples, 166 features
2026-04-30 23:46:47 | INFO     | cross_validation |   Fold 2/5: train=639 (orig=639, aug=0), val=160, acc=72.50%  [1.1s]
2026-04-30 23:46:47 | DEBUG    | reduction | Scaler fitted on 639 samples, 166 features
2026-04-30 23:46:48 | INFO     | cross_validation |   Fold 3/5: train=639 (orig=639, aug=0), val=160, acc=72.50%  [1.1s]
2026-04-30 23:46:48 | DEBUG    | reduction | Scaler fitted on 639 samples, 166 features
2026-04-30 23:46:49 | INFO     | cross_validation |   Fold 4/5: train=639 (orig=639, aug=0), val=160, acc=71.88%  [1.1s]
2026-04-30 23:46:49 | DEBUG    | reduction | Scaler fitted on 640 samples, 166 features
2026-04-30 23:46:50 | INFO     | cross_validation |   Fold 5/5: train=640 (orig=640, aug=0), val=159, acc=72.33%  [1.1s]
2026-04-30 23:46:50 | INFO     | cross_validation |   CV result: 72.47% ± 0.40%
2026-04-30 23:46:50 | INFO     | cross_validation |   Combo 3/12: {'max_features': 'sqrt', 'min_samples_split': 2, 'n_estimators': 500}
2026-04-30 23:46:50 | DEBUG    | reduction | Scaler fitted on 639 samples, 166 features
2026-04-30 23:46:52 | INFO     | cross_validation |   Fold 1/5: train=639 (orig=639, aug=0), val=160, acc=71.88%  [1.9s]
2026-04-30 23:46:52 | DEBUG    | reduction | Scaler fitted on 639 samples, 166 features
2026-04-30 23:46:54 | INFO     | cross_validation |   Fold 2/5: train=639 (orig=639, aug=0), val=160, acc=74.38%  [1.9s]
2026-04-30 23:46:54 | DEBUG    | reduction | Scaler fitted on 639 samples, 166 features
2026-04-30 23:46:59 | INFO     | cross_validation |   Fold 3/5: train=639 (orig=639, aug=0), val=160, acc=74.38%  [1.8s]
2026-04-30 23:46:59 | DEBUG    | reduction | Scaler fitted on 639 samples, 166 features
2026-04-30 23:47:01 | INFO     | cross_validation |   Fold 4/5: train=639 (orig=639, aug=0), val=160, acc=70.62%  [1.9s]
2026-04-30 23:47:01 | DEBUG    | reduction | Scaler fitted on 640 samples, 166 features
2026-04-30 23:47:03 | INFO     | cross_validation |   Fold 5/5: train=640 (orig=640, aug=0), val=159, acc=71.07%  [1.9s]
2026-04-30 23:47:03 | INFO     | cross_validation |   CV result: 72.46% ± 1.61%
2026-04-30 23:47:03 | INFO     | cross_validation |   Combo 4/12: {'max_features': 'sqrt', 'min_samples_split': 5, 'n_estimators': 100}
2026-04-30 23:47:03 | DEBUG    | reduction | Scaler fitted on 639 samples, 166 features
2026-04-30 23:47:03 | INFO     | cross_validation |   Fold 1/5: train=639 (orig=639, aug=0), val=160, acc=73.12%  [0.4s]
2026-04-30 23:47:03 | DEBUG    | reduction | Scaler fitted on 639 samples, 166 features
2026-04-30 23:47:04 | INFO     | cross_validation |   Fold 2/5: train=639 (orig=639, aug=0), val=160, acc=71.25%  [0.4s]
2026-04-30 23:47:04 | DEBUG    | reduction | Scaler fitted on 639 samples, 166 features
2026-04-30 23:47:04 | INFO     | cross_validation |   Fold 3/5: train=639 (orig=639, aug=0), val=160, acc=71.88%  [0.4s]
2026-04-30 23:47:04 | DEBUG    | reduction | Scaler fitted on 639 samples, 166 features
2026-04-30 23:47:05 | INFO     | cross_validation |   Fold 4/5: train=639 (orig=639, aug=0), val=160, acc=70.62%  [0.4s]
2026-04-30 23:47:05 | DEBUG    | reduction | Scaler fitted on 640 samples, 166 features
2026-04-30 23:47:05 | INFO     | cross_validation |   Fold 5/5: train=640 (orig=640, aug=0), val=159, acc=69.81%  [0.5s]
2026-04-30 23:47:05 | INFO     | cross_validation |   CV result: 71.34% ± 1.13%
2026-04-30 23:47:05 | INFO     | cross_validation |   Combo 5/12: {'max_features': 'sqrt', 'min_samples_split': 5, 'n_estimators': 300}
2026-04-30 23:47:05 | DEBUG    | reduction | Scaler fitted on 639 samples, 166 features
2026-04-30 23:47:06 | INFO     | cross_validation |   Fold 1/5: train=639 (orig=639, aug=0), val=160, acc=70.62%  [1.2s]
2026-04-30 23:47:06 | DEBUG    | reduction | Scaler fitted on 639 samples, 166 features
2026-04-30 23:47:08 | INFO     | cross_validation |   Fold 2/5: train=639 (orig=639, aug=0), val=160, acc=71.88%  [1.2s]
2026-04-30 23:47:08 | DEBUG    | reduction | Scaler fitted on 639 samples, 166 features
2026-04-30 23:47:09 | INFO     | cross_validation |   Fold 3/5: train=639 (orig=639, aug=0), val=160, acc=74.38%  [1.3s]
2026-04-30 23:47:09 | DEBUG    | reduction | Scaler fitted on 639 samples, 166 features
2026-04-30 23:47:10 | INFO     | cross_validation |   Fold 4/5: train=639 (orig=639, aug=0), val=160, acc=70.00%  [1.3s]
2026-04-30 23:47:10 | DEBUG    | reduction | Scaler fitted on 640 samples, 166 features
2026-04-30 23:47:11 | INFO     | cross_validation |   Fold 5/5: train=640 (orig=640, aug=0), val=159, acc=71.70%  [1.2s]
2026-04-30 23:47:11 | INFO     | cross_validation |   CV result: 71.71% ± 1.50%
2026-04-30 23:47:11 | INFO     | cross_validation |   Combo 6/12: {'max_features': 'sqrt', 'min_samples_split': 5, 'n_estimators': 500}
2026-04-30 23:47:11 | DEBUG    | reduction | Scaler fitted on 639 samples, 166 features
2026-04-30 23:47:13 | INFO     | cross_validation |   Fold 1/5: train=639 (orig=639, aug=0), val=160, acc=73.12%  [1.9s]
2026-04-30 23:47:13 | DEBUG    | reduction | Scaler fitted on 639 samples, 166 features
2026-04-30 23:47:15 | INFO     | cross_validation |   Fold 2/5: train=639 (orig=639, aug=0), val=160, acc=72.50%  [1.9s]
2026-04-30 23:47:15 | DEBUG    | reduction | Scaler fitted on 639 samples, 166 features
2026-04-30 23:47:17 | INFO     | cross_validation |   Fold 3/5: train=639 (orig=639, aug=0), val=160, acc=73.75%  [1.9s]
2026-04-30 23:47:17 | DEBUG    | reduction | Scaler fitted on 639 samples, 166 features
2026-04-30 23:47:19 | INFO     | cross_validation |   Fold 4/5: train=639 (orig=639, aug=0), val=160, acc=71.88%  [1.8s]
2026-04-30 23:47:19 | DEBUG    | reduction | Scaler fitted on 640 samples, 166 features
2026-04-30 23:47:21 | INFO     | cross_validation |   Fold 5/5: train=640 (orig=640, aug=0), val=159, acc=72.96%  [1.9s]
2026-04-30 23:47:21 | INFO     | cross_validation |   CV result: 72.84% ± 0.63%
2026-04-30 23:47:21 | INFO     | cross_validation |   Combo 7/12: {'max_features': 'log2', 'min_samples_split': 2, 'n_estimators': 100}
2026-04-30 23:47:21 | DEBUG    | reduction | Scaler fitted on 639 samples, 166 features
2026-04-30 23:47:21 | INFO     | cross_validation |   Fold 1/5: train=639 (orig=639, aug=0), val=160, acc=74.38%  [0.4s]
2026-04-30 23:47:21 | DEBUG    | reduction | Scaler fitted on 639 samples, 166 features
2026-04-30 23:47:21 | INFO     | cross_validation |   Fold 2/5: train=639 (orig=639, aug=0), val=160, acc=71.88%  [0.4s]
2026-04-30 23:47:21 | DEBUG    | reduction | Scaler fitted on 639 samples, 166 features
2026-04-30 23:47:22 | INFO     | cross_validation |   Fold 3/5: train=639 (orig=639, aug=0), val=160, acc=71.25%  [0.4s]
2026-04-30 23:47:22 | DEBUG    | reduction | Scaler fitted on 639 samples, 166 features
2026-04-30 23:47:22 | INFO     | cross_validation |   Fold 4/5: train=639 (orig=639, aug=0), val=160, acc=67.50%  [0.4s]
2026-04-30 23:47:22 | DEBUG    | reduction | Scaler fitted on 640 samples, 166 features
2026-04-30 23:47:23 | INFO     | cross_validation |   Fold 5/5: train=640 (orig=640, aug=0), val=159, acc=71.07%  [0.4s]
2026-04-30 23:47:23 | INFO     | cross_validation |   CV result: 71.21% ± 2.20%
2026-04-30 23:47:23 | INFO     | cross_validation |   Combo 8/12: {'max_features': 'log2', 'min_samples_split': 2, 'n_estimators': 300}
2026-04-30 23:47:23 | DEBUG    | reduction | Scaler fitted on 639 samples, 166 features
2026-04-30 23:47:24 | INFO     | cross_validation |   Fold 1/5: train=639 (orig=639, aug=0), val=160, acc=73.12%  [1.1s]
2026-04-30 23:47:24 | DEBUG    | reduction | Scaler fitted on 639 samples, 166 features
2026-04-30 23:47:25 | INFO     | cross_validation |   Fold 2/5: train=639 (orig=639, aug=0), val=160, acc=73.12%  [1.1s]
2026-04-30 23:47:25 | DEBUG    | reduction | Scaler fitted on 639 samples, 166 features
2026-04-30 23:47:26 | INFO     | cross_validation |   Fold 3/5: train=639 (orig=639, aug=0), val=160, acc=71.25%  [1.1s]
2026-04-30 23:47:26 | DEBUG    | reduction | Scaler fitted on 639 samples, 166 features
2026-04-30 23:47:27 | INFO     | cross_validation |   Fold 4/5: train=639 (orig=639, aug=0), val=160, acc=71.25%  [1.1s]
2026-04-30 23:47:27 | DEBUG    | reduction | Scaler fitted on 640 samples, 166 features
2026-04-30 23:47:28 | INFO     | cross_validation |   Fold 5/5: train=640 (orig=640, aug=0), val=159, acc=74.21%  [1.1s]
2026-04-30 23:47:28 | INFO     | cross_validation |   CV result: 72.59% ± 1.17%
2026-04-30 23:47:28 | INFO     | cross_validation |   Combo 9/12: {'max_features': 'log2', 'min_samples_split': 2, 'n_estimators': 500}
2026-04-30 23:47:28 | DEBUG    | reduction | Scaler fitted on 639 samples, 166 features
2026-04-30 23:47:30 | INFO     | cross_validation |   Fold 1/5: train=639 (orig=639, aug=0), val=160, acc=74.38%  [1.9s]
2026-04-30 23:47:30 | DEBUG    | reduction | Scaler fitted on 639 samples, 166 features
2026-04-30 23:47:36 | INFO     | cross_validation |   Fold 2/5: train=639 (orig=639, aug=0), val=160, acc=73.75%  [2.0s]
2026-04-30 23:47:36 | DEBUG    | reduction | Scaler fitted on 639 samples, 166 features
2026-04-30 23:47:38 | INFO     | cross_validation |   Fold 3/5: train=639 (orig=639, aug=0), val=160, acc=72.50%  [2.0s]
2026-04-30 23:47:38 | DEBUG    | reduction | Scaler fitted on 639 samples, 166 features
2026-04-30 23:47:40 | INFO     | cross_validation |   Fold 4/5: train=639 (orig=639, aug=0), val=160, acc=71.88%  [2.1s]
2026-04-30 23:47:40 | DEBUG    | reduction | Scaler fitted on 640 samples, 166 features
2026-04-30 23:47:42 | INFO     | cross_validation |   Fold 5/5: train=640 (orig=640, aug=0), val=159, acc=74.21%  [2.0s]
2026-04-30 23:47:42 | INFO     | cross_validation |   CV result: 73.34% ± 0.99%
2026-04-30 23:47:42 | INFO     | cross_validation |   Combo 10/12: {'max_features': 'log2', 'min_samples_split': 5, 'n_estimators': 100}
2026-04-30 23:47:42 | DEBUG    | reduction | Scaler fitted on 639 samples, 166 features
2026-04-30 23:47:42 | INFO     | cross_validation |   Fold 1/5: train=639 (orig=639, aug=0), val=160, acc=73.75%  [0.4s]
2026-04-30 23:47:42 | DEBUG    | reduction | Scaler fitted on 639 samples, 166 features
2026-04-30 23:47:43 | INFO     | cross_validation |   Fold 2/5: train=639 (orig=639, aug=0), val=160, acc=69.38%  [0.4s]
2026-04-30 23:47:43 | DEBUG    | reduction | Scaler fitted on 639 samples, 166 features
2026-04-30 23:47:43 | INFO     | cross_validation |   Fold 3/5: train=639 (orig=639, aug=0), val=160, acc=70.62%  [0.4s]
2026-04-30 23:47:43 | DEBUG    | reduction | Scaler fitted on 639 samples, 166 features
2026-04-30 23:47:43 | INFO     | cross_validation |   Fold 4/5: train=639 (orig=639, aug=0), val=160, acc=70.62%  [0.4s]
2026-04-30 23:47:43 | DEBUG    | reduction | Scaler fitted on 640 samples, 166 features
2026-04-30 23:47:44 | INFO     | cross_validation |   Fold 5/5: train=640 (orig=640, aug=0), val=159, acc=68.55%  [0.4s]
2026-04-30 23:47:44 | INFO     | cross_validation |   CV result: 70.59% ± 1.77%
2026-04-30 23:47:44 | INFO     | cross_validation |   Combo 11/12: {'max_features': 'log2', 'min_samples_split': 5, 'n_estimators': 300}
2026-04-30 23:47:44 | DEBUG    | reduction | Scaler fitted on 639 samples, 166 features
2026-04-30 23:47:45 | INFO     | cross_validation |   Fold 1/5: train=639 (orig=639, aug=0), val=160, acc=71.25%  [1.1s]
2026-04-30 23:47:45 | DEBUG    | reduction | Scaler fitted on 639 samples, 166 features
2026-04-30 23:47:46 | INFO     | cross_validation |   Fold 2/5: train=639 (orig=639, aug=0), val=160, acc=71.88%  [1.1s]
2026-04-30 23:47:46 | DEBUG    | reduction | Scaler fitted on 639 samples, 166 features
2026-04-30 23:47:47 | INFO     | cross_validation |   Fold 3/5: train=639 (orig=639, aug=0), val=160, acc=70.62%  [1.1s]
2026-04-30 23:47:47 | DEBUG    | reduction | Scaler fitted on 639 samples, 166 features
2026-04-30 23:47:48 | INFO     | cross_validation |   Fold 4/5: train=639 (orig=639, aug=0), val=160, acc=71.25%  [1.1s]
2026-04-30 23:47:48 | DEBUG    | reduction | Scaler fitted on 640 samples, 166 features
2026-04-30 23:47:50 | INFO     | cross_validation |   Fold 5/5: train=640 (orig=640, aug=0), val=159, acc=72.33%  [1.1s]
2026-04-30 23:47:50 | INFO     | cross_validation |   CV result: 71.47% ± 0.58%
2026-04-30 23:47:50 | INFO     | cross_validation |   Combo 12/12: {'max_features': 'log2', 'min_samples_split': 5, 'n_estimators': 500}
2026-04-30 23:47:50 | DEBUG    | reduction | Scaler fitted on 639 samples, 166 features
2026-04-30 23:47:51 | INFO     | cross_validation |   Fold 1/5: train=639 (orig=639, aug=0), val=160, acc=73.12%  [1.9s]
2026-04-30 23:47:51 | DEBUG    | reduction | Scaler fitted on 639 samples, 166 features
2026-04-30 23:47:53 | INFO     | cross_validation |   Fold 2/5: train=639 (orig=639, aug=0), val=160, acc=73.12%  [1.9s]
2026-04-30 23:47:53 | DEBUG    | reduction | Scaler fitted on 639 samples, 166 features
2026-04-30 23:47:55 | INFO     | cross_validation |   Fold 3/5: train=639 (orig=639, aug=0), val=160, acc=72.50%  [1.9s]
2026-04-30 23:47:55 | DEBUG    | reduction | Scaler fitted on 639 samples, 166 features
2026-04-30 23:47:57 | INFO     | cross_validation |   Fold 4/5: train=639 (orig=639, aug=0), val=160, acc=71.25%  [1.9s]
2026-04-30 23:47:57 | DEBUG    | reduction | Scaler fitted on 640 samples, 166 features
2026-04-30 23:47:59 | INFO     | cross_validation |   Fold 5/5: train=640 (orig=640, aug=0), val=159, acc=69.81%  [1.9s]
2026-04-30 23:47:59 | INFO     | cross_validation |   CV result: 71.96% ± 1.27%
2026-04-30 23:47:59 | INFO     | cross_validation |   Best params: {'max_features': 'log2', 'min_samples_split': 2, 'n_estimators': 500}
2026-04-30 23:47:59 | INFO     | cross_validation |   Best CV: 73.34% ± 0.99%
2026-04-30 23:47:59 | INFO     | cross_validation | ✓ grid_search_cv finished in 69.4s
2026-04-30 23:47:59 | INFO     | main | ────────────────────────────────────────────────────────────
2026-04-30 23:47:59 | INFO     | main |   Random Forest [pca, aug]
2026-04-30 23:47:59 | INFO     | main | ────────────────────────────────────────────────────────────
2026-04-30 23:47:59 | INFO     | cross_validation | → grid_search_cv started
2026-04-30 23:47:59 | INFO     | cross_validation | Grid search: 12 parameter combinations × 5 folds
2026-04-30 23:47:59 | INFO     | cross_validation |   Combo 1/12: {'max_features': 'sqrt', 'min_samples_split': 2, 'n_estimators': 100}
2026-04-30 23:47:59 | DEBUG    | reduction | Scaler fitted on 639 samples, 166 features
2026-04-30 23:47:59 | DEBUG    | reduction | PCA: 166 → 82 components (95% var)
2026-04-30 23:48:00 | INFO     | cross_validation |   Fold 1/5: train=1917 (orig=639, aug=1278), val=160, acc=61.88%  [0.9s]
2026-04-30 23:48:00 | DEBUG    | reduction | Scaler fitted on 639 samples, 166 features
2026-04-30 23:48:00 | DEBUG    | reduction | PCA: 166 → 83 components (95% var)
2026-04-30 23:48:00 | INFO     | cross_validation |   Fold 2/5: train=1917 (orig=639, aug=1278), val=160, acc=62.50%  [0.6s]
2026-04-30 23:48:00 | DEBUG    | reduction | Scaler fitted on 639 samples, 166 features
2026-04-30 23:48:01 | DEBUG    | reduction | PCA: 166 → 83 components (95% var)
2026-04-30 23:48:02 | INFO     | cross_validation |   Fold 3/5: train=1917 (orig=639, aug=1278), val=160, acc=62.50%  [1.2s]
2026-04-30 23:48:02 | DEBUG    | reduction | Scaler fitted on 639 samples, 166 features
2026-04-30 23:48:02 | DEBUG    | reduction | PCA: 166 → 83 components (95% var)
2026-04-30 23:48:02 | INFO     | cross_validation |   Fold 4/5: train=1917 (orig=639, aug=1278), val=160, acc=60.62%  [0.6s]
2026-04-30 23:48:02 | DEBUG    | reduction | Scaler fitted on 640 samples, 166 features
2026-04-30 23:48:03 | DEBUG    | reduction | PCA: 166 → 82 components (95% var)
2026-04-30 23:48:03 | INFO     | cross_validation |   Fold 5/5: train=1920 (orig=640, aug=1280), val=159, acc=61.01%  [1.1s]
2026-04-30 23:48:03 | INFO     | cross_validation |   CV result: 61.70% ± 0.77%
2026-04-30 23:48:03 | INFO     | cross_validation |   Combo 2/12: {'max_features': 'sqrt', 'min_samples_split': 2, 'n_estimators': 300}
2026-04-30 23:48:03 | DEBUG    | reduction | Scaler fitted on 639 samples, 166 features
2026-04-30 23:48:03 | DEBUG    | reduction | PCA: 166 → 82 components (95% var)
2026-04-30 23:48:05 | INFO     | cross_validation |   Fold 1/5: train=1917 (orig=639, aug=1278), val=160, acc=65.62%  [1.6s]
2026-04-30 23:48:05 | DEBUG    | reduction | Scaler fitted on 639 samples, 166 features
2026-04-30 23:48:05 | DEBUG    | reduction | PCA: 166 → 83 components (95% var)
2026-04-30 23:48:09 | INFO     | cross_validation |   Fold 2/5: train=1917 (orig=639, aug=1278), val=160, acc=66.25%  [1.6s]
2026-04-30 23:48:09 | DEBUG    | reduction | Scaler fitted on 639 samples, 166 features
2026-04-30 23:48:10 | DEBUG    | reduction | PCA: 166 → 83 components (95% var)
2026-04-30 23:48:11 | INFO     | cross_validation |   Fold 3/5: train=1917 (orig=639, aug=1278), val=160, acc=63.75%  [1.4s]
2026-04-30 23:48:11 | DEBUG    | reduction | Scaler fitted on 639 samples, 166 features
2026-04-30 23:48:12 | DEBUG    | reduction | PCA: 166 → 83 components (95% var)
2026-04-30 23:48:13 | INFO     | cross_validation |   Fold 4/5: train=1917 (orig=639, aug=1278), val=160, acc=61.88%  [1.9s]
2026-04-30 23:48:13 | DEBUG    | reduction | Scaler fitted on 640 samples, 166 features
2026-04-30 23:48:13 | DEBUG    | reduction | PCA: 166 → 82 components (95% var)
2026-04-30 23:48:14 | INFO     | cross_validation |   Fold 5/5: train=1920 (orig=640, aug=1280), val=159, acc=62.89%  [1.5s]
2026-04-30 23:48:14 | INFO     | cross_validation |   CV result: 64.08% ± 1.64%
2026-04-30 23:48:14 | INFO     | cross_validation |   Combo 3/12: {'max_features': 'sqrt', 'min_samples_split': 2, 'n_estimators': 500}
2026-04-30 23:48:14 | DEBUG    | reduction | Scaler fitted on 639 samples, 166 features
2026-04-30 23:48:15 | DEBUG    | reduction | PCA: 166 → 82 components (95% var)
2026-04-30 23:48:17 | INFO     | cross_validation |   Fold 1/5: train=1917 (orig=639, aug=1278), val=160, acc=64.38%  [2.4s]
2026-04-30 23:48:17 | DEBUG    | reduction | Scaler fitted on 639 samples, 166 features
2026-04-30 23:48:17 | DEBUG    | reduction | PCA: 166 → 83 components (95% var)
2026-04-30 23:48:19 | INFO     | cross_validation |   Fold 2/5: train=1917 (orig=639, aug=1278), val=160, acc=66.25%  [2.2s]
2026-04-30 23:48:19 | DEBUG    | reduction | Scaler fitted on 639 samples, 166 features
2026-04-30 23:48:19 | DEBUG    | reduction | PCA: 166 → 83 components (95% var)
2026-04-30 23:48:21 | INFO     | cross_validation |   Fold 3/5: train=1917 (orig=639, aug=1278), val=160, acc=65.62%  [2.4s]
2026-04-30 23:48:21 | DEBUG    | reduction | Scaler fitted on 639 samples, 166 features
2026-04-30 23:48:22 | DEBUG    | reduction | PCA: 166 → 83 components (95% var)
2026-04-30 23:48:24 | INFO     | cross_validation |   Fold 4/5: train=1917 (orig=639, aug=1278), val=160, acc=65.00%  [2.6s]
2026-04-30 23:48:24 | DEBUG    | reduction | Scaler fitted on 640 samples, 166 features
2026-04-30 23:48:24 | DEBUG    | reduction | PCA: 166 → 82 components (95% var)
2026-04-30 23:48:26 | INFO     | cross_validation |   Fold 5/5: train=1920 (orig=640, aug=1280), val=159, acc=61.64%  [2.2s]
2026-04-30 23:48:26 | INFO     | cross_validation |   CV result: 64.58% ± 1.60%
2026-04-30 23:48:26 | INFO     | cross_validation |   Combo 4/12: {'max_features': 'sqrt', 'min_samples_split': 5, 'n_estimators': 100}
2026-04-30 23:48:26 | DEBUG    | reduction | Scaler fitted on 639 samples, 166 features
2026-04-30 23:48:26 | DEBUG    | reduction | PCA: 166 → 82 components (95% var)
2026-04-30 23:48:27 | INFO     | cross_validation |   Fold 1/5: train=1917 (orig=639, aug=1278), val=160, acc=61.88%  [0.8s]
2026-04-30 23:48:27 | DEBUG    | reduction | Scaler fitted on 639 samples, 166 features
2026-04-30 23:48:27 | DEBUG    | reduction | PCA: 166 → 83 components (95% var)
2026-04-30 23:48:28 | INFO     | cross_validation |   Fold 2/5: train=1917 (orig=639, aug=1278), val=160, acc=63.12%  [0.6s]
2026-04-30 23:48:28 | DEBUG    | reduction | Scaler fitted on 639 samples, 166 features
2026-04-30 23:48:28 | DEBUG    | reduction | PCA: 166 → 83 components (95% var)
2026-04-30 23:48:28 | INFO     | cross_validation |   Fold 3/5: train=1917 (orig=639, aug=1278), val=160, acc=63.12%  [0.7s]
2026-04-30 23:48:28 | DEBUG    | reduction | Scaler fitted on 639 samples, 166 features
2026-04-30 23:48:28 | DEBUG    | reduction | PCA: 166 → 83 components (95% var)
2026-04-30 23:48:29 | INFO     | cross_validation |   Fold 4/5: train=1917 (orig=639, aug=1278), val=160, acc=62.50%  [0.5s]
2026-04-30 23:48:29 | DEBUG    | reduction | Scaler fitted on 640 samples, 166 features
2026-04-30 23:48:30 | DEBUG    | reduction | PCA: 166 → 82 components (95% var)
2026-04-30 23:48:30 | INFO     | cross_validation |   Fold 5/5: train=1920 (orig=640, aug=1280), val=159, acc=59.75%  [1.2s]
2026-04-30 23:48:30 | INFO     | cross_validation |   CV result: 62.07% ± 1.25%
2026-04-30 23:48:30 | INFO     | cross_validation |   Combo 5/12: {'max_features': 'sqrt', 'min_samples_split': 5, 'n_estimators': 300}
2026-04-30 23:48:30 | DEBUG    | reduction | Scaler fitted on 639 samples, 166 features
2026-04-30 23:48:30 | DEBUG    | reduction | PCA: 166 → 82 components (95% var)
2026-04-30 23:48:32 | INFO     | cross_validation |   Fold 1/5: train=1917 (orig=639, aug=1278), val=160, acc=64.38%  [1.7s]
2026-04-30 23:48:32 | DEBUG    | reduction | Scaler fitted on 639 samples, 166 features
2026-04-30 23:48:32 | DEBUG    | reduction | PCA: 166 → 83 components (95% var)
2026-04-30 23:48:34 | INFO     | cross_validation |   Fold 2/5: train=1917 (orig=639, aug=1278), val=160, acc=63.12%  [2.0s]
2026-04-30 23:48:34 | DEBUG    | reduction | Scaler fitted on 639 samples, 166 features
2026-04-30 23:48:34 | DEBUG    | reduction | PCA: 166 → 83 components (95% var)
2026-04-30 23:48:35 | INFO     | cross_validation |   Fold 3/5: train=1917 (orig=639, aug=1278), val=160, acc=63.75%  [1.4s]
2026-04-30 23:48:35 | DEBUG    | reduction | Scaler fitted on 639 samples, 166 features
2026-04-30 23:48:35 | DEBUG    | reduction | PCA: 166 → 83 components (95% var)
2026-04-30 23:48:37 | INFO     | cross_validation |   Fold 4/5: train=1917 (orig=639, aug=1278), val=160, acc=66.25%  [1.7s]
2026-04-30 23:48:37 | DEBUG    | reduction | Scaler fitted on 640 samples, 166 features
2026-04-30 23:48:37 | DEBUG    | reduction | PCA: 166 → 82 components (95% var)
2026-04-30 23:48:39 | INFO     | cross_validation |   Fold 5/5: train=1920 (orig=640, aug=1280), val=159, acc=62.26%  [1.8s]
2026-04-30 23:48:39 | INFO     | cross_validation |   CV result: 63.95% ± 1.34%
2026-04-30 23:48:39 | INFO     | cross_validation |   Combo 6/12: {'max_features': 'sqrt', 'min_samples_split': 5, 'n_estimators': 500}
2026-04-30 23:48:39 | DEBUG    | reduction | Scaler fitted on 639 samples, 166 features
2026-04-30 23:48:39 | DEBUG    | reduction | PCA: 166 → 82 components (95% var)
2026-04-30 23:48:41 | INFO     | cross_validation |   Fold 1/5: train=1917 (orig=639, aug=1278), val=160, acc=67.50%  [2.2s]
2026-04-30 23:48:41 | DEBUG    | reduction | Scaler fitted on 639 samples, 166 features
2026-04-30 23:48:41 | DEBUG    | reduction | PCA: 166 → 83 components (95% var)
2026-04-30 23:48:47 | INFO     | cross_validation |   Fold 2/5: train=1917 (orig=639, aug=1278), val=160, acc=68.12%  [2.3s]
2026-04-30 23:48:47 | DEBUG    | reduction | Scaler fitted on 639 samples, 166 features
2026-04-30 23:48:47 | DEBUG    | reduction | PCA: 166 → 83 components (95% var)
2026-04-30 23:48:49 | INFO     | cross_validation |   Fold 3/5: train=1917 (orig=639, aug=1278), val=160, acc=63.75%  [2.3s]
2026-04-30 23:48:49 | DEBUG    | reduction | Scaler fitted on 639 samples, 166 features
2026-04-30 23:48:49 | DEBUG    | reduction | PCA: 166 → 83 components (95% var)
2026-04-30 23:48:51 | INFO     | cross_validation |   Fold 4/5: train=1917 (orig=639, aug=1278), val=160, acc=65.00%  [2.2s]
2026-04-30 23:48:51 | DEBUG    | reduction | Scaler fitted on 640 samples, 166 features
2026-04-30 23:48:51 | DEBUG    | reduction | PCA: 166 → 82 components (95% var)
2026-04-30 23:48:54 | INFO     | cross_validation |   Fold 5/5: train=1920 (orig=640, aug=1280), val=159, acc=63.52%  [2.3s]
2026-04-30 23:48:54 | INFO     | cross_validation |   CV result: 65.58% ± 1.90%
2026-04-30 23:48:54 | INFO     | cross_validation |   Combo 7/12: {'max_features': 'log2', 'min_samples_split': 2, 'n_estimators': 100}
2026-04-30 23:48:54 | DEBUG    | reduction | Scaler fitted on 639 samples, 166 features
2026-04-30 23:48:54 | DEBUG    | reduction | PCA: 166 → 82 components (95% var)
2026-04-30 23:48:54 | INFO     | cross_validation |   Fold 1/5: train=1917 (orig=639, aug=1278), val=160, acc=61.25%  [0.5s]
2026-04-30 23:48:54 | DEBUG    | reduction | Scaler fitted on 639 samples, 166 features
2026-04-30 23:48:54 | DEBUG    | reduction | PCA: 166 → 83 components (95% var)
2026-04-30 23:48:55 | INFO     | cross_validation |   Fold 2/5: train=1917 (orig=639, aug=1278), val=160, acc=63.75%  [0.7s]
2026-04-30 23:48:55 | DEBUG    | reduction | Scaler fitted on 639 samples, 166 features
2026-04-30 23:48:55 | DEBUG    | reduction | PCA: 166 → 83 components (95% var)
2026-04-30 23:48:55 | INFO     | cross_validation |   Fold 3/5: train=1917 (orig=639, aug=1278), val=160, acc=58.13%  [0.5s]
2026-04-30 23:48:55 | DEBUG    | reduction | Scaler fitted on 639 samples, 166 features
2026-04-30 23:48:55 | DEBUG    | reduction | PCA: 166 → 83 components (95% var)
2026-04-30 23:48:56 | INFO     | cross_validation |   Fold 4/5: train=1917 (orig=639, aug=1278), val=160, acc=61.88%  [0.6s]
2026-04-30 23:48:56 | DEBUG    | reduction | Scaler fitted on 640 samples, 166 features
2026-04-30 23:48:56 | DEBUG    | reduction | PCA: 166 → 82 components (95% var)
2026-04-30 23:48:57 | INFO     | cross_validation |   Fold 5/5: train=1920 (orig=640, aug=1280), val=159, acc=63.52%  [0.7s]
2026-04-30 23:48:57 | INFO     | cross_validation |   CV result: 61.70% ± 2.03%
2026-04-30 23:48:57 | INFO     | cross_validation |   Combo 8/12: {'max_features': 'log2', 'min_samples_split': 2, 'n_estimators': 300}
2026-04-30 23:48:57 | DEBUG    | reduction | Scaler fitted on 639 samples, 166 features
2026-04-30 23:48:57 | DEBUG    | reduction | PCA: 166 → 82 components (95% var)
2026-04-30 23:48:58 | INFO     | cross_validation |   Fold 1/5: train=1917 (orig=639, aug=1278), val=160, acc=63.75%  [1.5s]
2026-04-30 23:48:58 | DEBUG    | reduction | Scaler fitted on 639 samples, 166 features
2026-04-30 23:48:58 | DEBUG    | reduction | PCA: 166 → 83 components (95% var)
2026-04-30 23:49:00 | INFO     | cross_validation |   Fold 2/5: train=1917 (orig=639, aug=1278), val=160, acc=65.62%  [1.5s]
2026-04-30 23:49:00 | DEBUG    | reduction | Scaler fitted on 639 samples, 166 features
2026-04-30 23:49:00 | DEBUG    | reduction | PCA: 166 → 83 components (95% var)
2026-04-30 23:49:01 | INFO     | cross_validation |   Fold 3/5: train=1917 (orig=639, aug=1278), val=160, acc=64.38%  [1.7s]
2026-04-30 23:49:01 | DEBUG    | reduction | Scaler fitted on 639 samples, 166 features
2026-04-30 23:49:01 | DEBUG    | reduction | PCA: 166 → 83 components (95% var)
2026-04-30 23:49:03 | INFO     | cross_validation |   Fold 4/5: train=1917 (orig=639, aug=1278), val=160, acc=63.12%  [1.3s]
2026-04-30 23:49:03 | DEBUG    | reduction | Scaler fitted on 640 samples, 166 features
2026-04-30 23:49:03 | DEBUG    | reduction | PCA: 166 → 82 components (95% var)
2026-04-30 23:49:04 | INFO     | cross_validation |   Fold 5/5: train=1920 (orig=640, aug=1280), val=159, acc=66.04%  [1.4s]
2026-04-30 23:49:04 | INFO     | cross_validation |   CV result: 64.58% ± 1.10%
2026-04-30 23:49:04 | INFO     | cross_validation |   Combo 9/12: {'max_features': 'log2', 'min_samples_split': 2, 'n_estimators': 500}
2026-04-30 23:49:04 | DEBUG    | reduction | Scaler fitted on 639 samples, 166 features
2026-04-30 23:49:04 | DEBUG    | reduction | PCA: 166 → 82 components (95% var)
2026-04-30 23:49:06 | INFO     | cross_validation |   Fold 1/5: train=1917 (orig=639, aug=1278), val=160, acc=66.25%  [2.3s]
2026-04-30 23:49:06 | DEBUG    | reduction | Scaler fitted on 639 samples, 166 features
2026-04-30 23:49:06 | DEBUG    | reduction | PCA: 166 → 83 components (95% var)
2026-04-30 23:49:09 | INFO     | cross_validation |   Fold 2/5: train=1917 (orig=639, aug=1278), val=160, acc=65.00%  [2.3s]
2026-04-30 23:49:09 | DEBUG    | reduction | Scaler fitted on 639 samples, 166 features
2026-04-30 23:49:09 | DEBUG    | reduction | PCA: 166 → 83 components (95% var)
2026-04-30 23:49:11 | INFO     | cross_validation |   Fold 3/5: train=1917 (orig=639, aug=1278), val=160, acc=65.62%  [2.5s]
2026-04-30 23:49:11 | DEBUG    | reduction | Scaler fitted on 639 samples, 166 features
2026-04-30 23:49:11 | DEBUG    | reduction | PCA: 166 → 83 components (95% var)
2026-04-30 23:49:14 | INFO     | cross_validation |   Fold 4/5: train=1917 (orig=639, aug=1278), val=160, acc=68.12%  [2.5s]
2026-04-30 23:49:14 | DEBUG    | reduction | Scaler fitted on 640 samples, 166 features
2026-04-30 23:49:14 | DEBUG    | reduction | PCA: 166 → 82 components (95% var)
2026-04-30 23:49:16 | INFO     | cross_validation |   Fold 5/5: train=1920 (orig=640, aug=1280), val=159, acc=64.78%  [2.3s]
2026-04-30 23:49:16 | INFO     | cross_validation |   CV result: 65.96% ± 1.20%
2026-04-30 23:49:16 | INFO     | cross_validation |   Combo 10/12: {'max_features': 'log2', 'min_samples_split': 5, 'n_estimators': 100}
2026-04-30 23:49:16 | DEBUG    | reduction | Scaler fitted on 639 samples, 166 features
2026-04-30 23:49:16 | DEBUG    | reduction | PCA: 166 → 82 components (95% var)
2026-04-30 23:49:17 | INFO     | cross_validation |   Fold 1/5: train=1917 (orig=639, aug=1278), val=160, acc=66.25%  [0.7s]
2026-04-30 23:49:17 | DEBUG    | reduction | Scaler fitted on 639 samples, 166 features
2026-04-30 23:49:17 | DEBUG    | reduction | PCA: 166 → 83 components (95% var)
2026-04-30 23:49:18 | INFO     | cross_validation |   Fold 2/5: train=1917 (orig=639, aug=1278), val=160, acc=61.88%  [0.7s]
2026-04-30 23:49:18 | DEBUG    | reduction | Scaler fitted on 639 samples, 166 features
2026-04-30 23:49:21 | DEBUG    | reduction | PCA: 166 → 83 components (95% var)
2026-04-30 23:49:21 | INFO     | cross_validation |   Fold 3/5: train=1917 (orig=639, aug=1278), val=160, acc=61.25%  [0.7s]
2026-04-30 23:49:21 | DEBUG    | reduction | Scaler fitted on 639 samples, 166 features
2026-04-30 23:49:21 | DEBUG    | reduction | PCA: 166 → 83 components (95% var)
2026-04-30 23:49:22 | INFO     | cross_validation |   Fold 4/5: train=1917 (orig=639, aug=1278), val=160, acc=65.00%  [0.7s]
2026-04-30 23:49:22 | DEBUG    | reduction | Scaler fitted on 640 samples, 166 features
2026-04-30 23:49:22 | DEBUG    | reduction | PCA: 166 → 82 components (95% var)
2026-04-30 23:49:23 | INFO     | cross_validation |   Fold 5/5: train=1920 (orig=640, aug=1280), val=159, acc=55.97%  [0.9s]
2026-04-30 23:49:23 | INFO     | cross_validation |   CV result: 62.07% ± 3.58%
2026-04-30 23:49:23 | INFO     | cross_validation |   Combo 11/12: {'max_features': 'log2', 'min_samples_split': 5, 'n_estimators': 300}
2026-04-30 23:49:23 | DEBUG    | reduction | Scaler fitted on 639 samples, 166 features
2026-04-30 23:49:23 | DEBUG    | reduction | PCA: 166 → 82 components (95% var)
2026-04-30 23:49:24 | INFO     | cross_validation |   Fold 1/5: train=1917 (orig=639, aug=1278), val=160, acc=67.50%  [1.4s]
2026-04-30 23:49:24 | DEBUG    | reduction | Scaler fitted on 639 samples, 166 features
2026-04-30 23:49:24 | DEBUG    | reduction | PCA: 166 → 83 components (95% var)
2026-04-30 23:49:26 | INFO     | cross_validation |   Fold 2/5: train=1917 (orig=639, aug=1278), val=160, acc=62.50%  [1.5s]
2026-04-30 23:49:26 | DEBUG    | reduction | Scaler fitted on 639 samples, 166 features
2026-04-30 23:49:26 | DEBUG    | reduction | PCA: 166 → 83 components (95% var)
2026-04-30 23:49:27 | INFO     | cross_validation |   Fold 3/5: train=1917 (orig=639, aug=1278), val=160, acc=62.50%  [1.4s]
2026-04-30 23:49:27 | DEBUG    | reduction | Scaler fitted on 639 samples, 166 features
2026-04-30 23:49:27 | DEBUG    | reduction | PCA: 166 → 83 components (95% var)
2026-04-30 23:49:29 | INFO     | cross_validation |   Fold 4/5: train=1917 (orig=639, aug=1278), val=160, acc=67.50%  [1.5s]
2026-04-30 23:49:29 | DEBUG    | reduction | Scaler fitted on 640 samples, 166 features
2026-04-30 23:49:29 | DEBUG    | reduction | PCA: 166 → 82 components (95% var)
2026-04-30 23:49:31 | INFO     | cross_validation |   Fold 5/5: train=1920 (orig=640, aug=1280), val=159, acc=61.64%  [1.9s]
2026-04-30 23:49:31 | INFO     | cross_validation |   CV result: 64.33% ± 2.61%
2026-04-30 23:49:31 | INFO     | cross_validation |   Combo 12/12: {'max_features': 'log2', 'min_samples_split': 5, 'n_estimators': 500}
2026-04-30 23:49:31 | DEBUG    | reduction | Scaler fitted on 639 samples, 166 features
2026-04-30 23:49:31 | DEBUG    | reduction | PCA: 166 → 82 components (95% var)
2026-04-30 23:49:33 | INFO     | cross_validation |   Fold 1/5: train=1917 (orig=639, aug=1278), val=160, acc=67.50%  [2.5s]
2026-04-30 23:49:33 | DEBUG    | reduction | Scaler fitted on 639 samples, 166 features
2026-04-30 23:49:33 | DEBUG    | reduction | PCA: 166 → 83 components (95% var)
2026-04-30 23:49:35 | INFO     | cross_validation |   Fold 2/5: train=1917 (orig=639, aug=1278), val=160, acc=67.50%  [2.3s]
2026-04-30 23:49:35 | DEBUG    | reduction | Scaler fitted on 639 samples, 166 features
2026-04-30 23:49:36 | DEBUG    | reduction | PCA: 166 → 83 components (95% var)
2026-04-30 23:49:38 | INFO     | cross_validation |   Fold 3/5: train=1917 (orig=639, aug=1278), val=160, acc=63.75%  [2.6s]
2026-04-30 23:49:38 | DEBUG    | reduction | Scaler fitted on 639 samples, 166 features
2026-04-30 23:49:39 | DEBUG    | reduction | PCA: 166 → 83 components (95% var)
2026-04-30 23:49:41 | INFO     | cross_validation |   Fold 4/5: train=1917 (orig=639, aug=1278), val=160, acc=65.00%  [2.6s]
2026-04-30 23:49:41 | DEBUG    | reduction | Scaler fitted on 640 samples, 166 features
2026-04-30 23:49:41 | DEBUG    | reduction | PCA: 166 → 82 components (95% var)
2026-04-30 23:49:43 | INFO     | cross_validation |   Fold 5/5: train=1920 (orig=640, aug=1280), val=159, acc=61.64%  [2.4s]
2026-04-30 23:49:43 | INFO     | cross_validation |   CV result: 65.08% ± 2.25%
2026-04-30 23:49:43 | INFO     | cross_validation |   Best params: {'max_features': 'log2', 'min_samples_split': 2, 'n_estimators': 500}
2026-04-30 23:49:43 | INFO     | cross_validation |   Best CV: 65.96% ± 1.20%
2026-04-30 23:49:43 | INFO     | cross_validation | ✓ grid_search_cv finished in 94.4s
2026-04-30 23:49:43 | INFO     | main | ────────────────────────────────────────────────────────────
2026-04-30 23:49:43 | INFO     | main |   Random Forest [pca, no-aug]
2026-04-30 23:49:43 | INFO     | main | ────────────────────────────────────────────────────────────
2026-04-30 23:49:43 | INFO     | cross_validation | → grid_search_cv started
2026-04-30 23:49:43 | INFO     | cross_validation | Grid search: 12 parameter combinations × 5 folds
2026-04-30 23:49:43 | INFO     | cross_validation |   Combo 1/12: {'max_features': 'sqrt', 'min_samples_split': 2, 'n_estimators': 100}
2026-04-30 23:49:43 | DEBUG    | reduction | Scaler fitted on 639 samples, 166 features
2026-04-30 23:49:43 | DEBUG    | reduction | PCA: 166 → 82 components (95% var)
2026-04-30 23:49:44 | INFO     | cross_validation |   Fold 1/5: train=639 (orig=639, aug=0), val=160, acc=61.88%  [0.7s]
2026-04-30 23:49:44 | DEBUG    | reduction | Scaler fitted on 639 samples, 166 features
2026-04-30 23:49:44 | DEBUG    | reduction | PCA: 166 → 83 components (95% var)
2026-04-30 23:49:44 | INFO     | cross_validation |   Fold 2/5: train=639 (orig=639, aug=0), val=160, acc=64.38%  [0.5s]
2026-04-30 23:49:44 | DEBUG    | reduction | Scaler fitted on 639 samples, 166 features
2026-04-30 23:49:44 | DEBUG    | reduction | PCA: 166 → 83 components (95% var)
2026-04-30 23:49:45 | INFO     | cross_validation |   Fold 3/5: train=639 (orig=639, aug=0), val=160, acc=58.13%  [0.6s]
2026-04-30 23:49:45 | DEBUG    | reduction | Scaler fitted on 639 samples, 166 features
2026-04-30 23:49:45 | DEBUG    | reduction | PCA: 166 → 83 components (95% var)
2026-04-30 23:49:45 | INFO     | cross_validation |   Fold 4/5: train=639 (orig=639, aug=0), val=160, acc=62.50%  [0.5s]
2026-04-30 23:49:45 | DEBUG    | reduction | Scaler fitted on 640 samples, 166 features
2026-04-30 23:49:46 | DEBUG    | reduction | PCA: 166 → 82 components (95% var)
2026-04-30 23:49:46 | INFO     | cross_validation |   Fold 5/5: train=640 (orig=640, aug=0), val=159, acc=64.15%  [0.5s]
2026-04-30 23:49:46 | INFO     | cross_validation |   CV result: 62.21% ± 2.25%
2026-04-30 23:49:46 | INFO     | cross_validation |   Combo 2/12: {'max_features': 'sqrt', 'min_samples_split': 2, 'n_estimators': 300}
2026-04-30 23:49:46 | DEBUG    | reduction | Scaler fitted on 639 samples, 166 features
2026-04-30 23:49:46 | DEBUG    | reduction | PCA: 166 → 82 components (95% var)
2026-04-30 23:49:47 | INFO     | cross_validation |   Fold 1/5: train=639 (orig=639, aug=0), val=160, acc=65.62%  [1.3s]
2026-04-30 23:49:47 | DEBUG    | reduction | Scaler fitted on 639 samples, 166 features
2026-04-30 23:49:47 | DEBUG    | reduction | PCA: 166 → 83 components (95% var)
2026-04-30 23:49:49 | INFO     | cross_validation |   Fold 2/5: train=639 (orig=639, aug=0), val=160, acc=63.12%  [1.4s]
2026-04-30 23:49:49 | DEBUG    | reduction | Scaler fitted on 639 samples, 166 features
2026-04-30 23:49:49 | DEBUG    | reduction | PCA: 166 → 83 components (95% var)
2026-04-30 23:49:50 | INFO     | cross_validation |   Fold 3/5: train=639 (orig=639, aug=0), val=160, acc=66.25%  [1.3s]
2026-04-30 23:49:50 | DEBUG    | reduction | Scaler fitted on 639 samples, 166 features
2026-04-30 23:49:50 | DEBUG    | reduction | PCA: 166 → 83 components (95% var)
2026-04-30 23:49:51 | INFO     | cross_validation |   Fold 4/5: train=639 (orig=639, aug=0), val=160, acc=68.75%  [1.5s]
2026-04-30 23:49:51 | DEBUG    | reduction | Scaler fitted on 640 samples, 166 features
2026-04-30 23:49:51 | DEBUG    | reduction | PCA: 166 → 82 components (95% var)
2026-04-30 23:49:53 | INFO     | cross_validation |   Fold 5/5: train=640 (orig=640, aug=0), val=159, acc=62.26%  [1.2s]
2026-04-30 23:49:53 | INFO     | cross_validation |   CV result: 65.20% ± 2.32%
2026-04-30 23:49:53 | INFO     | cross_validation |   Combo 3/12: {'max_features': 'sqrt', 'min_samples_split': 2, 'n_estimators': 500}
2026-04-30 23:49:53 | DEBUG    | reduction | Scaler fitted on 639 samples, 166 features
2026-04-30 23:49:53 | DEBUG    | reduction | PCA: 166 → 82 components (95% var)
2026-04-30 23:49:55 | INFO     | cross_validation |   Fold 1/5: train=639 (orig=639, aug=0), val=160, acc=68.12%  [2.0s]
2026-04-30 23:49:55 | DEBUG    | reduction | Scaler fitted on 639 samples, 166 features
2026-04-30 23:49:55 | DEBUG    | reduction | PCA: 166 → 83 components (95% var)
2026-04-30 23:49:57 | INFO     | cross_validation |   Fold 2/5: train=639 (orig=639, aug=0), val=160, acc=66.25%  [2.1s]
2026-04-30 23:49:57 | DEBUG    | reduction | Scaler fitted on 639 samples, 166 features
2026-04-30 23:49:58 | DEBUG    | reduction | PCA: 166 → 83 components (95% var)
2026-04-30 23:50:00 | INFO     | cross_validation |   Fold 3/5: train=639 (orig=639, aug=0), val=160, acc=64.38%  [3.0s]
2026-04-30 23:50:00 | DEBUG    | reduction | Scaler fitted on 639 samples, 166 features
2026-04-30 23:50:00 | DEBUG    | reduction | PCA: 166 → 83 components (95% var)
2026-04-30 23:50:03 | INFO     | cross_validation |   Fold 4/5: train=639 (orig=639, aug=0), val=160, acc=69.38%  [2.7s]
2026-04-30 23:50:03 | DEBUG    | reduction | Scaler fitted on 640 samples, 166 features
2026-04-30 23:50:03 | DEBUG    | reduction | PCA: 166 → 82 components (95% var)
2026-04-30 23:50:05 | INFO     | cross_validation |   Fold 5/5: train=640 (orig=640, aug=0), val=159, acc=62.26%  [2.8s]
2026-04-30 23:50:05 | INFO     | cross_validation |   CV result: 66.08% ± 2.55%
2026-04-30 23:50:05 | INFO     | cross_validation |   Combo 4/12: {'max_features': 'sqrt', 'min_samples_split': 5, 'n_estimators': 100}
2026-04-30 23:50:05 | DEBUG    | reduction | Scaler fitted on 639 samples, 166 features
2026-04-30 23:50:06 | DEBUG    | reduction | PCA: 166 → 82 components (95% var)
2026-04-30 23:50:06 | INFO     | cross_validation |   Fold 1/5: train=639 (orig=639, aug=0), val=160, acc=63.75%  [1.0s]
2026-04-30 23:50:06 | DEBUG    | reduction | Scaler fitted on 639 samples, 166 features
2026-04-30 23:50:07 | DEBUG    | reduction | PCA: 166 → 83 components (95% var)
2026-04-30 23:50:07 | INFO     | cross_validation |   Fold 2/5: train=639 (orig=639, aug=0), val=160, acc=63.75%  [0.9s]
2026-04-30 23:50:07 | DEBUG    | reduction | Scaler fitted on 639 samples, 166 features
2026-04-30 23:50:08 | DEBUG    | reduction | PCA: 166 → 83 components (95% var)
2026-04-30 23:50:08 | INFO     | cross_validation |   Fold 3/5: train=639 (orig=639, aug=0), val=160, acc=63.12%  [0.8s]
2026-04-30 23:50:08 | DEBUG    | reduction | Scaler fitted on 639 samples, 166 features
2026-04-30 23:50:13 | DEBUG    | reduction | PCA: 166 → 83 components (95% var)
2026-04-30 23:50:13 | INFO     | cross_validation |   Fold 4/5: train=639 (orig=639, aug=0), val=160, acc=65.00%  [0.6s]
2026-04-30 23:50:13 | DEBUG    | reduction | Scaler fitted on 640 samples, 166 features
2026-04-30 23:50:14 | DEBUG    | reduction | PCA: 166 → 82 components (95% var)
2026-04-30 23:50:14 | INFO     | cross_validation |   Fold 5/5: train=640 (orig=640, aug=0), val=159, acc=59.75%  [0.9s]
2026-04-30 23:50:14 | INFO     | cross_validation |   CV result: 63.07% ± 1.77%
2026-04-30 23:50:14 | INFO     | cross_validation |   Combo 5/12: {'max_features': 'sqrt', 'min_samples_split': 5, 'n_estimators': 300}
2026-04-30 23:50:14 | DEBUG    | reduction | Scaler fitted on 639 samples, 166 features
2026-04-30 23:50:14 | DEBUG    | reduction | PCA: 166 → 82 components (95% var)
2026-04-30 23:50:16 | INFO     | cross_validation |   Fold 1/5: train=639 (orig=639, aug=0), val=160, acc=65.00%  [1.7s]
2026-04-30 23:50:16 | DEBUG    | reduction | Scaler fitted on 639 samples, 166 features
2026-04-30 23:50:16 | DEBUG    | reduction | PCA: 166 → 83 components (95% var)
2026-04-30 23:50:17 | INFO     | cross_validation |   Fold 2/5: train=639 (orig=639, aug=0), val=160, acc=63.12%  [1.5s]
2026-04-30 23:50:17 | DEBUG    | reduction | Scaler fitted on 639 samples, 166 features
2026-04-30 23:50:18 | DEBUG    | reduction | PCA: 166 → 83 components (95% var)
2026-04-30 23:50:19 | INFO     | cross_validation |   Fold 3/5: train=639 (orig=639, aug=0), val=160, acc=66.25%  [2.0s]
2026-04-30 23:50:19 | DEBUG    | reduction | Scaler fitted on 639 samples, 166 features
2026-04-30 23:50:19 | DEBUG    | reduction | PCA: 166 → 83 components (95% var)
2026-04-30 23:50:21 | INFO     | cross_validation |   Fold 4/5: train=639 (orig=639, aug=0), val=160, acc=65.62%  [1.5s]
2026-04-30 23:50:21 | DEBUG    | reduction | Scaler fitted on 640 samples, 166 features
2026-04-30 23:50:21 | DEBUG    | reduction | PCA: 166 → 82 components (95% var)
2026-04-30 23:50:23 | INFO     | cross_validation |   Fold 5/5: train=640 (orig=640, aug=0), val=159, acc=65.41%  [1.9s]
2026-04-30 23:50:23 | INFO     | cross_validation |   CV result: 65.08% ± 1.06%
2026-04-30 23:50:23 | INFO     | cross_validation |   Combo 6/12: {'max_features': 'sqrt', 'min_samples_split': 5, 'n_estimators': 500}
2026-04-30 23:50:23 | DEBUG    | reduction | Scaler fitted on 639 samples, 166 features
2026-04-30 23:50:23 | DEBUG    | reduction | PCA: 166 → 82 components (95% var)
2026-04-30 23:50:25 | INFO     | cross_validation |   Fold 1/5: train=639 (orig=639, aug=0), val=160, acc=67.50%  [2.6s]
2026-04-30 23:50:25 | DEBUG    | reduction | Scaler fitted on 639 samples, 166 features
2026-04-30 23:50:25 | DEBUG    | reduction | PCA: 166 → 83 components (95% var)
2026-04-30 23:50:28 | INFO     | cross_validation |   Fold 2/5: train=639 (orig=639, aug=0), val=160, acc=64.38%  [2.4s]
2026-04-30 23:50:28 | DEBUG    | reduction | Scaler fitted on 639 samples, 166 features
2026-04-30 23:50:28 | DEBUG    | reduction | PCA: 166 → 83 components (95% var)
2026-04-30 23:50:30 | INFO     | cross_validation |   Fold 3/5: train=639 (orig=639, aug=0), val=160, acc=66.88%  [2.4s]
2026-04-30 23:50:30 | DEBUG    | reduction | Scaler fitted on 639 samples, 166 features
2026-04-30 23:50:30 | DEBUG    | reduction | PCA: 166 → 83 components (95% var)
2026-04-30 23:50:33 | INFO     | cross_validation |   Fold 4/5: train=639 (orig=639, aug=0), val=160, acc=67.50%  [2.8s]
2026-04-30 23:50:33 | DEBUG    | reduction | Scaler fitted on 640 samples, 166 features
2026-04-30 23:50:34 | DEBUG    | reduction | PCA: 166 → 82 components (95% var)
2026-04-30 23:50:36 | INFO     | cross_validation |   Fold 5/5: train=640 (orig=640, aug=0), val=159, acc=64.15%  [3.3s]
2026-04-30 23:50:36 | INFO     | cross_validation |   CV result: 66.08% ± 1.50%
2026-04-30 23:50:36 | INFO     | cross_validation |   Combo 7/12: {'max_features': 'log2', 'min_samples_split': 2, 'n_estimators': 100}
2026-04-30 23:50:36 | DEBUG    | reduction | Scaler fitted on 639 samples, 166 features
2026-04-30 23:50:37 | DEBUG    | reduction | PCA: 166 → 82 components (95% var)
2026-04-30 23:50:37 | INFO     | cross_validation |   Fold 1/5: train=639 (orig=639, aug=0), val=160, acc=59.38%  [1.1s]
2026-04-30 23:50:37 | DEBUG    | reduction | Scaler fitted on 639 samples, 166 features
2026-04-30 23:50:37 | DEBUG    | reduction | PCA: 166 → 83 components (95% var)
2026-04-30 23:50:38 | INFO     | cross_validation |   Fold 2/5: train=639 (orig=639, aug=0), val=160, acc=65.62%  [0.6s]
2026-04-30 23:50:38 | DEBUG    | reduction | Scaler fitted on 639 samples, 166 features
2026-04-30 23:50:39 | DEBUG    | reduction | PCA: 166 → 83 components (95% var)
2026-04-30 23:50:39 | INFO     | cross_validation |   Fold 3/5: train=639 (orig=639, aug=0), val=160, acc=63.12%  [1.1s]
2026-04-30 23:50:39 | DEBUG    | reduction | Scaler fitted on 639 samples, 166 features
2026-04-30 23:50:40 | DEBUG    | reduction | PCA: 166 → 83 components (95% var)
2026-04-30 23:50:41 | INFO     | cross_validation |   Fold 4/5: train=639 (orig=639, aug=0), val=160, acc=55.62%  [1.4s]
2026-04-30 23:50:41 | DEBUG    | reduction | Scaler fitted on 640 samples, 166 features
2026-04-30 23:50:41 | DEBUG    | reduction | PCA: 166 → 82 components (95% var)
2026-04-30 23:50:41 | INFO     | cross_validation |   Fold 5/5: train=640 (orig=640, aug=0), val=159, acc=57.23%  [0.7s]
2026-04-30 23:50:41 | INFO     | cross_validation |   CV result: 60.20% ± 3.70%
2026-04-30 23:50:41 | INFO     | cross_validation |   Combo 8/12: {'max_features': 'log2', 'min_samples_split': 2, 'n_estimators': 300}
2026-04-30 23:50:41 | DEBUG    | reduction | Scaler fitted on 639 samples, 166 features
2026-04-30 23:50:42 | DEBUG    | reduction | PCA: 166 → 82 components (95% var)
2026-04-30 23:50:44 | INFO     | cross_validation |   Fold 1/5: train=639 (orig=639, aug=0), val=160, acc=68.75%  [2.3s]
2026-04-30 23:50:44 | DEBUG    | reduction | Scaler fitted on 639 samples, 166 features
2026-04-30 23:50:44 | DEBUG    | reduction | PCA: 166 → 83 components (95% var)
2026-04-30 23:50:44 | INFO     | cross_validation |   Fold 2/5: train=639 (orig=639, aug=0), val=160, acc=65.62%  [1.6s]
2026-04-30 23:50:44 | DEBUG    | reduction | Scaler fitted on 639 samples, 166 features
2026-04-30 23:50:44 | DEBUG    | reduction | PCA: 166 → 83 components (95% var)
2026-04-30 23:50:45 | INFO     | cross_validation |   Fold 3/5: train=639 (orig=639, aug=0), val=160, acc=63.12%  [1.5s]
2026-04-30 23:50:45 | DEBUG    | reduction | Scaler fitted on 639 samples, 166 features
2026-04-30 23:50:45 | DEBUG    | reduction | PCA: 166 → 83 components (95% var)
2026-04-30 23:50:46 | INFO     | cross_validation |   Fold 4/5: train=639 (orig=639, aug=0), val=160, acc=64.38%  [1.3s]
2026-04-30 23:50:46 | DEBUG    | reduction | Scaler fitted on 640 samples, 166 features
2026-04-30 23:50:47 | DEBUG    | reduction | PCA: 166 → 82 components (95% var)
2026-04-30 23:50:48 | INFO     | cross_validation |   Fold 5/5: train=640 (orig=640, aug=0), val=159, acc=61.64%  [1.6s]
2026-04-30 23:50:48 | INFO     | cross_validation |   CV result: 64.70% ± 2.42%
2026-04-30 23:50:48 | INFO     | cross_validation |   Combo 9/12: {'max_features': 'log2', 'min_samples_split': 2, 'n_estimators': 500}
2026-04-30 23:50:48 | DEBUG    | reduction | Scaler fitted on 639 samples, 166 features
2026-04-30 23:50:48 | DEBUG    | reduction | PCA: 166 → 82 components (95% var)
2026-04-30 23:50:50 | INFO     | cross_validation |   Fold 1/5: train=639 (orig=639, aug=0), val=160, acc=68.75%  [2.1s]
2026-04-30 23:50:50 | DEBUG    | reduction | Scaler fitted on 639 samples, 166 features
2026-04-30 23:50:50 | DEBUG    | reduction | PCA: 166 → 83 components (95% var)
2026-04-30 23:50:53 | INFO     | cross_validation |   Fold 2/5: train=639 (orig=639, aug=0), val=160, acc=69.38%  [2.3s]
2026-04-30 23:50:53 | DEBUG    | reduction | Scaler fitted on 639 samples, 166 features
2026-04-30 23:50:53 | DEBUG    | reduction | PCA: 166 → 83 components (95% var)
2026-04-30 23:50:55 | INFO     | cross_validation |   Fold 3/5: train=639 (orig=639, aug=0), val=160, acc=64.38%  [2.4s]
2026-04-30 23:50:55 | DEBUG    | reduction | Scaler fitted on 639 samples, 166 features
2026-04-30 23:50:55 | DEBUG    | reduction | PCA: 166 → 83 components (95% var)
2026-04-30 23:50:57 | INFO     | cross_validation |   Fold 4/5: train=639 (orig=639, aug=0), val=160, acc=67.50%  [2.3s]
2026-04-30 23:50:57 | DEBUG    | reduction | Scaler fitted on 640 samples, 166 features
2026-04-30 23:50:57 | DEBUG    | reduction | PCA: 166 → 82 components (95% var)
2026-04-30 23:51:00 | INFO     | cross_validation |   Fold 5/5: train=640 (orig=640, aug=0), val=159, acc=64.15%  [2.3s]
2026-04-30 23:51:00 | INFO     | cross_validation |   CV result: 66.83% ± 2.18%
2026-04-30 23:51:00 | INFO     | cross_validation |   Combo 10/12: {'max_features': 'log2', 'min_samples_split': 5, 'n_estimators': 100}
2026-04-30 23:51:00 | DEBUG    | reduction | Scaler fitted on 639 samples, 166 features
2026-04-30 23:51:00 | DEBUG    | reduction | PCA: 166 → 82 components (95% var)
2026-04-30 23:51:01 | INFO     | cross_validation |   Fold 1/5: train=639 (orig=639, aug=0), val=160, acc=64.38%  [1.2s]
2026-04-30 23:51:01 | DEBUG    | reduction | Scaler fitted on 639 samples, 166 features
2026-04-30 23:51:01 | DEBUG    | reduction | PCA: 166 → 83 components (95% var)
2026-04-30 23:51:02 | INFO     | cross_validation |   Fold 2/5: train=639 (orig=639, aug=0), val=160, acc=60.00%  [1.1s]
2026-04-30 23:51:02 | DEBUG    | reduction | Scaler fitted on 639 samples, 166 features
2026-04-30 23:51:03 | DEBUG    | reduction | PCA: 166 → 83 components (95% var)
2026-04-30 23:51:03 | INFO     | cross_validation |   Fold 3/5: train=639 (orig=639, aug=0), val=160, acc=62.50%  [1.1s]
2026-04-30 23:51:03 | DEBUG    | reduction | Scaler fitted on 639 samples, 166 features
2026-04-30 23:51:03 | DEBUG    | reduction | PCA: 166 → 83 components (95% var)
2026-04-30 23:51:04 | INFO     | cross_validation |   Fold 4/5: train=639 (orig=639, aug=0), val=160, acc=59.38%  [0.8s]
2026-04-30 23:51:04 | DEBUG    | reduction | Scaler fitted on 640 samples, 166 features
2026-04-30 23:51:04 | DEBUG    | reduction | PCA: 166 → 82 components (95% var)
2026-04-30 23:51:04 | INFO     | cross_validation |   Fold 5/5: train=640 (orig=640, aug=0), val=159, acc=59.75%  [0.6s]
2026-04-30 23:51:04 | INFO     | cross_validation |   CV result: 61.20% ± 1.93%
2026-04-30 23:51:04 | INFO     | cross_validation |   Combo 11/12: {'max_features': 'log2', 'min_samples_split': 5, 'n_estimators': 300}
2026-04-30 23:51:04 | DEBUG    | reduction | Scaler fitted on 639 samples, 166 features
2026-04-30 23:51:05 | DEBUG    | reduction | PCA: 166 → 82 components (95% var)
2026-04-30 23:51:06 | INFO     | cross_validation |   Fold 1/5: train=639 (orig=639, aug=0), val=160, acc=64.38%  [1.7s]
2026-04-30 23:51:06 | DEBUG    | reduction | Scaler fitted on 639 samples, 166 features
2026-04-30 23:51:06 | DEBUG    | reduction | PCA: 166 → 83 components (95% var)
2026-04-30 23:51:08 | INFO     | cross_validation |   Fold 2/5: train=639 (orig=639, aug=0), val=160, acc=64.38%  [1.7s]
2026-04-30 23:51:08 | DEBUG    | reduction | Scaler fitted on 639 samples, 166 features
2026-04-30 23:51:08 | DEBUG    | reduction | PCA: 166 → 83 components (95% var)
2026-04-30 23:51:10 | INFO     | cross_validation |   Fold 3/5: train=639 (orig=639, aug=0), val=160, acc=66.25%  [2.0s]
2026-04-30 23:51:10 | DEBUG    | reduction | Scaler fitted on 639 samples, 166 features
2026-04-30 23:51:10 | DEBUG    | reduction | PCA: 166 → 83 components (95% var)
2026-04-30 23:51:12 | INFO     | cross_validation |   Fold 4/5: train=639 (orig=639, aug=0), val=160, acc=65.62%  [1.9s]
2026-04-30 23:51:12 | DEBUG    | reduction | Scaler fitted on 640 samples, 166 features
2026-04-30 23:51:12 | DEBUG    | reduction | PCA: 166 → 82 components (95% var)
2026-04-30 23:51:13 | INFO     | cross_validation |   Fold 5/5: train=640 (orig=640, aug=0), val=159, acc=61.64%  [1.4s]
2026-04-30 23:51:13 | INFO     | cross_validation |   CV result: 64.45% ± 1.58%
2026-04-30 23:51:13 | INFO     | cross_validation |   Combo 12/12: {'max_features': 'log2', 'min_samples_split': 5, 'n_estimators': 500}
2026-04-30 23:51:13 | DEBUG    | reduction | Scaler fitted on 639 samples, 166 features
2026-04-30 23:51:13 | DEBUG    | reduction | PCA: 166 → 82 components (95% var)
2026-04-30 23:51:15 | INFO     | cross_validation |   Fold 1/5: train=639 (orig=639, aug=0), val=160, acc=66.88%  [2.1s]
2026-04-30 23:51:15 | DEBUG    | reduction | Scaler fitted on 639 samples, 166 features
2026-04-30 23:51:15 | DEBUG    | reduction | PCA: 166 → 83 components (95% var)
2026-04-30 23:51:19 | INFO     | cross_validation |   Fold 2/5: train=639 (orig=639, aug=0), val=160, acc=66.25%  [2.2s]
2026-04-30 23:51:19 | DEBUG    | reduction | Scaler fitted on 639 samples, 166 features
2026-04-30 23:51:19 | DEBUG    | reduction | PCA: 166 → 83 components (95% var)
2026-04-30 23:51:21 | INFO     | cross_validation |   Fold 3/5: train=639 (orig=639, aug=0), val=160, acc=68.12%  [2.1s]
2026-04-30 23:51:21 | DEBUG    | reduction | Scaler fitted on 639 samples, 166 features
2026-04-30 23:51:22 | DEBUG    | reduction | PCA: 166 → 83 components (95% var)
2026-04-30 23:51:24 | INFO     | cross_validation |   Fold 4/5: train=639 (orig=639, aug=0), val=160, acc=68.12%  [2.9s]
2026-04-30 23:51:24 | DEBUG    | reduction | Scaler fitted on 640 samples, 166 features
2026-04-30 23:51:24 | DEBUG    | reduction | PCA: 166 → 82 components (95% var)
2026-04-30 23:51:26 | INFO     | cross_validation |   Fold 5/5: train=640 (orig=640, aug=0), val=159, acc=61.64%  [2.3s]
2026-04-30 23:51:26 | INFO     | cross_validation |   CV result: 66.20% ± 2.40%
2026-04-30 23:51:26 | INFO     | cross_validation |   Best params: {'max_features': 'log2', 'min_samples_split': 2, 'n_estimators': 500}
2026-04-30 23:51:26 | INFO     | cross_validation |   Best CV: 66.83% ± 2.18%
2026-04-30 23:51:26 | INFO     | cross_validation | ✓ grid_search_cv finished in 98.9s
2026-04-30 23:51:26 | INFO     | main | ────────────────────────────────────────────────────────────
2026-04-30 23:51:26 | INFO     | main |   Random Forest [lda, aug]
2026-04-30 23:51:26 | INFO     | main | ────────────────────────────────────────────────────────────
2026-04-30 23:51:26 | INFO     | cross_validation | → grid_search_cv started
2026-04-30 23:51:26 | INFO     | cross_validation | Grid search: 12 parameter combinations × 5 folds
2026-04-30 23:51:26 | INFO     | cross_validation |   Combo 1/12: {'max_features': 'sqrt', 'min_samples_split': 2, 'n_estimators': 100}
2026-04-30 23:51:26 | DEBUG    | reduction | Scaler fitted on 639 samples, 166 features
2026-04-30 23:51:26 | DEBUG    | reduction | LDA: 166 → 9 discriminant components
2026-04-30 23:51:27 | INFO     | cross_validation |   Fold 1/5: train=1917 (orig=639, aug=1278), val=160, acc=65.00%  [0.6s]
2026-04-30 23:51:27 | DEBUG    | reduction | Scaler fitted on 639 samples, 166 features
2026-04-30 23:51:27 | DEBUG    | reduction | LDA: 166 → 9 discriminant components
2026-04-30 23:51:27 | INFO     | cross_validation |   Fold 2/5: train=1917 (orig=639, aug=1278), val=160, acc=68.75%  [0.6s]
2026-04-30 23:51:27 | DEBUG    | reduction | Scaler fitted on 639 samples, 166 features
2026-04-30 23:51:27 | DEBUG    | reduction | LDA: 166 → 9 discriminant components
2026-04-30 23:51:28 | INFO     | cross_validation |   Fold 3/5: train=1917 (orig=639, aug=1278), val=160, acc=72.50%  [0.6s]
2026-04-30 23:51:28 | DEBUG    | reduction | Scaler fitted on 639 samples, 166 features
2026-04-30 23:51:28 | DEBUG    | reduction | LDA: 166 → 9 discriminant components
2026-04-30 23:51:28 | INFO     | cross_validation |   Fold 4/5: train=1917 (orig=639, aug=1278), val=160, acc=68.75%  [0.5s]
2026-04-30 23:51:28 | DEBUG    | reduction | Scaler fitted on 640 samples, 166 features
2026-04-30 23:51:28 | DEBUG    | reduction | LDA: 166 → 9 discriminant components
2026-04-30 23:51:29 | INFO     | cross_validation |   Fold 5/5: train=1920 (orig=640, aug=1280), val=159, acc=74.21%  [0.6s]
2026-04-30 23:51:29 | INFO     | cross_validation |   CV result: 69.84% ± 3.23%
2026-04-30 23:51:29 | INFO     | cross_validation |   Combo 2/12: {'max_features': 'sqrt', 'min_samples_split': 2, 'n_estimators': 300}
2026-04-30 23:51:29 | DEBUG    | reduction | Scaler fitted on 639 samples, 166 features
2026-04-30 23:51:29 | DEBUG    | reduction | LDA: 166 → 9 discriminant components
2026-04-30 23:51:31 | INFO     | cross_validation |   Fold 1/5: train=1917 (orig=639, aug=1278), val=160, acc=65.00%  [1.8s]
2026-04-30 23:51:31 | DEBUG    | reduction | Scaler fitted on 639 samples, 166 features
2026-04-30 23:51:31 | DEBUG    | reduction | LDA: 166 → 9 discriminant components
2026-04-30 23:51:32 | INFO     | cross_validation |   Fold 2/5: train=1917 (orig=639, aug=1278), val=160, acc=71.25%  [1.6s]
2026-04-30 23:51:32 | DEBUG    | reduction | Scaler fitted on 639 samples, 166 features
2026-04-30 23:51:33 | DEBUG    | reduction | LDA: 166 → 9 discriminant components
2026-04-30 23:51:34 | INFO     | cross_validation |   Fold 3/5: train=1917 (orig=639, aug=1278), val=160, acc=72.50%  [1.7s]
2026-04-30 23:51:34 | DEBUG    | reduction | Scaler fitted on 639 samples, 166 features
2026-04-30 23:51:34 | DEBUG    | reduction | LDA: 166 → 9 discriminant components
2026-04-30 23:51:36 | INFO     | cross_validation |   Fold 4/5: train=1917 (orig=639, aug=1278), val=160, acc=70.00%  [1.7s]
2026-04-30 23:51:36 | DEBUG    | reduction | Scaler fitted on 640 samples, 166 features
2026-04-30 23:51:36 | DEBUG    | reduction | LDA: 166 → 9 discriminant components
2026-04-30 23:51:38 | INFO     | cross_validation |   Fold 5/5: train=1920 (orig=640, aug=1280), val=159, acc=74.84%  [1.7s]
2026-04-30 23:51:38 | INFO     | cross_validation |   CV result: 70.72% ± 3.28%
2026-04-30 23:51:38 | INFO     | cross_validation |   Combo 3/12: {'max_features': 'sqrt', 'min_samples_split': 2, 'n_estimators': 500}
2026-04-30 23:51:38 | DEBUG    | reduction | Scaler fitted on 639 samples, 166 features
2026-04-30 23:51:38 | DEBUG    | reduction | LDA: 166 → 9 discriminant components
2026-04-30 23:51:40 | INFO     | cross_validation |   Fold 1/5: train=1917 (orig=639, aug=1278), val=160, acc=65.00%  [2.2s]
2026-04-30 23:51:40 | DEBUG    | reduction | Scaler fitted on 639 samples, 166 features
2026-04-30 23:51:40 | DEBUG    | reduction | LDA: 166 → 9 discriminant components
2026-04-30 23:51:42 | INFO     | cross_validation |   Fold 2/5: train=1917 (orig=639, aug=1278), val=160, acc=70.62%  [2.5s]
2026-04-30 23:51:42 | DEBUG    | reduction | Scaler fitted on 639 samples, 166 features
2026-04-30 23:51:43 | DEBUG    | reduction | LDA: 166 → 9 discriminant components
2026-04-30 23:51:45 | INFO     | cross_validation |   Fold 3/5: train=1917 (orig=639, aug=1278), val=160, acc=70.00%  [2.6s]
2026-04-30 23:51:45 | DEBUG    | reduction | Scaler fitted on 639 samples, 166 features
2026-04-30 23:51:45 | DEBUG    | reduction | LDA: 166 → 9 discriminant components
2026-04-30 23:51:47 | INFO     | cross_validation |   Fold 4/5: train=1917 (orig=639, aug=1278), val=160, acc=70.62%  [2.4s]
2026-04-30 23:51:47 | DEBUG    | reduction | Scaler fitted on 640 samples, 166 features
2026-04-30 23:51:47 | DEBUG    | reduction | LDA: 166 → 9 discriminant components
2026-04-30 23:51:51 | INFO     | cross_validation |   Fold 5/5: train=1920 (orig=640, aug=1280), val=159, acc=74.84%  [2.2s]
2026-04-30 23:51:51 | INFO     | cross_validation |   CV result: 70.22% ± 3.13%
2026-04-30 23:51:51 | INFO     | cross_validation |   Combo 4/12: {'max_features': 'sqrt', 'min_samples_split': 5, 'n_estimators': 100}
2026-04-30 23:51:51 | DEBUG    | reduction | Scaler fitted on 639 samples, 166 features
2026-04-30 23:51:51 | DEBUG    | reduction | LDA: 166 → 9 discriminant components
2026-04-30 23:51:52 | INFO     | cross_validation |   Fold 1/5: train=1917 (orig=639, aug=1278), val=160, acc=63.75%  [0.6s]
2026-04-30 23:51:52 | DEBUG    | reduction | Scaler fitted on 639 samples, 166 features
2026-04-30 23:51:52 | DEBUG    | reduction | LDA: 166 → 9 discriminant components
2026-04-30 23:51:52 | INFO     | cross_validation |   Fold 2/5: train=1917 (orig=639, aug=1278), val=160, acc=69.38%  [0.6s]
2026-04-30 23:51:52 | DEBUG    | reduction | Scaler fitted on 639 samples, 166 features
2026-04-30 23:51:52 | DEBUG    | reduction | LDA: 166 → 9 discriminant components
2026-04-30 23:51:53 | INFO     | cross_validation |   Fold 3/5: train=1917 (orig=639, aug=1278), val=160, acc=71.88%  [0.6s]
2026-04-30 23:51:53 | DEBUG    | reduction | Scaler fitted on 639 samples, 166 features
2026-04-30 23:51:53 | DEBUG    | reduction | LDA: 166 → 9 discriminant components
2026-04-30 23:51:53 | INFO     | cross_validation |   Fold 4/5: train=1917 (orig=639, aug=1278), val=160, acc=71.88%  [0.6s]
2026-04-30 23:51:53 | DEBUG    | reduction | Scaler fitted on 640 samples, 166 features
2026-04-30 23:51:53 | DEBUG    | reduction | LDA: 166 → 9 discriminant components
2026-04-30 23:51:54 | INFO     | cross_validation |   Fold 5/5: train=1920 (orig=640, aug=1280), val=159, acc=74.84%  [0.6s]
2026-04-30 23:51:54 | INFO     | cross_validation |   CV result: 70.34% ± 3.72%
2026-04-30 23:51:54 | INFO     | cross_validation |   Combo 5/12: {'max_features': 'sqrt', 'min_samples_split': 5, 'n_estimators': 300}
2026-04-30 23:51:54 | DEBUG    | reduction | Scaler fitted on 639 samples, 166 features
2026-04-30 23:51:54 | DEBUG    | reduction | LDA: 166 → 9 discriminant components
2026-04-30 23:51:56 | INFO     | cross_validation |   Fold 1/5: train=1917 (orig=639, aug=1278), val=160, acc=63.12%  [1.7s]
2026-04-30 23:51:56 | DEBUG    | reduction | Scaler fitted on 639 samples, 166 features
2026-04-30 23:51:56 | DEBUG    | reduction | LDA: 166 → 9 discriminant components
2026-04-30 23:51:57 | INFO     | cross_validation |   Fold 2/5: train=1917 (orig=639, aug=1278), val=160, acc=71.88%  [1.5s]
2026-04-30 23:51:57 | DEBUG    | reduction | Scaler fitted on 639 samples, 166 features
2026-04-30 23:51:57 | DEBUG    | reduction | LDA: 166 → 9 discriminant components
2026-04-30 23:51:59 | INFO     | cross_validation |   Fold 3/5: train=1917 (orig=639, aug=1278), val=160, acc=71.88%  [1.5s]
2026-04-30 23:51:59 | DEBUG    | reduction | Scaler fitted on 639 samples, 166 features
2026-04-30 23:52:00 | DEBUG    | reduction | LDA: 166 → 9 discriminant components
2026-04-30 23:52:01 | INFO     | cross_validation |   Fold 4/5: train=1917 (orig=639, aug=1278), val=160, acc=71.88%  [2.5s]
2026-04-30 23:52:01 | DEBUG    | reduction | Scaler fitted on 640 samples, 166 features
2026-04-30 23:52:02 | DEBUG    | reduction | LDA: 166 → 9 discriminant components
2026-04-30 23:52:04 | INFO     | cross_validation |   Fold 5/5: train=1920 (orig=640, aug=1280), val=159, acc=75.47%  [2.6s]
2026-04-30 23:52:04 | INFO     | cross_validation |   CV result: 70.84% ± 4.10%
2026-04-30 23:52:04 | INFO     | cross_validation |   Combo 6/12: {'max_features': 'sqrt', 'min_samples_split': 5, 'n_estimators': 500}
2026-04-30 23:52:04 | DEBUG    | reduction | Scaler fitted on 639 samples, 166 features
2026-04-30 23:52:04 | DEBUG    | reduction | LDA: 166 → 9 discriminant components
2026-04-30 23:52:07 | INFO     | cross_validation |   Fold 1/5: train=1917 (orig=639, aug=1278), val=160, acc=65.62%  [3.0s]
2026-04-30 23:52:07 | DEBUG    | reduction | Scaler fitted on 639 samples, 166 features
2026-04-30 23:52:07 | DEBUG    | reduction | LDA: 166 → 9 discriminant components
2026-04-30 23:52:09 | INFO     | cross_validation |   Fold 2/5: train=1917 (orig=639, aug=1278), val=160, acc=71.25%  [2.5s]
2026-04-30 23:52:09 | DEBUG    | reduction | Scaler fitted on 639 samples, 166 features
2026-04-30 23:52:10 | DEBUG    | reduction | LDA: 166 → 9 discriminant components
2026-04-30 23:52:12 | INFO     | cross_validation |   Fold 3/5: train=1917 (orig=639, aug=1278), val=160, acc=70.62%  [2.7s]
2026-04-30 23:52:12 | DEBUG    | reduction | Scaler fitted on 639 samples, 166 features
2026-04-30 23:52:12 | DEBUG    | reduction | LDA: 166 → 9 discriminant components
2026-04-30 23:52:14 | INFO     | cross_validation |   Fold 4/5: train=1917 (orig=639, aug=1278), val=160, acc=70.62%  [2.3s]
2026-04-30 23:52:14 | DEBUG    | reduction | Scaler fitted on 640 samples, 166 features
2026-04-30 23:52:15 | DEBUG    | reduction | LDA: 166 → 9 discriminant components
2026-04-30 23:52:17 | INFO     | cross_validation |   Fold 5/5: train=1920 (orig=640, aug=1280), val=159, acc=73.58%  [2.4s]
2026-04-30 23:52:17 | INFO     | cross_validation |   CV result: 70.34% ± 2.60%
2026-04-30 23:52:17 | INFO     | cross_validation |   Combo 7/12: {'max_features': 'log2', 'min_samples_split': 2, 'n_estimators': 100}
2026-04-30 23:52:17 | DEBUG    | reduction | Scaler fitted on 639 samples, 166 features
2026-04-30 23:52:17 | DEBUG    | reduction | LDA: 166 → 9 discriminant components
2026-04-30 23:52:18 | INFO     | cross_validation |   Fold 1/5: train=1917 (orig=639, aug=1278), val=160, acc=65.00%  [0.8s]
2026-04-30 23:52:18 | DEBUG    | reduction | Scaler fitted on 639 samples, 166 features
2026-04-30 23:52:18 | DEBUG    | reduction | LDA: 166 → 9 discriminant components
2026-04-30 23:52:18 | INFO     | cross_validation |   Fold 2/5: train=1917 (orig=639, aug=1278), val=160, acc=68.75%  [0.8s]
2026-04-30 23:52:18 | DEBUG    | reduction | Scaler fitted on 639 samples, 166 features
2026-04-30 23:52:19 | DEBUG    | reduction | LDA: 166 → 9 discriminant components
2026-04-30 23:52:19 | INFO     | cross_validation |   Fold 3/5: train=1917 (orig=639, aug=1278), val=160, acc=72.50%  [0.8s]
2026-04-30 23:52:19 | DEBUG    | reduction | Scaler fitted on 639 samples, 166 features
2026-04-30 23:52:19 | DEBUG    | reduction | LDA: 166 → 9 discriminant components
2026-04-30 23:52:20 | INFO     | cross_validation |   Fold 4/5: train=1917 (orig=639, aug=1278), val=160, acc=68.75%  [0.8s]
2026-04-30 23:52:20 | DEBUG    | reduction | Scaler fitted on 640 samples, 166 features
2026-04-30 23:52:20 | DEBUG    | reduction | LDA: 166 → 9 discriminant components
2026-04-30 23:52:21 | INFO     | cross_validation |   Fold 5/5: train=1920 (orig=640, aug=1280), val=159, acc=74.21%  [1.0s]
2026-04-30 23:52:21 | INFO     | cross_validation |   CV result: 69.84% ± 3.23%
2026-04-30 23:52:21 | INFO     | cross_validation |   Combo 8/12: {'max_features': 'log2', 'min_samples_split': 2, 'n_estimators': 300}
2026-04-30 23:52:21 | DEBUG    | reduction | Scaler fitted on 639 samples, 166 features
2026-04-30 23:52:22 | DEBUG    | reduction | LDA: 166 → 9 discriminant components
2026-04-30 23:52:26 | INFO     | cross_validation |   Fold 1/5: train=1917 (orig=639, aug=1278), val=160, acc=65.00%  [2.0s]
2026-04-30 23:52:26 | DEBUG    | reduction | Scaler fitted on 639 samples, 166 features
2026-04-30 23:52:26 | DEBUG    | reduction | LDA: 166 → 9 discriminant components
2026-04-30 23:52:28 | INFO     | cross_validation |   Fold 2/5: train=1917 (orig=639, aug=1278), val=160, acc=71.25%  [2.2s]
2026-04-30 23:52:28 | DEBUG    | reduction | Scaler fitted on 639 samples, 166 features
2026-04-30 23:52:28 | DEBUG    | reduction | LDA: 166 → 9 discriminant components
2026-04-30 23:52:30 | INFO     | cross_validation |   Fold 3/5: train=1917 (orig=639, aug=1278), val=160, acc=72.50%  [1.9s]
2026-04-30 23:52:30 | DEBUG    | reduction | Scaler fitted on 639 samples, 166 features
2026-04-30 23:52:31 | DEBUG    | reduction | LDA: 166 → 9 discriminant components
2026-04-30 23:52:33 | INFO     | cross_validation |   Fold 4/5: train=1917 (orig=639, aug=1278), val=160, acc=70.00%  [3.0s]
2026-04-30 23:52:33 | DEBUG    | reduction | Scaler fitted on 640 samples, 166 features
2026-04-30 23:52:34 | DEBUG    | reduction | LDA: 166 → 9 discriminant components
2026-04-30 23:52:35 | INFO     | cross_validation |   Fold 5/5: train=1920 (orig=640, aug=1280), val=159, acc=74.84%  [2.2s]
2026-04-30 23:52:35 | INFO     | cross_validation |   CV result: 70.72% ± 3.28%
2026-04-30 23:52:35 | INFO     | cross_validation |   Combo 9/12: {'max_features': 'log2', 'min_samples_split': 2, 'n_estimators': 500}
2026-04-30 23:52:35 | DEBUG    | reduction | Scaler fitted on 639 samples, 166 features
2026-04-30 23:52:35 | DEBUG    | reduction | LDA: 166 → 9 discriminant components
2026-04-30 23:52:38 | INFO     | cross_validation |   Fold 1/5: train=1917 (orig=639, aug=1278), val=160, acc=65.00%  [2.4s]
2026-04-30 23:52:38 | DEBUG    | reduction | Scaler fitted on 639 samples, 166 features
2026-04-30 23:52:38 | DEBUG    | reduction | LDA: 166 → 9 discriminant components
2026-04-30 23:52:40 | INFO     | cross_validation |   Fold 2/5: train=1917 (orig=639, aug=1278), val=160, acc=70.62%  [2.9s]
2026-04-30 23:52:40 | DEBUG    | reduction | Scaler fitted on 639 samples, 166 features
2026-04-30 23:52:41 | DEBUG    | reduction | LDA: 166 → 9 discriminant components
2026-04-30 23:52:43 | INFO     | cross_validation |   Fold 3/5: train=1917 (orig=639, aug=1278), val=160, acc=70.00%  [2.7s]
2026-04-30 23:52:43 | DEBUG    | reduction | Scaler fitted on 639 samples, 166 features
2026-04-30 23:52:43 | DEBUG    | reduction | LDA: 166 → 9 discriminant components
2026-04-30 23:52:45 | INFO     | cross_validation |   Fold 4/5: train=1917 (orig=639, aug=1278), val=160, acc=70.62%  [2.3s]
2026-04-30 23:52:45 | DEBUG    | reduction | Scaler fitted on 640 samples, 166 features
2026-04-30 23:52:46 | DEBUG    | reduction | LDA: 166 → 9 discriminant components
2026-04-30 23:52:48 | INFO     | cross_validation |   Fold 5/5: train=1920 (orig=640, aug=1280), val=159, acc=74.84%  [2.3s]
2026-04-30 23:52:48 | INFO     | cross_validation |   CV result: 70.22% ± 3.13%
2026-04-30 23:52:48 | INFO     | cross_validation |   Combo 10/12: {'max_features': 'log2', 'min_samples_split': 5, 'n_estimators': 100}
2026-04-30 23:52:48 | DEBUG    | reduction | Scaler fitted on 639 samples, 166 features
2026-04-30 23:52:48 | DEBUG    | reduction | LDA: 166 → 9 discriminant components
2026-04-30 23:52:48 | INFO     | cross_validation |   Fold 1/5: train=1917 (orig=639, aug=1278), val=160, acc=63.75%  [0.6s]
2026-04-30 23:52:48 | DEBUG    | reduction | Scaler fitted on 639 samples, 166 features
2026-04-30 23:52:49 | DEBUG    | reduction | LDA: 166 → 9 discriminant components
2026-04-30 23:52:49 | INFO     | cross_validation |   Fold 2/5: train=1917 (orig=639, aug=1278), val=160, acc=69.38%  [1.0s]
2026-04-30 23:52:49 | DEBUG    | reduction | Scaler fitted on 639 samples, 166 features
2026-04-30 23:52:50 | DEBUG    | reduction | LDA: 166 → 9 discriminant components
2026-04-30 23:52:50 | INFO     | cross_validation |   Fold 3/5: train=1917 (orig=639, aug=1278), val=160, acc=71.88%  [0.6s]
2026-04-30 23:52:50 | DEBUG    | reduction | Scaler fitted on 639 samples, 166 features
2026-04-30 23:52:50 | DEBUG    | reduction | LDA: 166 → 9 discriminant components
2026-04-30 23:52:51 | INFO     | cross_validation |   Fold 4/5: train=1917 (orig=639, aug=1278), val=160, acc=71.88%  [0.6s]
2026-04-30 23:52:51 | DEBUG    | reduction | Scaler fitted on 640 samples, 166 features
2026-04-30 23:52:51 | DEBUG    | reduction | LDA: 166 → 9 discriminant components
2026-04-30 23:52:51 | INFO     | cross_validation |   Fold 5/5: train=1920 (orig=640, aug=1280), val=159, acc=74.84%  [0.8s]
2026-04-30 23:52:51 | INFO     | cross_validation |   CV result: 70.34% ± 3.72%
2026-04-30 23:52:51 | INFO     | cross_validation |   Combo 11/12: {'max_features': 'log2', 'min_samples_split': 5, 'n_estimators': 300}
2026-04-30 23:52:51 | DEBUG    | reduction | Scaler fitted on 639 samples, 166 features
2026-04-30 23:52:52 | DEBUG    | reduction | LDA: 166 → 9 discriminant components
2026-04-30 23:52:53 | INFO     | cross_validation |   Fold 1/5: train=1917 (orig=639, aug=1278), val=160, acc=63.12%  [1.4s]
2026-04-30 23:52:53 | DEBUG    | reduction | Scaler fitted on 639 samples, 166 features
2026-04-30 23:52:53 | DEBUG    | reduction | LDA: 166 → 9 discriminant components
2026-04-30 23:52:54 | INFO     | cross_validation |   Fold 2/5: train=1917 (orig=639, aug=1278), val=160, acc=71.88%  [1.3s]
2026-04-30 23:52:54 | DEBUG    | reduction | Scaler fitted on 639 samples, 166 features
2026-04-30 23:52:54 | DEBUG    | reduction | LDA: 166 → 9 discriminant components
2026-04-30 23:52:56 | INFO     | cross_validation |   Fold 3/5: train=1917 (orig=639, aug=1278), val=160, acc=71.88%  [1.5s]
2026-04-30 23:52:56 | DEBUG    | reduction | Scaler fitted on 639 samples, 166 features
2026-04-30 23:52:56 | DEBUG    | reduction | LDA: 166 → 9 discriminant components
2026-04-30 23:52:57 | INFO     | cross_validation |   Fold 4/5: train=1917 (orig=639, aug=1278), val=160, acc=71.88%  [1.5s]
2026-04-30 23:52:57 | DEBUG    | reduction | Scaler fitted on 640 samples, 166 features
2026-04-30 23:52:57 | DEBUG    | reduction | LDA: 166 → 9 discriminant components
2026-04-30 23:53:00 | INFO     | cross_validation |   Fold 5/5: train=1920 (orig=640, aug=1280), val=159, acc=75.47%  [1.4s]
2026-04-30 23:53:00 | INFO     | cross_validation |   CV result: 70.84% ± 4.10%
2026-04-30 23:53:00 | INFO     | cross_validation |   Combo 12/12: {'max_features': 'log2', 'min_samples_split': 5, 'n_estimators': 500}
2026-04-30 23:53:00 | DEBUG    | reduction | Scaler fitted on 639 samples, 166 features
2026-04-30 23:53:00 | DEBUG    | reduction | LDA: 166 → 9 discriminant components
2026-04-30 23:53:02 | INFO     | cross_validation |   Fold 1/5: train=1917 (orig=639, aug=1278), val=160, acc=65.62%  [2.1s]
2026-04-30 23:53:02 | DEBUG    | reduction | Scaler fitted on 639 samples, 166 features
2026-04-30 23:53:03 | DEBUG    | reduction | LDA: 166 → 9 discriminant components
2026-04-30 23:53:05 | INFO     | cross_validation |   Fold 2/5: train=1917 (orig=639, aug=1278), val=160, acc=71.25%  [2.4s]
2026-04-30 23:53:05 | DEBUG    | reduction | Scaler fitted on 639 samples, 166 features
2026-04-30 23:53:05 | DEBUG    | reduction | LDA: 166 → 9 discriminant components
2026-04-30 23:53:07 | INFO     | cross_validation |   Fold 3/5: train=1917 (orig=639, aug=1278), val=160, acc=70.62%  [2.5s]
2026-04-30 23:53:07 | DEBUG    | reduction | Scaler fitted on 639 samples, 166 features
2026-04-30 23:53:08 | DEBUG    | reduction | LDA: 166 → 9 discriminant components
2026-04-30 23:53:10 | INFO     | cross_validation |   Fold 4/5: train=1917 (orig=639, aug=1278), val=160, acc=70.62%  [2.5s]
2026-04-30 23:53:10 | DEBUG    | reduction | Scaler fitted on 640 samples, 166 features
2026-04-30 23:53:10 | DEBUG    | reduction | LDA: 166 → 9 discriminant components
2026-04-30 23:53:12 | INFO     | cross_validation |   Fold 5/5: train=1920 (orig=640, aug=1280), val=159, acc=73.58%  [2.4s]
2026-04-30 23:53:12 | INFO     | cross_validation |   CV result: 70.34% ± 2.60%
2026-04-30 23:53:12 | INFO     | cross_validation |   Best params: {'max_features': 'sqrt', 'min_samples_split': 5, 'n_estimators': 300}
2026-04-30 23:53:12 | INFO     | cross_validation |   Best CV: 70.84% ± 4.10%
2026-04-30 23:53:12 | INFO     | cross_validation | ✓ grid_search_cv finished in 100.3s
2026-04-30 23:53:12 | INFO     | main | ────────────────────────────────────────────────────────────
2026-04-30 23:53:12 | INFO     | main |   Random Forest [lda, no-aug]
2026-04-30 23:53:12 | INFO     | main | ────────────────────────────────────────────────────────────
2026-04-30 23:53:12 | INFO     | cross_validation | → grid_search_cv started
2026-04-30 23:53:12 | INFO     | cross_validation | Grid search: 12 parameter combinations × 5 folds
2026-04-30 23:53:12 | INFO     | cross_validation |   Combo 1/12: {'max_features': 'sqrt', 'min_samples_split': 2, 'n_estimators': 100}
2026-04-30 23:53:12 | DEBUG    | reduction | Scaler fitted on 639 samples, 166 features
2026-04-30 23:53:12 | DEBUG    | reduction | LDA: 166 → 9 discriminant components
2026-04-30 23:53:13 | INFO     | cross_validation |   Fold 1/5: train=639 (orig=639, aug=0), val=160, acc=60.62%  [0.5s]
2026-04-30 23:53:13 | DEBUG    | reduction | Scaler fitted on 639 samples, 166 features
2026-04-30 23:53:13 | DEBUG    | reduction | LDA: 166 → 9 discriminant components
2026-04-30 23:53:13 | INFO     | cross_validation |   Fold 2/5: train=639 (orig=639, aug=0), val=160, acc=71.88%  [0.7s]
2026-04-30 23:53:13 | DEBUG    | reduction | Scaler fitted on 639 samples, 166 features
2026-04-30 23:53:13 | DEBUG    | reduction | LDA: 166 → 9 discriminant components
2026-04-30 23:53:14 | INFO     | cross_validation |   Fold 3/5: train=639 (orig=639, aug=0), val=160, acc=74.38%  [0.6s]
2026-04-30 23:53:14 | DEBUG    | reduction | Scaler fitted on 639 samples, 166 features
2026-04-30 23:53:14 | DEBUG    | reduction | LDA: 166 → 9 discriminant components
2026-04-30 23:53:15 | INFO     | cross_validation |   Fold 4/5: train=639 (orig=639, aug=0), val=160, acc=71.88%  [0.8s]
2026-04-30 23:53:15 | DEBUG    | reduction | Scaler fitted on 640 samples, 166 features
2026-04-30 23:53:15 | DEBUG    | reduction | LDA: 166 → 9 discriminant components
2026-04-30 23:53:15 | INFO     | cross_validation |   Fold 5/5: train=640 (orig=640, aug=0), val=159, acc=72.33%  [0.6s]
2026-04-30 23:53:15 | INFO     | cross_validation |   CV result: 70.22% ± 4.88%
2026-04-30 23:53:15 | INFO     | cross_validation |   Combo 2/12: {'max_features': 'sqrt', 'min_samples_split': 2, 'n_estimators': 300}
2026-04-30 23:53:15 | DEBUG    | reduction | Scaler fitted on 639 samples, 166 features
2026-04-30 23:53:15 | DEBUG    | reduction | LDA: 166 → 9 discriminant components
2026-04-30 23:53:17 | INFO     | cross_validation |   Fold 1/5: train=639 (orig=639, aug=0), val=160, acc=61.25%  [1.2s]
2026-04-30 23:53:17 | DEBUG    | reduction | Scaler fitted on 639 samples, 166 features
2026-04-30 23:53:17 | DEBUG    | reduction | LDA: 166 → 9 discriminant components
2026-04-30 23:53:18 | INFO     | cross_validation |   Fold 2/5: train=639 (orig=639, aug=0), val=160, acc=73.12%  [1.2s]
2026-04-30 23:53:18 | DEBUG    | reduction | Scaler fitted on 639 samples, 166 features
2026-04-30 23:53:18 | DEBUG    | reduction | LDA: 166 → 9 discriminant components
2026-04-30 23:53:19 | INFO     | cross_validation |   Fold 3/5: train=639 (orig=639, aug=0), val=160, acc=74.38%  [1.3s]
2026-04-30 23:53:19 | DEBUG    | reduction | Scaler fitted on 639 samples, 166 features
2026-04-30 23:53:19 | DEBUG    | reduction | LDA: 166 → 9 discriminant components
2026-04-30 23:53:20 | INFO     | cross_validation |   Fold 4/5: train=639 (orig=639, aug=0), val=160, acc=72.50%  [1.2s]
2026-04-30 23:53:20 | DEBUG    | reduction | Scaler fitted on 640 samples, 166 features
2026-04-30 23:53:20 | DEBUG    | reduction | LDA: 166 → 9 discriminant components
2026-04-30 23:53:22 | INFO     | cross_validation |   Fold 5/5: train=640 (orig=640, aug=0), val=159, acc=72.33%  [1.3s]
2026-04-30 23:53:22 | INFO     | cross_validation |   CV result: 70.72% ± 4.79%
2026-04-30 23:53:22 | INFO     | cross_validation |   Combo 3/12: {'max_features': 'sqrt', 'min_samples_split': 2, 'n_estimators': 500}
2026-04-30 23:53:22 | DEBUG    | reduction | Scaler fitted on 639 samples, 166 features
2026-04-30 23:53:22 | DEBUG    | reduction | LDA: 166 → 9 discriminant components
2026-04-30 23:53:24 | INFO     | cross_validation |   Fold 1/5: train=639 (orig=639, aug=0), val=160, acc=60.62%  [1.9s]
2026-04-30 23:53:24 | DEBUG    | reduction | Scaler fitted on 639 samples, 166 features
2026-04-30 23:53:24 | DEBUG    | reduction | LDA: 166 → 9 discriminant components
2026-04-30 23:53:26 | INFO     | cross_validation |   Fold 2/5: train=639 (orig=639, aug=0), val=160, acc=73.12%  [2.0s]
2026-04-30 23:53:26 | DEBUG    | reduction | Scaler fitted on 639 samples, 166 features
2026-04-30 23:53:26 | DEBUG    | reduction | LDA: 166 → 9 discriminant components
2026-04-30 23:53:28 | INFO     | cross_validation |   Fold 3/5: train=639 (orig=639, aug=0), val=160, acc=75.62%  [2.0s]
2026-04-30 23:53:28 | DEBUG    | reduction | Scaler fitted on 639 samples, 166 features
2026-04-30 23:53:28 | DEBUG    | reduction | LDA: 166 → 9 discriminant components
2026-04-30 23:53:30 | INFO     | cross_validation |   Fold 4/5: train=639 (orig=639, aug=0), val=160, acc=71.88%  [2.4s]
2026-04-30 23:53:30 | DEBUG    | reduction | Scaler fitted on 640 samples, 166 features
2026-04-30 23:53:31 | DEBUG    | reduction | LDA: 166 → 9 discriminant components
2026-04-30 23:53:35 | INFO     | cross_validation |   Fold 5/5: train=640 (orig=640, aug=0), val=159, acc=74.21%  [2.6s]
2026-04-30 23:53:35 | INFO     | cross_validation |   CV result: 71.09% ± 5.38%
2026-04-30 23:53:35 | INFO     | cross_validation |   Combo 4/12: {'max_features': 'sqrt', 'min_samples_split': 5, 'n_estimators': 100}
2026-04-30 23:53:35 | DEBUG    | reduction | Scaler fitted on 639 samples, 166 features
2026-04-30 23:53:36 | DEBUG    | reduction | LDA: 166 → 9 discriminant components
2026-04-30 23:53:36 | INFO     | cross_validation |   Fold 1/5: train=639 (orig=639, aug=0), val=160, acc=61.88%  [0.7s]
2026-04-30 23:53:36 | DEBUG    | reduction | Scaler fitted on 639 samples, 166 features
2026-04-30 23:53:36 | DEBUG    | reduction | LDA: 166 → 9 discriminant components
2026-04-30 23:53:37 | INFO     | cross_validation |   Fold 2/5: train=639 (orig=639, aug=0), val=160, acc=70.00%  [0.6s]
2026-04-30 23:53:37 | DEBUG    | reduction | Scaler fitted on 639 samples, 166 features
2026-04-30 23:53:38 | DEBUG    | reduction | LDA: 166 → 9 discriminant components
2026-04-30 23:53:38 | INFO     | cross_validation |   Fold 3/5: train=639 (orig=639, aug=0), val=160, acc=73.12%  [1.6s]
2026-04-30 23:53:38 | DEBUG    | reduction | Scaler fitted on 639 samples, 166 features
2026-04-30 23:53:39 | DEBUG    | reduction | LDA: 166 → 9 discriminant components
2026-04-30 23:53:39 | INFO     | cross_validation |   Fold 4/5: train=639 (orig=639, aug=0), val=160, acc=70.00%  [0.8s]
2026-04-30 23:53:39 | DEBUG    | reduction | Scaler fitted on 640 samples, 166 features
2026-04-30 23:53:39 | DEBUG    | reduction | LDA: 166 → 9 discriminant components
2026-04-30 23:53:40 | INFO     | cross_validation |   Fold 5/5: train=640 (orig=640, aug=0), val=159, acc=71.07%  [0.6s]
2026-04-30 23:53:40 | INFO     | cross_validation |   CV result: 69.21% ± 3.84%
2026-04-30 23:53:40 | INFO     | cross_validation |   Combo 5/12: {'max_features': 'sqrt', 'min_samples_split': 5, 'n_estimators': 300}
2026-04-30 23:53:40 | DEBUG    | reduction | Scaler fitted on 639 samples, 166 features
2026-04-30 23:53:40 | DEBUG    | reduction | LDA: 166 → 9 discriminant components
2026-04-30 23:53:42 | INFO     | cross_validation |   Fold 1/5: train=639 (orig=639, aug=0), val=160, acc=60.62%  [1.8s]
2026-04-30 23:53:42 | DEBUG    | reduction | Scaler fitted on 639 samples, 166 features
2026-04-30 23:53:42 | DEBUG    | reduction | LDA: 166 → 9 discriminant components
2026-04-30 23:53:43 | INFO     | cross_validation |   Fold 2/5: train=639 (orig=639, aug=0), val=160, acc=72.50%  [1.4s]
2026-04-30 23:53:43 | DEBUG    | reduction | Scaler fitted on 639 samples, 166 features
2026-04-30 23:53:43 | DEBUG    | reduction | LDA: 166 → 9 discriminant components
2026-04-30 23:53:44 | INFO     | cross_validation |   Fold 3/5: train=639 (orig=639, aug=0), val=160, acc=74.38%  [1.5s]
2026-04-30 23:53:44 | DEBUG    | reduction | Scaler fitted on 639 samples, 166 features
2026-04-30 23:53:45 | DEBUG    | reduction | LDA: 166 → 9 discriminant components
2026-04-30 23:53:46 | INFO     | cross_validation |   Fold 4/5: train=639 (orig=639, aug=0), val=160, acc=71.25%  [1.3s]
2026-04-30 23:53:46 | DEBUG    | reduction | Scaler fitted on 640 samples, 166 features
2026-04-30 23:53:46 | DEBUG    | reduction | LDA: 166 → 9 discriminant components
2026-04-30 23:53:47 | INFO     | cross_validation |   Fold 5/5: train=640 (orig=640, aug=0), val=159, acc=72.96%  [1.3s]
2026-04-30 23:53:47 | INFO     | cross_validation |   CV result: 70.34% ± 4.96%
2026-04-30 23:53:47 | INFO     | cross_validation |   Combo 6/12: {'max_features': 'sqrt', 'min_samples_split': 5, 'n_estimators': 500}
2026-04-30 23:53:47 | DEBUG    | reduction | Scaler fitted on 639 samples, 166 features
2026-04-30 23:53:47 | DEBUG    | reduction | LDA: 166 → 9 discriminant components
2026-04-30 23:53:49 | INFO     | cross_validation |   Fold 1/5: train=639 (orig=639, aug=0), val=160, acc=61.88%  [2.2s]
2026-04-30 23:53:49 | DEBUG    | reduction | Scaler fitted on 639 samples, 166 features
2026-04-30 23:53:50 | DEBUG    | reduction | LDA: 166 → 9 discriminant components
2026-04-30 23:53:52 | INFO     | cross_validation |   Fold 2/5: train=639 (orig=639, aug=0), val=160, acc=72.50%  [2.4s]
2026-04-30 23:53:52 | DEBUG    | reduction | Scaler fitted on 639 samples, 166 features
2026-04-30 23:53:52 | DEBUG    | reduction | LDA: 166 → 9 discriminant components
2026-04-30 23:53:54 | INFO     | cross_validation |   Fold 3/5: train=639 (orig=639, aug=0), val=160, acc=74.38%  [2.1s]
2026-04-30 23:53:54 | DEBUG    | reduction | Scaler fitted on 639 samples, 166 features
2026-04-30 23:53:54 | DEBUG    | reduction | LDA: 166 → 9 discriminant components
2026-04-30 23:53:56 | INFO     | cross_validation |   Fold 4/5: train=639 (orig=639, aug=0), val=160, acc=71.88%  [2.1s]
2026-04-30 23:53:56 | DEBUG    | reduction | Scaler fitted on 640 samples, 166 features
2026-04-30 23:53:56 | DEBUG    | reduction | LDA: 166 → 9 discriminant components
2026-04-30 23:53:58 | INFO     | cross_validation |   Fold 5/5: train=640 (orig=640, aug=0), val=159, acc=72.33%  [1.9s]
2026-04-30 23:53:58 | INFO     | cross_validation |   CV result: 70.59% ± 4.44%
2026-04-30 23:53:58 | INFO     | cross_validation |   Combo 7/12: {'max_features': 'log2', 'min_samples_split': 2, 'n_estimators': 100}
2026-04-30 23:53:58 | DEBUG    | reduction | Scaler fitted on 639 samples, 166 features
2026-04-30 23:53:58 | DEBUG    | reduction | LDA: 166 → 9 discriminant components
2026-04-30 23:53:58 | INFO     | cross_validation |   Fold 1/5: train=639 (orig=639, aug=0), val=160, acc=60.62%  [0.5s]
2026-04-30 23:53:58 | DEBUG    | reduction | Scaler fitted on 639 samples, 166 features
2026-04-30 23:53:59 | DEBUG    | reduction | LDA: 166 → 9 discriminant components
2026-04-30 23:53:59 | INFO     | cross_validation |   Fold 2/5: train=639 (orig=639, aug=0), val=160, acc=71.88%  [0.8s]
2026-04-30 23:53:59 | DEBUG    | reduction | Scaler fitted on 639 samples, 166 features
2026-04-30 23:54:00 | DEBUG    | reduction | LDA: 166 → 9 discriminant components
2026-04-30 23:54:00 | INFO     | cross_validation |   Fold 3/5: train=639 (orig=639, aug=0), val=160, acc=74.38%  [1.1s]
2026-04-30 23:54:00 | DEBUG    | reduction | Scaler fitted on 639 samples, 166 features
2026-04-30 23:54:01 | DEBUG    | reduction | LDA: 166 → 9 discriminant components
2026-04-30 23:54:01 | INFO     | cross_validation |   Fold 4/5: train=639 (orig=639, aug=0), val=160, acc=71.88%  [0.8s]
2026-04-30 23:54:01 | DEBUG    | reduction | Scaler fitted on 640 samples, 166 features
2026-04-30 23:54:02 | DEBUG    | reduction | LDA: 166 → 9 discriminant components
2026-04-30 23:54:02 | INFO     | cross_validation |   Fold 5/5: train=640 (orig=640, aug=0), val=159, acc=72.33%  [1.1s]
2026-04-30 23:54:02 | INFO     | cross_validation |   CV result: 70.22% ± 4.88%
2026-04-30 23:54:02 | INFO     | cross_validation |   Combo 8/12: {'max_features': 'log2', 'min_samples_split': 2, 'n_estimators': 300}
2026-04-30 23:54:02 | DEBUG    | reduction | Scaler fitted on 639 samples, 166 features
2026-04-30 23:54:03 | DEBUG    | reduction | LDA: 166 → 9 discriminant components
2026-04-30 23:54:04 | INFO     | cross_validation |   Fold 1/5: train=639 (orig=639, aug=0), val=160, acc=61.25%  [1.7s]
2026-04-30 23:54:04 | DEBUG    | reduction | Scaler fitted on 639 samples, 166 features
2026-04-30 23:54:04 | DEBUG    | reduction | LDA: 166 → 9 discriminant components
2026-04-30 23:54:05 | INFO     | cross_validation |   Fold 2/5: train=639 (orig=639, aug=0), val=160, acc=73.12%  [1.3s]
2026-04-30 23:54:05 | DEBUG    | reduction | Scaler fitted on 639 samples, 166 features
2026-04-30 23:54:05 | DEBUG    | reduction | LDA: 166 → 9 discriminant components
2026-04-30 23:54:07 | INFO     | cross_validation |   Fold 3/5: train=639 (orig=639, aug=0), val=160, acc=74.38%  [1.3s]
2026-04-30 23:54:07 | DEBUG    | reduction | Scaler fitted on 639 samples, 166 features
2026-04-30 23:54:09 | DEBUG    | reduction | LDA: 166 → 9 discriminant components
2026-04-30 23:54:10 | INFO     | cross_validation |   Fold 4/5: train=639 (orig=639, aug=0), val=160, acc=72.50%  [2.3s]
2026-04-30 23:54:10 | DEBUG    | reduction | Scaler fitted on 640 samples, 166 features
2026-04-30 23:54:11 | DEBUG    | reduction | LDA: 166 → 9 discriminant components
2026-04-30 23:54:12 | INFO     | cross_validation |   Fold 5/5: train=640 (orig=640, aug=0), val=159, acc=72.33%  [1.6s]
2026-04-30 23:54:12 | INFO     | cross_validation |   CV result: 70.72% ± 4.79%
2026-04-30 23:54:12 | INFO     | cross_validation |   Combo 9/12: {'max_features': 'log2', 'min_samples_split': 2, 'n_estimators': 500}
2026-04-30 23:54:12 | DEBUG    | reduction | Scaler fitted on 639 samples, 166 features
2026-04-30 23:54:12 | DEBUG    | reduction | LDA: 166 → 9 discriminant components
2026-04-30 23:54:14 | INFO     | cross_validation |   Fold 1/5: train=639 (orig=639, aug=0), val=160, acc=60.62%  [2.1s]
2026-04-30 23:54:14 | DEBUG    | reduction | Scaler fitted on 639 samples, 166 features
2026-04-30 23:54:14 | DEBUG    | reduction | LDA: 166 → 9 discriminant components
2026-04-30 23:54:16 | INFO     | cross_validation |   Fold 2/5: train=639 (orig=639, aug=0), val=160, acc=73.12%  [2.0s]
2026-04-30 23:54:16 | DEBUG    | reduction | Scaler fitted on 639 samples, 166 features
2026-04-30 23:54:16 | DEBUG    | reduction | LDA: 166 → 9 discriminant components
2026-04-30 23:54:18 | INFO     | cross_validation |   Fold 3/5: train=639 (orig=639, aug=0), val=160, acc=75.62%  [2.0s]
2026-04-30 23:54:18 | DEBUG    | reduction | Scaler fitted on 639 samples, 166 features
2026-04-30 23:54:19 | DEBUG    | reduction | LDA: 166 → 9 discriminant components
2026-04-30 23:54:20 | INFO     | cross_validation |   Fold 4/5: train=639 (orig=639, aug=0), val=160, acc=71.88%  [2.4s]
2026-04-30 23:54:20 | DEBUG    | reduction | Scaler fitted on 640 samples, 166 features
2026-04-30 23:54:20 | DEBUG    | reduction | LDA: 166 → 9 discriminant components
2026-04-30 23:54:22 | INFO     | cross_validation |   Fold 5/5: train=640 (orig=640, aug=0), val=159, acc=74.21%  [1.9s]
2026-04-30 23:54:22 | INFO     | cross_validation |   CV result: 71.09% ± 5.38%
2026-04-30 23:54:22 | INFO     | cross_validation |   Combo 10/12: {'max_features': 'log2', 'min_samples_split': 5, 'n_estimators': 100}
2026-04-30 23:54:22 | DEBUG    | reduction | Scaler fitted on 639 samples, 166 features
2026-04-30 23:54:22 | DEBUG    | reduction | LDA: 166 → 9 discriminant components
2026-04-30 23:54:23 | INFO     | cross_validation |   Fold 1/5: train=639 (orig=639, aug=0), val=160, acc=61.88%  [0.5s]
2026-04-30 23:54:23 | DEBUG    | reduction | Scaler fitted on 639 samples, 166 features
2026-04-30 23:54:23 | DEBUG    | reduction | LDA: 166 → 9 discriminant components
2026-04-30 23:54:23 | INFO     | cross_validation |   Fold 2/5: train=639 (orig=639, aug=0), val=160, acc=70.00%  [0.5s]
2026-04-30 23:54:23 | DEBUG    | reduction | Scaler fitted on 639 samples, 166 features
2026-04-30 23:54:23 | DEBUG    | reduction | LDA: 166 → 9 discriminant components
2026-04-30 23:54:24 | INFO     | cross_validation |   Fold 3/5: train=639 (orig=639, aug=0), val=160, acc=73.12%  [0.5s]
2026-04-30 23:54:24 | DEBUG    | reduction | Scaler fitted on 639 samples, 166 features
2026-04-30 23:54:24 | DEBUG    | reduction | LDA: 166 → 9 discriminant components
2026-04-30 23:54:24 | INFO     | cross_validation |   Fold 4/5: train=639 (orig=639, aug=0), val=160, acc=70.00%  [0.5s]
2026-04-30 23:54:24 | DEBUG    | reduction | Scaler fitted on 640 samples, 166 features
2026-04-30 23:54:25 | DEBUG    | reduction | LDA: 166 → 9 discriminant components
2026-04-30 23:54:25 | INFO     | cross_validation |   Fold 5/5: train=640 (orig=640, aug=0), val=159, acc=71.07%  [0.6s]
2026-04-30 23:54:25 | INFO     | cross_validation |   CV result: 69.21% ± 3.84%
2026-04-30 23:54:25 | INFO     | cross_validation |   Combo 11/12: {'max_features': 'log2', 'min_samples_split': 5, 'n_estimators': 300}
2026-04-30 23:54:25 | DEBUG    | reduction | Scaler fitted on 639 samples, 166 features
2026-04-30 23:54:25 | DEBUG    | reduction | LDA: 166 → 9 discriminant components
2026-04-30 23:54:26 | INFO     | cross_validation |   Fold 1/5: train=639 (orig=639, aug=0), val=160, acc=60.62%  [1.3s]
2026-04-30 23:54:26 | DEBUG    | reduction | Scaler fitted on 639 samples, 166 features
2026-04-30 23:54:27 | DEBUG    | reduction | LDA: 166 → 9 discriminant components
2026-04-30 23:54:28 | INFO     | cross_validation |   Fold 2/5: train=639 (orig=639, aug=0), val=160, acc=72.50%  [1.6s]
2026-04-30 23:54:28 | DEBUG    | reduction | Scaler fitted on 639 samples, 166 features
2026-04-30 23:54:28 | DEBUG    | reduction | LDA: 166 → 9 discriminant components
2026-04-30 23:54:29 | INFO     | cross_validation |   Fold 3/5: train=639 (orig=639, aug=0), val=160, acc=74.38%  [1.5s]
2026-04-30 23:54:29 | DEBUG    | reduction | Scaler fitted on 639 samples, 166 features
2026-04-30 23:54:30 | DEBUG    | reduction | LDA: 166 → 9 discriminant components
2026-04-30 23:54:31 | INFO     | cross_validation |   Fold 4/5: train=639 (orig=639, aug=0), val=160, acc=71.25%  [1.8s]
2026-04-30 23:54:31 | DEBUG    | reduction | Scaler fitted on 640 samples, 166 features
2026-04-30 23:54:31 | DEBUG    | reduction | LDA: 166 → 9 discriminant components
2026-04-30 23:54:33 | INFO     | cross_validation |   Fold 5/5: train=640 (orig=640, aug=0), val=159, acc=72.96%  [1.6s]
2026-04-30 23:54:33 | INFO     | cross_validation |   CV result: 70.34% ± 4.96%
2026-04-30 23:54:33 | INFO     | cross_validation |   Combo 12/12: {'max_features': 'log2', 'min_samples_split': 5, 'n_estimators': 500}
2026-04-30 23:54:33 | DEBUG    | reduction | Scaler fitted on 639 samples, 166 features
2026-04-30 23:54:33 | DEBUG    | reduction | LDA: 166 → 9 discriminant components
2026-04-30 23:54:35 | INFO     | cross_validation |   Fold 1/5: train=639 (orig=639, aug=0), val=160, acc=61.88%  [2.1s]
2026-04-30 23:54:35 | DEBUG    | reduction | Scaler fitted on 639 samples, 166 features
2026-04-30 23:54:35 | DEBUG    | reduction | LDA: 166 → 9 discriminant components
2026-04-30 23:54:37 | INFO     | cross_validation |   Fold 2/5: train=639 (orig=639, aug=0), val=160, acc=72.50%  [2.4s]
2026-04-30 23:54:37 | DEBUG    | reduction | Scaler fitted on 639 samples, 166 features
2026-04-30 23:54:38 | DEBUG    | reduction | LDA: 166 → 9 discriminant components
2026-04-30 23:54:40 | INFO     | cross_validation |   Fold 3/5: train=639 (orig=639, aug=0), val=160, acc=74.38%  [2.3s]
2026-04-30 23:54:40 | DEBUG    | reduction | Scaler fitted on 639 samples, 166 features
2026-04-30 23:54:40 | DEBUG    | reduction | LDA: 166 → 9 discriminant components
2026-04-30 23:54:44 | INFO     | cross_validation |   Fold 4/5: train=639 (orig=639, aug=0), val=160, acc=71.88%  [2.0s]
2026-04-30 23:54:44 | DEBUG    | reduction | Scaler fitted on 640 samples, 166 features
2026-04-30 23:54:45 | DEBUG    | reduction | LDA: 166 → 9 discriminant components
2026-04-30 23:54:47 | INFO     | cross_validation |   Fold 5/5: train=640 (orig=640, aug=0), val=159, acc=72.33%  [2.3s]
2026-04-30 23:54:47 | INFO     | cross_validation |   CV result: 70.59% ± 4.44%
2026-04-30 23:54:47 | INFO     | cross_validation |   Best params: {'max_features': 'sqrt', 'min_samples_split': 2, 'n_estimators': 500}
2026-04-30 23:54:47 | INFO     | cross_validation |   Best CV: 71.09% ± 5.38%
2026-04-30 23:54:47 | INFO     | cross_validation | ✓ grid_search_cv finished in 87.2s
2026-04-30 23:54:47 | INFO     | main | ────────────────────────────────────────────────────────────
2026-04-30 23:54:47 | INFO     | main |   Random Forest [skb, aug]
2026-04-30 23:54:47 | INFO     | main | ────────────────────────────────────────────────────────────
2026-04-30 23:54:47 | INFO     | cross_validation | → grid_search_cv started
2026-04-30 23:54:47 | INFO     | cross_validation | Grid search: 12 parameter combinations × 5 folds
2026-04-30 23:54:47 | INFO     | cross_validation |   Combo 1/12: {'max_features': 'sqrt', 'min_samples_split': 2, 'n_estimators': 100}
2026-04-30 23:54:47 | DEBUG    | reduction | Scaler fitted on 639 samples, 166 features
2026-04-30 23:54:47 | DEBUG    | reduction | SelectKBest: 166 → 80 features
2026-04-30 23:54:47 | INFO     | cross_validation |   Fold 1/5: train=1917 (orig=639, aug=1278), val=160, acc=71.88%  [0.5s]
2026-04-30 23:54:47 | DEBUG    | reduction | Scaler fitted on 639 samples, 166 features
2026-04-30 23:54:47 | DEBUG    | reduction | SelectKBest: 166 → 80 features
2026-04-30 23:54:48 | INFO     | cross_validation |   Fold 2/5: train=1917 (orig=639, aug=1278), val=160, acc=71.88%  [0.5s]
2026-04-30 23:54:48 | DEBUG    | reduction | Scaler fitted on 639 samples, 166 features
2026-04-30 23:54:48 | DEBUG    | reduction | SelectKBest: 166 → 80 features
2026-04-30 23:54:48 | INFO     | cross_validation |   Fold 3/5: train=1917 (orig=639, aug=1278), val=160, acc=72.50%  [0.5s]
2026-04-30 23:54:48 | DEBUG    | reduction | Scaler fitted on 639 samples, 166 features
2026-04-30 23:54:48 | DEBUG    | reduction | SelectKBest: 166 → 80 features
2026-04-30 23:54:49 | INFO     | cross_validation |   Fold 4/5: train=1917 (orig=639, aug=1278), val=160, acc=70.62%  [0.5s]
2026-04-30 23:54:49 | DEBUG    | reduction | Scaler fitted on 640 samples, 166 features
2026-04-30 23:54:49 | DEBUG    | reduction | SelectKBest: 166 → 80 features
2026-04-30 23:54:49 | INFO     | cross_validation |   Fold 5/5: train=1920 (orig=640, aug=1280), val=159, acc=70.44%  [0.5s]
2026-04-30 23:54:49 | INFO     | cross_validation |   CV result: 71.46% ± 0.80%
2026-04-30 23:54:49 | INFO     | cross_validation |   Combo 2/12: {'max_features': 'sqrt', 'min_samples_split': 2, 'n_estimators': 300}
2026-04-30 23:54:49 | DEBUG    | reduction | Scaler fitted on 639 samples, 166 features
2026-04-30 23:54:49 | DEBUG    | reduction | SelectKBest: 166 → 80 features
2026-04-30 23:54:50 | INFO     | cross_validation |   Fold 1/5: train=1917 (orig=639, aug=1278), val=160, acc=76.25%  [1.3s]
2026-04-30 23:54:50 | DEBUG    | reduction | Scaler fitted on 639 samples, 166 features
2026-04-30 23:54:50 | DEBUG    | reduction | SelectKBest: 166 → 80 features
2026-04-30 23:54:52 | INFO     | cross_validation |   Fold 2/5: train=1917 (orig=639, aug=1278), val=160, acc=72.50%  [1.3s]
2026-04-30 23:54:52 | DEBUG    | reduction | Scaler fitted on 639 samples, 166 features
2026-04-30 23:54:52 | DEBUG    | reduction | SelectKBest: 166 → 80 features
2026-04-30 23:54:53 | INFO     | cross_validation |   Fold 3/5: train=1917 (orig=639, aug=1278), val=160, acc=71.88%  [1.2s]
2026-04-30 23:54:53 | DEBUG    | reduction | Scaler fitted on 639 samples, 166 features
2026-04-30 23:54:53 | DEBUG    | reduction | SelectKBest: 166 → 80 features
2026-04-30 23:54:54 | INFO     | cross_validation |   Fold 4/5: train=1917 (orig=639, aug=1278), val=160, acc=72.50%  [1.2s]
2026-04-30 23:54:54 | DEBUG    | reduction | Scaler fitted on 640 samples, 166 features
2026-04-30 23:54:54 | DEBUG    | reduction | SelectKBest: 166 → 80 features
2026-04-30 23:54:55 | INFO     | cross_validation |   Fold 5/5: train=1920 (orig=640, aug=1280), val=159, acc=70.44%  [1.2s]
2026-04-30 23:54:55 | INFO     | cross_validation |   CV result: 72.71% ± 1.92%
2026-04-30 23:54:55 | INFO     | cross_validation |   Combo 3/12: {'max_features': 'sqrt', 'min_samples_split': 2, 'n_estimators': 500}
2026-04-30 23:54:55 | DEBUG    | reduction | Scaler fitted on 639 samples, 166 features
2026-04-30 23:54:55 | DEBUG    | reduction | SelectKBest: 166 → 80 features
2026-04-30 23:54:57 | INFO     | cross_validation |   Fold 1/5: train=1917 (orig=639, aug=1278), val=160, acc=74.38%  [2.0s]
2026-04-30 23:54:57 | DEBUG    | reduction | Scaler fitted on 639 samples, 166 features
2026-04-30 23:54:57 | DEBUG    | reduction | SelectKBest: 166 → 80 features
2026-04-30 23:54:59 | INFO     | cross_validation |   Fold 2/5: train=1917 (orig=639, aug=1278), val=160, acc=71.88%  [2.0s]
2026-04-30 23:54:59 | DEBUG    | reduction | Scaler fitted on 639 samples, 166 features
2026-04-30 23:54:59 | DEBUG    | reduction | SelectKBest: 166 → 80 features
2026-04-30 23:55:01 | INFO     | cross_validation |   Fold 3/5: train=1917 (orig=639, aug=1278), val=160, acc=73.75%  [2.0s]
2026-04-30 23:55:01 | DEBUG    | reduction | Scaler fitted on 639 samples, 166 features
2026-04-30 23:55:01 | DEBUG    | reduction | SelectKBest: 166 → 80 features
2026-04-30 23:55:04 | INFO     | cross_validation |   Fold 4/5: train=1917 (orig=639, aug=1278), val=160, acc=71.88%  [2.1s]
2026-04-30 23:55:04 | DEBUG    | reduction | Scaler fitted on 640 samples, 166 features
2026-04-30 23:55:04 | DEBUG    | reduction | SelectKBest: 166 → 80 features
2026-04-30 23:55:06 | INFO     | cross_validation |   Fold 5/5: train=1920 (orig=640, aug=1280), val=159, acc=71.07%  [2.1s]
2026-04-30 23:55:06 | INFO     | cross_validation |   CV result: 72.59% ± 1.25%
2026-04-30 23:55:06 | INFO     | cross_validation |   Combo 4/12: {'max_features': 'sqrt', 'min_samples_split': 5, 'n_estimators': 100}
2026-04-30 23:55:06 | DEBUG    | reduction | Scaler fitted on 639 samples, 166 features
2026-04-30 23:55:06 | DEBUG    | reduction | SelectKBest: 166 → 80 features
2026-04-30 23:55:06 | INFO     | cross_validation |   Fold 1/5: train=1917 (orig=639, aug=1278), val=160, acc=70.62%  [0.5s]
2026-04-30 23:55:06 | DEBUG    | reduction | Scaler fitted on 639 samples, 166 features
2026-04-30 23:55:06 | DEBUG    | reduction | SelectKBest: 166 → 80 features
2026-04-30 23:55:07 | INFO     | cross_validation |   Fold 2/5: train=1917 (orig=639, aug=1278), val=160, acc=68.12%  [0.5s]
2026-04-30 23:55:07 | DEBUG    | reduction | Scaler fitted on 639 samples, 166 features
2026-04-30 23:55:07 | DEBUG    | reduction | SelectKBest: 166 → 80 features
2026-04-30 23:55:07 | INFO     | cross_validation |   Fold 3/5: train=1917 (orig=639, aug=1278), val=160, acc=72.50%  [0.5s]
2026-04-30 23:55:07 | DEBUG    | reduction | Scaler fitted on 639 samples, 166 features
2026-04-30 23:55:07 | DEBUG    | reduction | SelectKBest: 166 → 80 features
2026-04-30 23:55:08 | INFO     | cross_validation |   Fold 4/5: train=1917 (orig=639, aug=1278), val=160, acc=68.75%  [0.5s]
2026-04-30 23:55:08 | DEBUG    | reduction | Scaler fitted on 640 samples, 166 features
2026-04-30 23:55:08 | DEBUG    | reduction | SelectKBest: 166 → 80 features
2026-04-30 23:55:08 | INFO     | cross_validation |   Fold 5/5: train=1920 (orig=640, aug=1280), val=159, acc=67.30%  [0.5s]
2026-04-30 23:55:08 | INFO     | cross_validation |   CV result: 69.46% ± 1.87%
2026-04-30 23:55:08 | INFO     | cross_validation |   Combo 5/12: {'max_features': 'sqrt', 'min_samples_split': 5, 'n_estimators': 300}
2026-04-30 23:55:08 | DEBUG    | reduction | Scaler fitted on 639 samples, 166 features
2026-04-30 23:55:08 | DEBUG    | reduction | SelectKBest: 166 → 80 features
2026-04-30 23:55:09 | INFO     | cross_validation |   Fold 1/5: train=1917 (orig=639, aug=1278), val=160, acc=72.50%  [1.3s]
2026-04-30 23:55:09 | DEBUG    | reduction | Scaler fitted on 639 samples, 166 features
2026-04-30 23:55:09 | DEBUG    | reduction | SelectKBest: 166 → 80 features
2026-04-30 23:55:11 | INFO     | cross_validation |   Fold 2/5: train=1917 (orig=639, aug=1278), val=160, acc=69.38%  [1.3s]
2026-04-30 23:55:11 | DEBUG    | reduction | Scaler fitted on 639 samples, 166 features
2026-04-30 23:55:11 | DEBUG    | reduction | SelectKBest: 166 → 80 features
2026-04-30 23:55:12 | INFO     | cross_validation |   Fold 3/5: train=1917 (orig=639, aug=1278), val=160, acc=72.50%  [1.2s]
2026-04-30 23:55:12 | DEBUG    | reduction | Scaler fitted on 639 samples, 166 features
2026-04-30 23:55:12 | DEBUG    | reduction | SelectKBest: 166 → 80 features
2026-04-30 23:55:13 | INFO     | cross_validation |   Fold 4/5: train=1917 (orig=639, aug=1278), val=160, acc=71.25%  [1.2s]
2026-04-30 23:55:13 | DEBUG    | reduction | Scaler fitted on 640 samples, 166 features
2026-04-30 23:55:13 | DEBUG    | reduction | SelectKBest: 166 → 80 features
2026-04-30 23:55:14 | INFO     | cross_validation |   Fold 5/5: train=1920 (orig=640, aug=1280), val=159, acc=67.92%  [1.3s]
2026-04-30 23:55:14 | INFO     | cross_validation |   CV result: 70.71% ± 1.80%
2026-04-30 23:55:14 | INFO     | cross_validation |   Combo 6/12: {'max_features': 'sqrt', 'min_samples_split': 5, 'n_estimators': 500}
2026-04-30 23:55:14 | DEBUG    | reduction | Scaler fitted on 639 samples, 166 features
2026-04-30 23:55:14 | DEBUG    | reduction | SelectKBest: 166 → 80 features
2026-04-30 23:55:19 | INFO     | cross_validation |   Fold 1/5: train=1917 (orig=639, aug=1278), val=160, acc=73.75%  [2.1s]
2026-04-30 23:55:19 | DEBUG    | reduction | Scaler fitted on 639 samples, 166 features
2026-04-30 23:55:19 | DEBUG    | reduction | SelectKBest: 166 → 80 features
2026-04-30 23:55:21 | INFO     | cross_validation |   Fold 2/5: train=1917 (orig=639, aug=1278), val=160, acc=70.00%  [2.0s]
2026-04-30 23:55:21 | DEBUG    | reduction | Scaler fitted on 639 samples, 166 features
2026-04-30 23:55:21 | DEBUG    | reduction | SelectKBest: 166 → 80 features
2026-04-30 23:55:23 | INFO     | cross_validation |   Fold 3/5: train=1917 (orig=639, aug=1278), val=160, acc=71.88%  [2.0s]
2026-04-30 23:55:23 | DEBUG    | reduction | Scaler fitted on 639 samples, 166 features
2026-04-30 23:55:23 | DEBUG    | reduction | SelectKBest: 166 → 80 features
2026-04-30 23:55:25 | INFO     | cross_validation |   Fold 4/5: train=1917 (orig=639, aug=1278), val=160, acc=70.62%  [2.0s]
2026-04-30 23:55:25 | DEBUG    | reduction | Scaler fitted on 640 samples, 166 features
2026-04-30 23:55:25 | DEBUG    | reduction | SelectKBest: 166 → 80 features
2026-04-30 23:55:27 | INFO     | cross_validation |   Fold 5/5: train=1920 (orig=640, aug=1280), val=159, acc=68.55%  [2.0s]
2026-04-30 23:55:27 | INFO     | cross_validation |   CV result: 70.96% ± 1.76%
2026-04-30 23:55:27 | INFO     | cross_validation |   Combo 7/12: {'max_features': 'log2', 'min_samples_split': 2, 'n_estimators': 100}
2026-04-30 23:55:27 | DEBUG    | reduction | Scaler fitted on 639 samples, 166 features
2026-04-30 23:55:27 | DEBUG    | reduction | SelectKBest: 166 → 80 features
2026-04-30 23:55:27 | INFO     | cross_validation |   Fold 1/5: train=1917 (orig=639, aug=1278), val=160, acc=73.12%  [0.4s]
2026-04-30 23:55:27 | DEBUG    | reduction | Scaler fitted on 639 samples, 166 features
2026-04-30 23:55:27 | DEBUG    | reduction | SelectKBest: 166 → 80 features
2026-04-30 23:55:28 | INFO     | cross_validation |   Fold 2/5: train=1917 (orig=639, aug=1278), val=160, acc=70.62%  [0.4s]
2026-04-30 23:55:28 | DEBUG    | reduction | Scaler fitted on 639 samples, 166 features
2026-04-30 23:55:28 | DEBUG    | reduction | SelectKBest: 166 → 80 features
2026-04-30 23:55:28 | INFO     | cross_validation |   Fold 3/5: train=1917 (orig=639, aug=1278), val=160, acc=71.25%  [0.4s]
2026-04-30 23:55:28 | DEBUG    | reduction | Scaler fitted on 639 samples, 166 features
2026-04-30 23:55:28 | DEBUG    | reduction | SelectKBest: 166 → 80 features
2026-04-30 23:55:28 | INFO     | cross_validation |   Fold 4/5: train=1917 (orig=639, aug=1278), val=160, acc=70.62%  [0.4s]
2026-04-30 23:55:28 | DEBUG    | reduction | Scaler fitted on 640 samples, 166 features
2026-04-30 23:55:28 | DEBUG    | reduction | SelectKBest: 166 → 80 features
2026-04-30 23:55:29 | INFO     | cross_validation |   Fold 5/5: train=1920 (orig=640, aug=1280), val=159, acc=69.81%  [0.4s]
2026-04-30 23:55:29 | INFO     | cross_validation |   CV result: 71.09% ± 1.12%
2026-04-30 23:55:29 | INFO     | cross_validation |   Combo 8/12: {'max_features': 'log2', 'min_samples_split': 2, 'n_estimators': 300}
2026-04-30 23:55:29 | DEBUG    | reduction | Scaler fitted on 639 samples, 166 features
2026-04-30 23:55:29 | DEBUG    | reduction | SelectKBest: 166 → 80 features
2026-04-30 23:55:30 | INFO     | cross_validation |   Fold 1/5: train=1917 (orig=639, aug=1278), val=160, acc=72.50%  [1.2s]
2026-04-30 23:55:30 | DEBUG    | reduction | Scaler fitted on 639 samples, 166 features
2026-04-30 23:55:30 | DEBUG    | reduction | SelectKBest: 166 → 80 features
2026-04-30 23:55:31 | INFO     | cross_validation |   Fold 2/5: train=1917 (orig=639, aug=1278), val=160, acc=71.25%  [1.2s]
2026-04-30 23:55:31 | DEBUG    | reduction | Scaler fitted on 639 samples, 166 features
2026-04-30 23:55:31 | DEBUG    | reduction | SelectKBest: 166 → 80 features
2026-04-30 23:55:33 | INFO     | cross_validation |   Fold 3/5: train=1917 (orig=639, aug=1278), val=160, acc=72.50%  [1.3s]
2026-04-30 23:55:33 | DEBUG    | reduction | Scaler fitted on 639 samples, 166 features
2026-04-30 23:55:33 | DEBUG    | reduction | SelectKBest: 166 → 80 features
2026-04-30 23:55:34 | INFO     | cross_validation |   Fold 4/5: train=1917 (orig=639, aug=1278), val=160, acc=71.88%  [1.3s]
2026-04-30 23:55:34 | DEBUG    | reduction | Scaler fitted on 640 samples, 166 features
2026-04-30 23:55:34 | DEBUG    | reduction | SelectKBest: 166 → 80 features
2026-04-30 23:55:35 | INFO     | cross_validation |   Fold 5/5: train=1920 (orig=640, aug=1280), val=159, acc=70.44%  [1.2s]
2026-04-30 23:55:35 | INFO     | cross_validation |   CV result: 71.71% ± 0.79%
2026-04-30 23:55:35 | INFO     | cross_validation |   Combo 9/12: {'max_features': 'log2', 'min_samples_split': 2, 'n_estimators': 500}
2026-04-30 23:55:35 | DEBUG    | reduction | Scaler fitted on 639 samples, 166 features
2026-04-30 23:55:35 | DEBUG    | reduction | SelectKBest: 166 → 80 features
2026-04-30 23:55:37 | INFO     | cross_validation |   Fold 1/5: train=1917 (orig=639, aug=1278), val=160, acc=73.12%  [2.1s]
2026-04-30 23:55:37 | DEBUG    | reduction | Scaler fitted on 639 samples, 166 features
2026-04-30 23:55:37 | DEBUG    | reduction | SelectKBest: 166 → 80 features
2026-04-30 23:55:39 | INFO     | cross_validation |   Fold 2/5: train=1917 (orig=639, aug=1278), val=160, acc=71.25%  [2.1s]
2026-04-30 23:55:39 | DEBUG    | reduction | Scaler fitted on 639 samples, 166 features
2026-04-30 23:55:39 | DEBUG    | reduction | SelectKBest: 166 → 80 features
2026-04-30 23:55:41 | INFO     | cross_validation |   Fold 3/5: train=1917 (orig=639, aug=1278), val=160, acc=73.75%  [2.0s]
2026-04-30 23:55:41 | DEBUG    | reduction | Scaler fitted on 639 samples, 166 features
2026-04-30 23:55:41 | DEBUG    | reduction | SelectKBest: 166 → 80 features
2026-04-30 23:55:43 | INFO     | cross_validation |   Fold 4/5: train=1917 (orig=639, aug=1278), val=160, acc=71.88%  [2.0s]
2026-04-30 23:55:43 | DEBUG    | reduction | Scaler fitted on 640 samples, 166 features
2026-04-30 23:55:43 | DEBUG    | reduction | SelectKBest: 166 → 80 features
2026-04-30 23:55:45 | INFO     | cross_validation |   Fold 5/5: train=1920 (orig=640, aug=1280), val=159, acc=69.18%  [2.0s]
2026-04-30 23:55:45 | INFO     | cross_validation |   CV result: 71.84% ± 1.59%
2026-04-30 23:55:45 | INFO     | cross_validation |   Combo 10/12: {'max_features': 'log2', 'min_samples_split': 5, 'n_estimators': 100}
2026-04-30 23:55:45 | DEBUG    | reduction | Scaler fitted on 639 samples, 166 features
2026-04-30 23:55:45 | DEBUG    | reduction | SelectKBest: 166 → 80 features
2026-04-30 23:55:46 | INFO     | cross_validation |   Fold 1/5: train=1917 (orig=639, aug=1278), val=160, acc=75.00%  [0.5s]
2026-04-30 23:55:46 | DEBUG    | reduction | Scaler fitted on 639 samples, 166 features
2026-04-30 23:55:46 | DEBUG    | reduction | SelectKBest: 166 → 80 features
2026-04-30 23:55:46 | INFO     | cross_validation |   Fold 2/5: train=1917 (orig=639, aug=1278), val=160, acc=68.12%  [0.4s]
2026-04-30 23:55:46 | DEBUG    | reduction | Scaler fitted on 639 samples, 166 features
2026-04-30 23:55:46 | DEBUG    | reduction | SelectKBest: 166 → 80 features
2026-04-30 23:55:47 | INFO     | cross_validation |   Fold 3/5: train=1917 (orig=639, aug=1278), val=160, acc=71.88%  [0.4s]
2026-04-30 23:55:47 | DEBUG    | reduction | Scaler fitted on 639 samples, 166 features
2026-04-30 23:55:47 | DEBUG    | reduction | SelectKBest: 166 → 80 features
2026-04-30 23:55:47 | INFO     | cross_validation |   Fold 4/5: train=1917 (orig=639, aug=1278), val=160, acc=68.12%  [0.4s]
2026-04-30 23:55:47 | DEBUG    | reduction | Scaler fitted on 640 samples, 166 features
2026-04-30 23:55:47 | DEBUG    | reduction | SelectKBest: 166 → 80 features
2026-04-30 23:55:47 | INFO     | cross_validation |   Fold 5/5: train=1920 (orig=640, aug=1280), val=159, acc=68.55%  [0.4s]
2026-04-30 23:55:47 | INFO     | cross_validation |   CV result: 70.34% ± 2.72%
2026-04-30 23:55:47 | INFO     | cross_validation |   Combo 11/12: {'max_features': 'log2', 'min_samples_split': 5, 'n_estimators': 300}
2026-04-30 23:55:47 | DEBUG    | reduction | Scaler fitted on 639 samples, 166 features
2026-04-30 23:55:47 | DEBUG    | reduction | SelectKBest: 166 → 80 features
2026-04-30 23:55:49 | INFO     | cross_validation |   Fold 1/5: train=1917 (orig=639, aug=1278), val=160, acc=75.00%  [1.2s]
2026-04-30 23:55:49 | DEBUG    | reduction | Scaler fitted on 639 samples, 166 features
2026-04-30 23:55:49 | DEBUG    | reduction | SelectKBest: 166 → 80 features
2026-04-30 23:55:50 | INFO     | cross_validation |   Fold 2/5: train=1917 (orig=639, aug=1278), val=160, acc=70.62%  [1.2s]
2026-04-30 23:55:50 | DEBUG    | reduction | Scaler fitted on 639 samples, 166 features
2026-04-30 23:55:50 | DEBUG    | reduction | SelectKBest: 166 → 80 features
2026-04-30 23:55:54 | INFO     | cross_validation |   Fold 3/5: train=1917 (orig=639, aug=1278), val=160, acc=74.38%  [1.3s]
2026-04-30 23:55:54 | DEBUG    | reduction | Scaler fitted on 639 samples, 166 features
2026-04-30 23:55:54 | DEBUG    | reduction | SelectKBest: 166 → 80 features
2026-04-30 23:55:55 | INFO     | cross_validation |   Fold 4/5: train=1917 (orig=639, aug=1278), val=160, acc=69.38%  [1.3s]
2026-04-30 23:55:55 | DEBUG    | reduction | Scaler fitted on 640 samples, 166 features
2026-04-30 23:55:55 | DEBUG    | reduction | SelectKBest: 166 → 80 features
2026-04-30 23:55:57 | INFO     | cross_validation |   Fold 5/5: train=1920 (orig=640, aug=1280), val=159, acc=68.55%  [1.3s]
2026-04-30 23:55:57 | INFO     | cross_validation |   CV result: 71.59% ± 2.62%
2026-04-30 23:55:57 | INFO     | cross_validation |   Combo 12/12: {'max_features': 'log2', 'min_samples_split': 5, 'n_estimators': 500}
2026-04-30 23:55:57 | DEBUG    | reduction | Scaler fitted on 639 samples, 166 features
2026-04-30 23:55:57 | DEBUG    | reduction | SelectKBest: 166 → 80 features
2026-04-30 23:55:59 | INFO     | cross_validation |   Fold 1/5: train=1917 (orig=639, aug=1278), val=160, acc=75.00%  [2.2s]
2026-04-30 23:55:59 | DEBUG    | reduction | Scaler fitted on 639 samples, 166 features
2026-04-30 23:55:59 | DEBUG    | reduction | SelectKBest: 166 → 80 features
2026-04-30 23:56:02 | INFO     | cross_validation |   Fold 2/5: train=1917 (orig=639, aug=1278), val=160, acc=72.50%  [2.8s]
2026-04-30 23:56:02 | DEBUG    | reduction | Scaler fitted on 639 samples, 166 features
2026-04-30 23:56:02 | DEBUG    | reduction | SelectKBest: 166 → 80 features
2026-04-30 23:56:04 | INFO     | cross_validation |   Fold 3/5: train=1917 (orig=639, aug=1278), val=160, acc=73.75%  [2.9s]
2026-04-30 23:56:04 | DEBUG    | reduction | Scaler fitted on 639 samples, 166 features
2026-04-30 23:56:04 | DEBUG    | reduction | SelectKBest: 166 → 80 features
2026-04-30 23:56:07 | INFO     | cross_validation |   Fold 4/5: train=1917 (orig=639, aug=1278), val=160, acc=71.88%  [2.5s]
2026-04-30 23:56:07 | DEBUG    | reduction | Scaler fitted on 640 samples, 166 features
2026-04-30 23:56:07 | DEBUG    | reduction | SelectKBest: 166 → 80 features
2026-04-30 23:56:09 | INFO     | cross_validation |   Fold 5/5: train=1920 (orig=640, aug=1280), val=159, acc=68.55%  [2.3s]
2026-04-30 23:56:09 | INFO     | cross_validation |   CV result: 72.34% ± 2.17%
2026-04-30 23:56:09 | INFO     | cross_validation |   Best params: {'max_features': 'sqrt', 'min_samples_split': 2, 'n_estimators': 300}
2026-04-30 23:56:09 | INFO     | cross_validation |   Best CV: 72.71% ± 1.92%
2026-04-30 23:56:09 | INFO     | cross_validation | ✓ grid_search_cv finished in 77.4s
2026-04-30 23:56:09 | INFO     | main | ────────────────────────────────────────────────────────────
2026-04-30 23:56:09 | INFO     | main |   Random Forest [skb, no-aug]
2026-04-30 23:56:09 | INFO     | main | ────────────────────────────────────────────────────────────
2026-04-30 23:56:09 | INFO     | cross_validation | → grid_search_cv started
2026-04-30 23:56:09 | INFO     | cross_validation | Grid search: 12 parameter combinations × 5 folds
2026-04-30 23:56:09 | INFO     | cross_validation |   Combo 1/12: {'max_features': 'sqrt', 'min_samples_split': 2, 'n_estimators': 100}
2026-04-30 23:56:09 | DEBUG    | reduction | Scaler fitted on 639 samples, 166 features
2026-04-30 23:56:09 | DEBUG    | reduction | SelectKBest: 166 → 80 features
2026-04-30 23:56:10 | INFO     | cross_validation |   Fold 1/5: train=639 (orig=639, aug=0), val=160, acc=73.75%  [0.4s]
2026-04-30 23:56:10 | DEBUG    | reduction | Scaler fitted on 639 samples, 166 features
2026-04-30 23:56:10 | DEBUG    | reduction | SelectKBest: 166 → 80 features
2026-04-30 23:56:10 | INFO     | cross_validation |   Fold 2/5: train=639 (orig=639, aug=0), val=160, acc=71.25%  [0.4s]
2026-04-30 23:56:10 | DEBUG    | reduction | Scaler fitted on 639 samples, 166 features
2026-04-30 23:56:10 | DEBUG    | reduction | SelectKBest: 166 → 80 features
2026-04-30 23:56:11 | INFO     | cross_validation |   Fold 3/5: train=639 (orig=639, aug=0), val=160, acc=76.88%  [0.4s]
2026-04-30 23:56:11 | DEBUG    | reduction | Scaler fitted on 639 samples, 166 features
2026-04-30 23:56:11 | DEBUG    | reduction | SelectKBest: 166 → 80 features
2026-04-30 23:56:11 | INFO     | cross_validation |   Fold 4/5: train=639 (orig=639, aug=0), val=160, acc=71.88%  [0.4s]
2026-04-30 23:56:11 | DEBUG    | reduction | Scaler fitted on 640 samples, 166 features
2026-04-30 23:56:11 | DEBUG    | reduction | SelectKBest: 166 → 80 features
2026-04-30 23:56:11 | INFO     | cross_validation |   Fold 5/5: train=640 (orig=640, aug=0), val=159, acc=70.44%  [0.5s]
2026-04-30 23:56:11 | INFO     | cross_validation |   CV result: 72.84% ± 2.29%
2026-04-30 23:56:11 | INFO     | cross_validation |   Combo 2/12: {'max_features': 'sqrt', 'min_samples_split': 2, 'n_estimators': 300}
2026-04-30 23:56:11 | DEBUG    | reduction | Scaler fitted on 639 samples, 166 features
2026-04-30 23:56:11 | DEBUG    | reduction | SelectKBest: 166 → 80 features
2026-04-30 23:56:13 | INFO     | cross_validation |   Fold 1/5: train=639 (orig=639, aug=0), val=160, acc=73.75%  [1.2s]
2026-04-30 23:56:13 | DEBUG    | reduction | Scaler fitted on 639 samples, 166 features
2026-04-30 23:56:13 | DEBUG    | reduction | SelectKBest: 166 → 80 features
2026-04-30 23:56:14 | INFO     | cross_validation |   Fold 2/5: train=639 (orig=639, aug=0), val=160, acc=71.88%  [1.4s]
2026-04-30 23:56:14 | DEBUG    | reduction | Scaler fitted on 639 samples, 166 features
2026-04-30 23:56:14 | DEBUG    | reduction | SelectKBest: 166 → 80 features
2026-04-30 23:56:16 | INFO     | cross_validation |   Fold 3/5: train=639 (orig=639, aug=0), val=160, acc=75.00%  [1.5s]
2026-04-30 23:56:16 | DEBUG    | reduction | Scaler fitted on 639 samples, 166 features
2026-04-30 23:56:16 | DEBUG    | reduction | SelectKBest: 166 → 80 features
2026-04-30 23:56:17 | INFO     | cross_validation |   Fold 4/5: train=639 (orig=639, aug=0), val=160, acc=71.25%  [1.6s]
2026-04-30 23:56:17 | DEBUG    | reduction | Scaler fitted on 640 samples, 166 features
2026-04-30 23:56:17 | DEBUG    | reduction | SelectKBest: 166 → 80 features
2026-04-30 23:56:18 | INFO     | cross_validation |   Fold 5/5: train=640 (orig=640, aug=0), val=159, acc=72.96%  [1.2s]
2026-04-30 23:56:18 | INFO     | cross_validation |   CV result: 72.97% ± 1.33%
2026-04-30 23:56:18 | INFO     | cross_validation |   Combo 3/12: {'max_features': 'sqrt', 'min_samples_split': 2, 'n_estimators': 500}
2026-04-30 23:56:18 | DEBUG    | reduction | Scaler fitted on 639 samples, 166 features
2026-04-30 23:56:18 | DEBUG    | reduction | SelectKBest: 166 → 80 features
2026-04-30 23:56:20 | INFO     | cross_validation |   Fold 1/5: train=639 (orig=639, aug=0), val=160, acc=73.12%  [1.9s]
2026-04-30 23:56:20 | DEBUG    | reduction | Scaler fitted on 639 samples, 166 features
2026-04-30 23:56:20 | DEBUG    | reduction | SelectKBest: 166 → 80 features
2026-04-30 23:56:22 | INFO     | cross_validation |   Fold 2/5: train=639 (orig=639, aug=0), val=160, acc=73.12%  [1.9s]
2026-04-30 23:56:22 | DEBUG    | reduction | Scaler fitted on 639 samples, 166 features
2026-04-30 23:56:22 | DEBUG    | reduction | SelectKBest: 166 → 80 features
2026-04-30 23:56:24 | INFO     | cross_validation |   Fold 3/5: train=639 (orig=639, aug=0), val=160, acc=75.00%  [1.9s]
2026-04-30 23:56:24 | DEBUG    | reduction | Scaler fitted on 639 samples, 166 features
2026-04-30 23:56:24 | DEBUG    | reduction | SelectKBest: 166 → 80 features
2026-04-30 23:56:28 | INFO     | cross_validation |   Fold 4/5: train=639 (orig=639, aug=0), val=160, acc=71.88%  [2.0s]
2026-04-30 23:56:28 | DEBUG    | reduction | Scaler fitted on 640 samples, 166 features
2026-04-30 23:56:28 | DEBUG    | reduction | SelectKBest: 166 → 80 features
2026-04-30 23:56:30 | INFO     | cross_validation |   Fold 5/5: train=640 (orig=640, aug=0), val=159, acc=72.33%  [1.9s]
2026-04-30 23:56:30 | INFO     | cross_validation |   CV result: 73.09% ± 1.07%
2026-04-30 23:56:30 | INFO     | cross_validation |   Combo 4/12: {'max_features': 'sqrt', 'min_samples_split': 5, 'n_estimators': 100}
2026-04-30 23:56:30 | DEBUG    | reduction | Scaler fitted on 639 samples, 166 features
2026-04-30 23:56:30 | DEBUG    | reduction | SelectKBest: 166 → 80 features
2026-04-30 23:56:30 | INFO     | cross_validation |   Fold 1/5: train=639 (orig=639, aug=0), val=160, acc=73.12%  [0.4s]
2026-04-30 23:56:30 | DEBUG    | reduction | Scaler fitted on 639 samples, 166 features
2026-04-30 23:56:30 | DEBUG    | reduction | SelectKBest: 166 → 80 features
2026-04-30 23:56:31 | INFO     | cross_validation |   Fold 2/5: train=639 (orig=639, aug=0), val=160, acc=71.88%  [0.4s]
2026-04-30 23:56:31 | DEBUG    | reduction | Scaler fitted on 639 samples, 166 features
2026-04-30 23:56:31 | DEBUG    | reduction | SelectKBest: 166 → 80 features
2026-04-30 23:56:31 | INFO     | cross_validation |   Fold 3/5: train=639 (orig=639, aug=0), val=160, acc=72.50%  [0.4s]
2026-04-30 23:56:31 | DEBUG    | reduction | Scaler fitted on 639 samples, 166 features
2026-04-30 23:56:31 | DEBUG    | reduction | SelectKBest: 166 → 80 features
2026-04-30 23:56:31 | INFO     | cross_validation |   Fold 4/5: train=639 (orig=639, aug=0), val=160, acc=68.12%  [0.4s]
2026-04-30 23:56:31 | DEBUG    | reduction | Scaler fitted on 640 samples, 166 features
2026-04-30 23:56:31 | DEBUG    | reduction | SelectKBest: 166 → 80 features
2026-04-30 23:56:32 | INFO     | cross_validation |   Fold 5/5: train=640 (orig=640, aug=0), val=159, acc=72.96%  [0.4s]
2026-04-30 23:56:32 | INFO     | cross_validation |   CV result: 71.72% ± 1.85%
2026-04-30 23:56:32 | INFO     | cross_validation |   Combo 5/12: {'max_features': 'sqrt', 'min_samples_split': 5, 'n_estimators': 300}
2026-04-30 23:56:32 | DEBUG    | reduction | Scaler fitted on 639 samples, 166 features
2026-04-30 23:56:32 | DEBUG    | reduction | SelectKBest: 166 → 80 features
2026-04-30 23:56:33 | INFO     | cross_validation |   Fold 1/5: train=639 (orig=639, aug=0), val=160, acc=72.50%  [1.2s]
2026-04-30 23:56:33 | DEBUG    | reduction | Scaler fitted on 639 samples, 166 features
2026-04-30 23:56:33 | DEBUG    | reduction | SelectKBest: 166 → 80 features
2026-04-30 23:56:34 | INFO     | cross_validation |   Fold 2/5: train=639 (orig=639, aug=0), val=160, acc=72.50%  [1.2s]
2026-04-30 23:56:34 | DEBUG    | reduction | Scaler fitted on 639 samples, 166 features
2026-04-30 23:56:34 | DEBUG    | reduction | SelectKBest: 166 → 80 features
2026-04-30 23:56:35 | INFO     | cross_validation |   Fold 3/5: train=639 (orig=639, aug=0), val=160, acc=75.00%  [1.2s]
2026-04-30 23:56:35 | DEBUG    | reduction | Scaler fitted on 639 samples, 166 features
2026-04-30 23:56:35 | DEBUG    | reduction | SelectKBest: 166 → 80 features
2026-04-30 23:56:37 | INFO     | cross_validation |   Fold 4/5: train=639 (orig=639, aug=0), val=160, acc=72.50%  [1.2s]
2026-04-30 23:56:37 | DEBUG    | reduction | Scaler fitted on 640 samples, 166 features
2026-04-30 23:56:37 | DEBUG    | reduction | SelectKBest: 166 → 80 features
2026-04-30 23:56:38 | INFO     | cross_validation |   Fold 5/5: train=640 (orig=640, aug=0), val=159, acc=72.96%  [1.2s]
2026-04-30 23:56:38 | INFO     | cross_validation |   CV result: 73.09% ± 0.97%
2026-04-30 23:56:38 | INFO     | cross_validation |   Combo 6/12: {'max_features': 'sqrt', 'min_samples_split': 5, 'n_estimators': 500}
2026-04-30 23:56:38 | DEBUG    | reduction | Scaler fitted on 639 samples, 166 features
2026-04-30 23:56:38 | DEBUG    | reduction | SelectKBest: 166 → 80 features
2026-04-30 23:56:40 | INFO     | cross_validation |   Fold 1/5: train=639 (orig=639, aug=0), val=160, acc=72.50%  [1.9s]
2026-04-30 23:56:40 | DEBUG    | reduction | Scaler fitted on 639 samples, 166 features
2026-04-30 23:56:40 | DEBUG    | reduction | SelectKBest: 166 → 80 features
2026-04-30 23:56:42 | INFO     | cross_validation |   Fold 2/5: train=639 (orig=639, aug=0), val=160, acc=71.88%  [2.0s]
2026-04-30 23:56:42 | DEBUG    | reduction | Scaler fitted on 639 samples, 166 features
2026-04-30 23:56:42 | DEBUG    | reduction | SelectKBest: 166 → 80 features
2026-04-30 23:56:44 | INFO     | cross_validation |   Fold 3/5: train=639 (orig=639, aug=0), val=160, acc=75.62%  [1.9s]
2026-04-30 23:56:44 | DEBUG    | reduction | Scaler fitted on 639 samples, 166 features
2026-04-30 23:56:44 | DEBUG    | reduction | SelectKBest: 166 → 80 features
2026-04-30 23:56:45 | INFO     | cross_validation |   Fold 4/5: train=639 (orig=639, aug=0), val=160, acc=72.50%  [1.9s]
2026-04-30 23:56:45 | DEBUG    | reduction | Scaler fitted on 640 samples, 166 features
2026-04-30 23:56:45 | DEBUG    | reduction | SelectKBest: 166 → 80 features
2026-04-30 23:56:47 | INFO     | cross_validation |   Fold 5/5: train=640 (orig=640, aug=0), val=159, acc=72.33%  [1.9s]
2026-04-30 23:56:47 | INFO     | cross_validation |   CV result: 72.97% ± 1.35%
2026-04-30 23:56:47 | INFO     | cross_validation |   Combo 7/12: {'max_features': 'log2', 'min_samples_split': 2, 'n_estimators': 100}
2026-04-30 23:56:47 | DEBUG    | reduction | Scaler fitted on 639 samples, 166 features
2026-04-30 23:56:47 | DEBUG    | reduction | SelectKBest: 166 → 80 features
2026-04-30 23:56:48 | INFO     | cross_validation |   Fold 1/5: train=639 (orig=639, aug=0), val=160, acc=73.75%  [0.4s]
2026-04-30 23:56:48 | DEBUG    | reduction | Scaler fitted on 639 samples, 166 features
2026-04-30 23:56:48 | DEBUG    | reduction | SelectKBest: 166 → 80 features
2026-04-30 23:56:48 | INFO     | cross_validation |   Fold 2/5: train=639 (orig=639, aug=0), val=160, acc=73.12%  [0.4s]
2026-04-30 23:56:48 | DEBUG    | reduction | Scaler fitted on 639 samples, 166 features
2026-04-30 23:56:48 | DEBUG    | reduction | SelectKBest: 166 → 80 features
2026-04-30 23:56:49 | INFO     | cross_validation |   Fold 3/5: train=639 (orig=639, aug=0), val=160, acc=72.50%  [0.4s]
2026-04-30 23:56:49 | DEBUG    | reduction | Scaler fitted on 639 samples, 166 features
2026-04-30 23:56:49 | DEBUG    | reduction | SelectKBest: 166 → 80 features
2026-04-30 23:56:49 | INFO     | cross_validation |   Fold 4/5: train=639 (orig=639, aug=0), val=160, acc=72.50%  [0.4s]
2026-04-30 23:56:49 | DEBUG    | reduction | Scaler fitted on 640 samples, 166 features
2026-04-30 23:56:49 | DEBUG    | reduction | SelectKBest: 166 → 80 features
2026-04-30 23:56:49 | INFO     | cross_validation |   Fold 5/5: train=640 (orig=640, aug=0), val=159, acc=72.96%  [0.4s]
2026-04-30 23:56:49 | INFO     | cross_validation |   CV result: 72.97% ± 0.46%
2026-04-30 23:56:49 | INFO     | cross_validation |   Combo 8/12: {'max_features': 'log2', 'min_samples_split': 2, 'n_estimators': 300}
2026-04-30 23:56:49 | DEBUG    | reduction | Scaler fitted on 639 samples, 166 features
2026-04-30 23:56:49 | DEBUG    | reduction | SelectKBest: 166 → 80 features
2026-04-30 23:56:51 | INFO     | cross_validation |   Fold 1/5: train=639 (orig=639, aug=0), val=160, acc=73.12%  [1.1s]
2026-04-30 23:56:51 | DEBUG    | reduction | Scaler fitted on 639 samples, 166 features
2026-04-30 23:56:51 | DEBUG    | reduction | SelectKBest: 166 → 80 features
2026-04-30 23:56:52 | INFO     | cross_validation |   Fold 2/5: train=639 (orig=639, aug=0), val=160, acc=71.88%  [1.1s]
2026-04-30 23:56:52 | DEBUG    | reduction | Scaler fitted on 639 samples, 166 features
2026-04-30 23:56:52 | DEBUG    | reduction | SelectKBest: 166 → 80 features
2026-04-30 23:56:53 | INFO     | cross_validation |   Fold 3/5: train=639 (orig=639, aug=0), val=160, acc=74.38%  [1.1s]
2026-04-30 23:56:53 | DEBUG    | reduction | Scaler fitted on 639 samples, 166 features
2026-04-30 23:56:53 | DEBUG    | reduction | SelectKBest: 166 → 80 features
2026-04-30 23:56:54 | INFO     | cross_validation |   Fold 4/5: train=639 (orig=639, aug=0), val=160, acc=71.25%  [1.1s]
2026-04-30 23:56:54 | DEBUG    | reduction | Scaler fitted on 640 samples, 166 features
2026-04-30 23:56:54 | DEBUG    | reduction | SelectKBest: 166 → 80 features
2026-04-30 23:56:55 | INFO     | cross_validation |   Fold 5/5: train=640 (orig=640, aug=0), val=159, acc=73.58%  [1.1s]
2026-04-30 23:56:55 | INFO     | cross_validation |   CV result: 72.84% ± 1.14%
2026-04-30 23:56:55 | INFO     | cross_validation |   Combo 9/12: {'max_features': 'log2', 'min_samples_split': 2, 'n_estimators': 500}
2026-04-30 23:56:55 | DEBUG    | reduction | Scaler fitted on 639 samples, 166 features
2026-04-30 23:56:55 | DEBUG    | reduction | SelectKBest: 166 → 80 features
2026-04-30 23:56:57 | INFO     | cross_validation |   Fold 1/5: train=639 (orig=639, aug=0), val=160, acc=73.12%  [1.9s]
2026-04-30 23:56:57 | DEBUG    | reduction | Scaler fitted on 639 samples, 166 features
2026-04-30 23:56:57 | DEBUG    | reduction | SelectKBest: 166 → 80 features
2026-04-30 23:56:59 | INFO     | cross_validation |   Fold 2/5: train=639 (orig=639, aug=0), val=160, acc=71.25%  [1.9s]
2026-04-30 23:56:59 | DEBUG    | reduction | Scaler fitted on 639 samples, 166 features
2026-04-30 23:56:59 | DEBUG    | reduction | SelectKBest: 166 → 80 features
2026-04-30 23:57:04 | INFO     | cross_validation |   Fold 3/5: train=639 (orig=639, aug=0), val=160, acc=73.75%  [2.0s]
2026-04-30 23:57:04 | DEBUG    | reduction | Scaler fitted on 639 samples, 166 features
2026-04-30 23:57:04 | DEBUG    | reduction | SelectKBest: 166 → 80 features
2026-04-30 23:57:06 | INFO     | cross_validation |   Fold 4/5: train=639 (orig=639, aug=0), val=160, acc=71.25%  [2.2s]
2026-04-30 23:57:06 | DEBUG    | reduction | Scaler fitted on 640 samples, 166 features
2026-04-30 23:57:06 | DEBUG    | reduction | SelectKBest: 166 → 80 features
2026-04-30 23:57:08 | INFO     | cross_validation |   Fold 5/5: train=640 (orig=640, aug=0), val=159, acc=73.58%  [2.2s]
2026-04-30 23:57:08 | INFO     | cross_validation |   CV result: 72.59% ± 1.11%
2026-04-30 23:57:08 | INFO     | cross_validation |   Combo 10/12: {'max_features': 'log2', 'min_samples_split': 5, 'n_estimators': 100}
2026-04-30 23:57:08 | DEBUG    | reduction | Scaler fitted on 639 samples, 166 features
2026-04-30 23:57:08 | DEBUG    | reduction | SelectKBest: 166 → 80 features
2026-04-30 23:57:09 | INFO     | cross_validation |   Fold 1/5: train=639 (orig=639, aug=0), val=160, acc=72.50%  [0.5s]
2026-04-30 23:57:09 | DEBUG    | reduction | Scaler fitted on 639 samples, 166 features
2026-04-30 23:57:09 | DEBUG    | reduction | SelectKBest: 166 → 80 features
2026-04-30 23:57:09 | INFO     | cross_validation |   Fold 2/5: train=639 (orig=639, aug=0), val=160, acc=68.75%  [0.5s]
2026-04-30 23:57:09 | DEBUG    | reduction | Scaler fitted on 639 samples, 166 features
2026-04-30 23:57:09 | DEBUG    | reduction | SelectKBest: 166 → 80 features
2026-04-30 23:57:10 | INFO     | cross_validation |   Fold 3/5: train=639 (orig=639, aug=0), val=160, acc=73.12%  [0.5s]
2026-04-30 23:57:10 | DEBUG    | reduction | Scaler fitted on 639 samples, 166 features
2026-04-30 23:57:10 | DEBUG    | reduction | SelectKBest: 166 → 80 features
2026-04-30 23:57:10 | INFO     | cross_validation |   Fold 4/5: train=639 (orig=639, aug=0), val=160, acc=70.00%  [0.4s]
2026-04-30 23:57:10 | DEBUG    | reduction | Scaler fitted on 640 samples, 166 features
2026-04-30 23:57:10 | DEBUG    | reduction | SelectKBest: 166 → 80 features
2026-04-30 23:57:11 | INFO     | cross_validation |   Fold 5/5: train=640 (orig=640, aug=0), val=159, acc=71.07%  [0.4s]
2026-04-30 23:57:11 | INFO     | cross_validation |   CV result: 71.09% ± 1.60%
2026-04-30 23:57:11 | INFO     | cross_validation |   Combo 11/12: {'max_features': 'log2', 'min_samples_split': 5, 'n_estimators': 300}
2026-04-30 23:57:11 | DEBUG    | reduction | Scaler fitted on 639 samples, 166 features
2026-04-30 23:57:11 | DEBUG    | reduction | SelectKBest: 166 → 80 features
2026-04-30 23:57:12 | INFO     | cross_validation |   Fold 1/5: train=639 (orig=639, aug=0), val=160, acc=74.38%  [1.3s]
2026-04-30 23:57:12 | DEBUG    | reduction | Scaler fitted on 639 samples, 166 features
2026-04-30 23:57:12 | DEBUG    | reduction | SelectKBest: 166 → 80 features
2026-04-30 23:57:13 | INFO     | cross_validation |   Fold 2/5: train=639 (orig=639, aug=0), val=160, acc=70.00%  [1.2s]
2026-04-30 23:57:13 | DEBUG    | reduction | Scaler fitted on 639 samples, 166 features
2026-04-30 23:57:13 | DEBUG    | reduction | SelectKBest: 166 → 80 features
2026-04-30 23:57:14 | INFO     | cross_validation |   Fold 3/5: train=639 (orig=639, aug=0), val=160, acc=74.38%  [1.2s]
2026-04-30 23:57:14 | DEBUG    | reduction | Scaler fitted on 639 samples, 166 features
2026-04-30 23:57:14 | DEBUG    | reduction | SelectKBest: 166 → 80 features
2026-04-30 23:57:15 | INFO     | cross_validation |   Fold 4/5: train=639 (orig=639, aug=0), val=160, acc=72.50%  [1.2s]
2026-04-30 23:57:15 | DEBUG    | reduction | Scaler fitted on 640 samples, 166 features
2026-04-30 23:57:15 | DEBUG    | reduction | SelectKBest: 166 → 80 features
2026-04-30 23:57:17 | INFO     | cross_validation |   Fold 5/5: train=640 (orig=640, aug=0), val=159, acc=74.21%  [1.1s]
2026-04-30 23:57:17 | INFO     | cross_validation |   CV result: 73.09% ± 1.70%
2026-04-30 23:57:17 | INFO     | cross_validation |   Combo 12/12: {'max_features': 'log2', 'min_samples_split': 5, 'n_estimators': 500}
2026-04-30 23:57:17 | DEBUG    | reduction | Scaler fitted on 639 samples, 166 features
2026-04-30 23:57:17 | DEBUG    | reduction | SelectKBest: 166 → 80 features
2026-04-30 23:57:18 | INFO     | cross_validation |   Fold 1/5: train=639 (orig=639, aug=0), val=160, acc=73.12%  [1.9s]
2026-04-30 23:57:18 | DEBUG    | reduction | Scaler fitted on 639 samples, 166 features
2026-04-30 23:57:18 | DEBUG    | reduction | SelectKBest: 166 → 80 features
2026-04-30 23:57:20 | INFO     | cross_validation |   Fold 2/5: train=639 (orig=639, aug=0), val=160, acc=70.00%  [1.9s]
2026-04-30 23:57:20 | DEBUG    | reduction | Scaler fitted on 639 samples, 166 features
2026-04-30 23:57:20 | DEBUG    | reduction | SelectKBest: 166 → 80 features
2026-04-30 23:57:22 | INFO     | cross_validation |   Fold 3/5: train=639 (orig=639, aug=0), val=160, acc=73.12%  [1.9s]
2026-04-30 23:57:22 | DEBUG    | reduction | Scaler fitted on 639 samples, 166 features
2026-04-30 23:57:22 | DEBUG    | reduction | SelectKBest: 166 → 80 features
2026-04-30 23:57:24 | INFO     | cross_validation |   Fold 4/5: train=639 (orig=639, aug=0), val=160, acc=71.88%  [1.9s]
2026-04-30 23:57:24 | DEBUG    | reduction | Scaler fitted on 640 samples, 166 features
2026-04-30 23:57:24 | DEBUG    | reduction | SelectKBest: 166 → 80 features
2026-04-30 23:57:26 | INFO     | cross_validation |   Fold 5/5: train=640 (orig=640, aug=0), val=159, acc=73.58%  [1.9s]
2026-04-30 23:57:26 | INFO     | cross_validation |   CV result: 72.34% ± 1.30%
2026-04-30 23:57:26 | INFO     | cross_validation |   Best params: {'max_features': 'log2', 'min_samples_split': 5, 'n_estimators': 300}
2026-04-30 23:57:26 | INFO     | cross_validation |   Best CV: 73.09% ± 1.70%
2026-04-30 23:57:26 | INFO     | cross_validation | ✓ grid_search_cv finished in 71.9s
2026-04-30 23:57:26 | INFO     | main | ────────────────────────────────────────────────────────────
2026-04-30 23:57:26 | INFO     | main |   XGBoost [raw, aug]
2026-04-30 23:57:26 | INFO     | main | ────────────────────────────────────────────────────────────
2026-04-30 23:57:26 | INFO     | cross_validation | → grid_search_cv started
2026-04-30 23:57:26 | INFO     | cross_validation | Grid search: 16 parameter combinations × 5 folds
2026-04-30 23:57:26 | INFO     | cross_validation |   Combo 1/16: {'learning_rate': 0.05, 'max_depth': 4, 'n_estimators': 100, 'subsample': 0.8}
2026-04-30 23:57:26 | DEBUG    | reduction | Scaler fitted on 639 samples, 166 features
2026-04-30 23:57:44 | INFO     | cross_validation |   Fold 1/5: train=1917 (orig=639, aug=1278), val=160, acc=73.12%  [16.0s]
2026-04-30 23:57:44 | DEBUG    | reduction | Scaler fitted on 639 samples, 166 features
2026-04-30 23:57:55 | INFO     | cross_validation |   Fold 2/5: train=1917 (orig=639, aug=1278), val=160, acc=74.38%  [10.3s]
2026-04-30 23:57:55 | DEBUG    | reduction | Scaler fitted on 639 samples, 166 features
2026-04-30 23:58:06 | INFO     | cross_validation |   Fold 3/5: train=1917 (orig=639, aug=1278), val=160, acc=74.38%  [11.0s]
2026-04-30 23:58:06 | DEBUG    | reduction | Scaler fitted on 639 samples, 166 features
2026-04-30 23:58:20 | INFO     | cross_validation |   Fold 4/5: train=1917 (orig=639, aug=1278), val=160, acc=71.25%  [11.3s]
2026-04-30 23:58:20 | DEBUG    | reduction | Scaler fitted on 640 samples, 166 features
2026-04-30 23:58:30 | INFO     | cross_validation |   Fold 5/5: train=1920 (orig=640, aug=1280), val=159, acc=72.96%  [10.3s]
2026-04-30 23:58:30 | INFO     | cross_validation |   CV result: 73.22% ± 1.15%
2026-04-30 23:58:30 | INFO     | cross_validation |   Combo 2/16: {'learning_rate': 0.05, 'max_depth': 4, 'n_estimators': 100, 'subsample': 1.0}
2026-04-30 23:58:30 | DEBUG    | reduction | Scaler fitted on 639 samples, 166 features
2026-04-30 23:58:42 | INFO     | cross_validation |   Fold 1/5: train=1917 (orig=639, aug=1278), val=160, acc=71.88%  [11.3s]
2026-04-30 23:58:42 | DEBUG    | reduction | Scaler fitted on 639 samples, 166 features
2026-04-30 23:58:54 | INFO     | cross_validation |   Fold 2/5: train=1917 (orig=639, aug=1278), val=160, acc=74.38%  [9.9s]
2026-04-30 23:58:54 | DEBUG    | reduction | Scaler fitted on 639 samples, 166 features
2026-04-30 23:59:04 | INFO     | cross_validation |   Fold 3/5: train=1917 (orig=639, aug=1278), val=160, acc=74.38%  [10.2s]
2026-04-30 23:59:04 | DEBUG    | reduction | Scaler fitted on 639 samples, 166 features
2026-04-30 23:59:15 | INFO     | cross_validation |   Fold 4/5: train=1917 (orig=639, aug=1278), val=160, acc=71.88%  [10.8s]
2026-04-30 23:59:15 | DEBUG    | reduction | Scaler fitted on 640 samples, 166 features
2026-04-30 23:59:28 | INFO     | cross_validation |   Fold 5/5: train=1920 (orig=640, aug=1280), val=159, acc=74.21%  [10.2s]
2026-04-30 23:59:28 | INFO     | cross_validation |   CV result: 73.34% ± 1.20%
2026-04-30 23:59:28 | INFO     | cross_validation |   Combo 3/16: {'learning_rate': 0.05, 'max_depth': 4, 'n_estimators': 300, 'subsample': 0.8}
2026-04-30 23:59:28 | DEBUG    | reduction | Scaler fitted on 639 samples, 166 features
2026-04-30 23:59:58 | INFO     | cross_validation |   Fold 1/5: train=1917 (orig=639, aug=1278), val=160, acc=77.50%  [30.1s]
2026-04-30 23:59:58 | DEBUG    | reduction | Scaler fitted on 639 samples, 166 features
2026-05-01 00:00:22 | INFO     | cross_validation |   Fold 2/5: train=1917 (orig=639, aug=1278), val=160, acc=78.75%  [20.7s]
2026-05-01 00:00:22 | DEBUG    | reduction | Scaler fitted on 639 samples, 166 features
2026-05-01 00:00:31 | INFO     | cross_validation |   Fold 3/5: train=1917 (orig=639, aug=1278), val=160, acc=75.62%  [8.5s]
2026-05-01 00:00:31 | DEBUG    | reduction | Scaler fitted on 639 samples, 166 features
2026-05-01 00:00:48 | INFO     | cross_validation |   Fold 4/5: train=1917 (orig=639, aug=1278), val=160, acc=72.50%  [16.0s]
2026-05-01 00:00:48 | DEBUG    | reduction | Scaler fitted on 640 samples, 166 features
2026-05-01 00:00:57 | INFO     | cross_validation |   Fold 5/5: train=1920 (orig=640, aug=1280), val=159, acc=74.21%  [8.3s]
2026-05-01 00:00:57 | INFO     | cross_validation |   CV result: 75.72% ± 2.24%
2026-05-01 00:00:57 | INFO     | cross_validation |   Combo 4/16: {'learning_rate': 0.05, 'max_depth': 4, 'n_estimators': 300, 'subsample': 1.0}
2026-05-01 00:00:57 | DEBUG    | reduction | Scaler fitted on 639 samples, 166 features
2026-05-01 00:01:05 | INFO     | cross_validation |   Fold 1/5: train=1917 (orig=639, aug=1278), val=160, acc=77.50%  [8.4s]
2026-05-01 00:01:05 | DEBUG    | reduction | Scaler fitted on 639 samples, 166 features
2026-05-01 00:01:13 | INFO     | cross_validation |   Fold 2/5: train=1917 (orig=639, aug=1278), val=160, acc=76.88%  [8.5s]
2026-05-01 00:01:13 | DEBUG    | reduction | Scaler fitted on 639 samples, 166 features
2026-05-01 00:01:25 | INFO     | cross_validation |   Fold 3/5: train=1917 (orig=639, aug=1278), val=160, acc=75.00%  [8.6s]
2026-05-01 00:01:25 | DEBUG    | reduction | Scaler fitted on 639 samples, 166 features
2026-05-01 00:01:33 | INFO     | cross_validation |   Fold 4/5: train=1917 (orig=639, aug=1278), val=160, acc=70.62%  [8.5s]
2026-05-01 00:01:33 | DEBUG    | reduction | Scaler fitted on 640 samples, 166 features
2026-05-01 00:01:42 | INFO     | cross_validation |   Fold 5/5: train=1920 (orig=640, aug=1280), val=159, acc=75.47%  [8.4s]
2026-05-01 00:01:42 | INFO     | cross_validation |   CV result: 75.09% ± 2.41%
2026-05-01 00:01:42 | INFO     | cross_validation |   Combo 5/16: {'learning_rate': 0.05, 'max_depth': 6, 'n_estimators': 100, 'subsample': 0.8}
2026-05-01 00:01:42 | DEBUG    | reduction | Scaler fitted on 639 samples, 166 features
2026-05-01 00:01:47 | INFO     | cross_validation |   Fold 1/5: train=1917 (orig=639, aug=1278), val=160, acc=76.25%  [5.5s]
2026-05-01 00:01:47 | DEBUG    | reduction | Scaler fitted on 639 samples, 166 features
2026-05-01 00:01:53 | INFO     | cross_validation |   Fold 2/5: train=1917 (orig=639, aug=1278), val=160, acc=75.62%  [5.6s]
2026-05-01 00:01:53 | DEBUG    | reduction | Scaler fitted on 639 samples, 166 features
2026-05-01 00:01:59 | INFO     | cross_validation |   Fold 3/5: train=1917 (orig=639, aug=1278), val=160, acc=73.75%  [5.5s]
2026-05-01 00:01:59 | DEBUG    | reduction | Scaler fitted on 639 samples, 166 features
2026-05-01 00:02:04 | INFO     | cross_validation |   Fold 4/5: train=1917 (orig=639, aug=1278), val=160, acc=73.75%  [5.9s]
2026-05-01 00:02:04 | DEBUG    | reduction | Scaler fitted on 640 samples, 166 features
2026-05-01 00:02:14 | INFO     | cross_validation |   Fold 5/5: train=1920 (orig=640, aug=1280), val=159, acc=72.96%  [6.0s]
2026-05-01 00:02:14 | INFO     | cross_validation |   CV result: 74.47% ± 1.25%
2026-05-01 00:02:14 | INFO     | cross_validation |   Combo 6/16: {'learning_rate': 0.05, 'max_depth': 6, 'n_estimators': 100, 'subsample': 1.0}
2026-05-01 00:02:14 | DEBUG    | reduction | Scaler fitted on 639 samples, 166 features
2026-05-01 00:02:20 | INFO     | cross_validation |   Fold 1/5: train=1917 (orig=639, aug=1278), val=160, acc=73.75%  [6.6s]
2026-05-01 00:02:20 | DEBUG    | reduction | Scaler fitted on 639 samples, 166 features
2026-05-01 00:02:27 | INFO     | cross_validation |   Fold 2/5: train=1917 (orig=639, aug=1278), val=160, acc=75.62%  [7.1s]
2026-05-01 00:02:27 | DEBUG    | reduction | Scaler fitted on 639 samples, 166 features
2026-05-01 00:02:33 | INFO     | cross_validation |   Fold 3/5: train=1917 (orig=639, aug=1278), val=160, acc=70.62%  [6.0s]
2026-05-01 00:02:33 | DEBUG    | reduction | Scaler fitted on 639 samples, 166 features
2026-05-01 00:02:39 | INFO     | cross_validation |   Fold 4/5: train=1917 (orig=639, aug=1278), val=160, acc=70.00%  [6.0s]
2026-05-01 00:02:39 | DEBUG    | reduction | Scaler fitted on 640 samples, 166 features
2026-05-01 00:02:48 | INFO     | cross_validation |   Fold 5/5: train=1920 (orig=640, aug=1280), val=159, acc=69.81%  [6.0s]
2026-05-01 00:02:48 | INFO     | cross_validation |   CV result: 71.96% ± 2.32%
2026-05-01 00:02:48 | INFO     | cross_validation |   Combo 7/16: {'learning_rate': 0.05, 'max_depth': 6, 'n_estimators': 300, 'subsample': 0.8}
2026-05-01 00:02:48 | DEBUG    | reduction | Scaler fitted on 639 samples, 166 features
2026-05-01 00:03:00 | INFO     | cross_validation |   Fold 1/5: train=1917 (orig=639, aug=1278), val=160, acc=78.12%  [12.1s]
2026-05-01 00:03:00 | DEBUG    | reduction | Scaler fitted on 639 samples, 166 features
2026-05-01 00:03:12 | INFO     | cross_validation |   Fold 2/5: train=1917 (orig=639, aug=1278), val=160, acc=77.50%  [12.0s]
2026-05-01 00:03:12 | DEBUG    | reduction | Scaler fitted on 639 samples, 166 features
2026-05-01 00:03:27 | INFO     | cross_validation |   Fold 3/5: train=1917 (orig=639, aug=1278), val=160, acc=78.12%  [12.9s]
2026-05-01 00:03:27 | DEBUG    | reduction | Scaler fitted on 639 samples, 166 features
2026-05-01 00:03:39 | INFO     | cross_validation |   Fold 4/5: train=1917 (orig=639, aug=1278), val=160, acc=71.88%  [12.2s]
2026-05-01 00:03:39 | DEBUG    | reduction | Scaler fitted on 640 samples, 166 features
2026-05-01 00:03:51 | INFO     | cross_validation |   Fold 5/5: train=1920 (orig=640, aug=1280), val=159, acc=74.21%  [11.7s]
2026-05-01 00:03:51 | INFO     | cross_validation |   CV result: 75.97% ± 2.51%
2026-05-01 00:03:51 | INFO     | cross_validation |   Combo 8/16: {'learning_rate': 0.05, 'max_depth': 6, 'n_estimators': 300, 'subsample': 1.0}
2026-05-01 00:03:51 | DEBUG    | reduction | Scaler fitted on 639 samples, 166 features
2026-05-01 00:04:17 | INFO     | cross_validation |   Fold 1/5: train=1917 (orig=639, aug=1278), val=160, acc=75.62%  [23.8s]
2026-05-01 00:04:17 | DEBUG    | reduction | Scaler fitted on 639 samples, 166 features
2026-05-01 00:04:47 | INFO     | cross_validation |   Fold 2/5: train=1917 (orig=639, aug=1278), val=160, acc=77.50%  [26.8s]
2026-05-01 00:04:47 | DEBUG    | reduction | Scaler fitted on 639 samples, 166 features
2026-05-01 00:05:23 | INFO     | cross_validation |   Fold 3/5: train=1917 (orig=639, aug=1278), val=160, acc=76.88%  [33.5s]
2026-05-01 00:05:23 | DEBUG    | reduction | Scaler fitted on 639 samples, 166 features
2026-05-01 00:05:43 | INFO     | cross_validation |   Fold 4/5: train=1917 (orig=639, aug=1278), val=160, acc=70.00%  [17.1s]
2026-05-01 00:05:43 | DEBUG    | reduction | Scaler fitted on 640 samples, 166 features
2026-05-01 00:06:24 | INFO     | cross_validation |   Fold 5/5: train=1920 (orig=640, aug=1280), val=159, acc=72.96%  [41.4s]
2026-05-01 00:06:24 | INFO     | cross_validation |   CV result: 74.59% ± 2.77%
2026-05-01 00:06:24 | INFO     | cross_validation |   Combo 9/16: {'learning_rate': 0.1, 'max_depth': 4, 'n_estimators': 100, 'subsample': 0.8}
2026-05-01 00:06:24 | DEBUG    | reduction | Scaler fitted on 639 samples, 166 features
2026-05-01 00:06:36 | INFO     | cross_validation |   Fold 1/5: train=1917 (orig=639, aug=1278), val=160, acc=76.88%  [11.9s]
2026-05-01 00:06:36 | DEBUG    | reduction | Scaler fitted on 639 samples, 166 features
2026-05-01 00:06:48 | INFO     | cross_validation |   Fold 2/5: train=1917 (orig=639, aug=1278), val=160, acc=76.25%  [11.8s]
2026-05-01 00:06:48 | DEBUG    | reduction | Scaler fitted on 639 samples, 166 features
2026-05-01 00:07:03 | INFO     | cross_validation |   Fold 3/5: train=1917 (orig=639, aug=1278), val=160, acc=76.25%  [12.0s]
2026-05-01 00:07:03 | DEBUG    | reduction | Scaler fitted on 639 samples, 166 features
                                                                                                                                                                                                                                                                                                                                                                                                                                                                                                                                                                                                                                                                              